{
  "authorDailyContributionsMap": {
    "le0tan": [
      {
        "insertions": 172,
        "deletions": 24,
        "date": "2020-01-23",
        "commitResults": [
          {
            "hash": "0c251be66bf3ad4abafbc47583e394ca4e6ffcf1",
            "messageTitle": "Allow multiple arguments in ne/ge/gt/le/lt functions Treat op arg1 arg2 arg3 ... as (arg1 op arg2) \u0026\u0026 (arg1 op arg3) and so on for ne/ge/gt/le/lt.",
            "messageBody": "Closes #6619\n",
            "insertions": 172,
            "deletions": 24
          }
        ]
      }
    ]
  },
  "authorFinalContributionMap": {
    "le0tan": 172
  },
  "authorFileTypeContributionMap": {
    "le0tan": {
      "go": 172
    }
  },
  "authorContributionVariance": {
    "le0tan": 698.2332
  },
  "authorDisplayNameMap": {
    "le0tan": "TAN ..HONG"
  }
}
