{
  "authorDailyContributionsMap": {
    "tiuweehan": [
      {
        "date": "2020-02-03",
        "commitResults": [
          {
            "hash": "9c76a140c7ada8c90e89a0a12b74d48bc8c79829",
            "messageTitle": "docs: fix media library usage (#3181)",
            "messageBody": "",
            "fileTypesAndContributionMap": {
              "md": {
                "insertions": 9,
                "deletions": 5
              }
            }
          }
        ]
      },
      {
        "date": "2020-02-04",
        "commitResults": [
          {
            "hash": "fc91bf8781e65ce1dc946363dbb10419a145c66b",
            "messageTitle": "fix(locale): remove hard coded strings (#3193)",
            "messageBody": "",
            "fileTypesAndContributionMap": {
              "gitignore": {
                "insertions": 2,
                "deletions": 1
              },
              "js": {
                "insertions": 106,
                "deletions": 38
              }
            }
          }
        ]
      },
      {
        "date": "2020-02-28",
        "commitResults": [
          {
            "hash": "7c45a3cda983be427864a56e58791565eb9232e2",
            "messageTitle": "fix(locale): Remove hard coded string literals (#3333)",
            "messageBody": "",
            "fileTypesAndContributionMap": {
              "js": {
                "insertions": 216,
                "deletions": 6
              }
            }
          }
        ]
      }
    ]
  },
  "authorFileTypeContributionMap": {
    "tiuweehan": {
      "gitignore": 1,
      "js": 306,
      "md": 8
    }
  },
  "authorContributionVariance": {
    "tiuweehan": 771.76794
  },
  "authorDisplayNameMap": {
    "tiuweehan": "TIU .. HAN"
  }
}
