{
  "authorDailyContributionsMap": {
    "anubh-v": [
      {
        "insertions": 87,
        "deletions": 0,
        "date": "2020-03-24",
        "commitResults": [
          {
            "hash": "d900b13ad9bb3f2eebba48a2734be6d8093c5cd0",
            "messageTitle": "Issue #7666: Add documentation examples for InnerAssignment check",
            "messageBody": "",
            "insertions": 87,
            "deletions": 0
          }
        ]
      }
    ]
  },
  "authorFinalContributionMap": {
    "anubh-v": 87
  },
  "authorFileTypeContributionMap": {
    "anubh-v": {
      "java": 44,
      "xml": 43
    }
  },
  "authorContributionVariance": {
    "anubh-v": 65.24506
  },
  "authorDisplayNameMap": {
    "anubh-v": "ANUB..BHAV"
  }
}
