{
  "authorDailyContributionsMap": {
    "Tejas2805": [
      {
        "insertions": 179,
        "deletions": 34,
        "date": "2020-02-13",
        "commitResults": [
          {
            "hash": "2f009193684654b07c85d22935688129e05aae04",
            "messageTitle": "Add siteNav bar (#69)",
            "messageBody": "",
            "insertions": 179,
            "deletions": 34
          }
        ]
      }
    ],
    "jamessspanggg": [
      {
        "insertions": 40,
        "deletions": 36,
        "date": "2020-04-04",
        "commitResults": [
          {
            "hash": "cee419529e23ff424567376d2d6e3bebddb77047",
            "messageTitle": "Fix broken links and formatting (#71)",
            "messageBody": "",
            "insertions": 40,
            "deletions": 36
          }
        ]
      },
      {
        "insertions": 105,
        "deletions": 366,
        "date": "2020-04-05",
        "commitResults": [
          {
            "hash": "f360ab8d81be845c4ab6eb09c390b1e83c7e9aca",
            "messageTitle": "Adjust pageNav (#76)",
            "messageBody": "",
            "insertions": 11,
            "deletions": 11
          },
          {
            "hash": "0b2f76b561f83531cb71305d4d9daaec9dcd34b3",
            "messageTitle": "[#40] Remove duplication of answers (#73)",
            "messageBody": "",
            "insertions": 28,
            "deletions": 40
          },
          {
            "hash": "ca7d1ee761458920bf437267ee55ccf8651e8eba",
            "messageTitle": "Remove all preview.md and topicToc.md (#78)",
            "messageBody": "",
            "insertions": 66,
            "deletions": 315
          }
        ]
      },
      {
        "insertions": 25,
        "deletions": 9,
        "date": "2020-04-06",
        "commitResults": [
          {
            "hash": "f6051655a88401597e8d34e134ffb60a05a7ab10",
            "messageTitle": "Fix empty LOs (#79)",
            "messageBody": "",
            "insertions": 25,
            "deletions": 9
          }
        ]
      }
    ]
  },
  "authorFinalContributionMap": {
    "Tejas2805": 136,
    "jamessspanggg": 133
  },
  "authorFileTypeContributionMap": {
    "Tejas2805": {
      "md": 136
    },
    "jamessspanggg": {
      "md": 133
    }
  },
  "authorContributionVariance": {
    "Tejas2805": 351.6764,
    "jamessspanggg": 1766.686
  },
  "authorDisplayNameMap": {
    "Tejas2805": "TEJA..ANIA",
    "jamessspanggg": "JAME.. WAI"
  }
}
