{
  "authorDailyContributionsMap": {
    "ccyccyccy": [],
    "Parcly-Taxel": [],
    "niqiukun": [],
    "openorclose": [
      {
        "insertions": 0,
        "deletions": 652,
        "date": "2020-03-30",
        "commitResults": [
          {
            "hash": "ddbbd32bfac334734b3cb0a24e90572c44cfa320",
            "messageTitle": "Remove uneeded components (#135)",
            "messageBody": "* Remove uneeded components\r\n\r\nWe have migrated popovers, tooltips,\r\nmodals, and triggers to bootstrap-vue.\r\n\r\nLet\u0027s remove these from vue-strap.\r\n\r\n* Remove GlobalEventBus.js",
            "fileTypesAndContributionMap": {
              "vue": {
                "insertions": 0,
                "deletions": 415
              },
              "js": {
                "insertions": 0,
                "deletions": 237
              }
            }
          }
        ]
      }
    ],
    "yash-chowdhary": [
      {
        "insertions": 15,
        "deletions": 4,
        "date": "2020-02-04",
        "commitResults": [
          {
            "hash": "94ca196c05d5bdf520c68f0c5c2ca7a12e2d64c4",
            "messageTitle": "TipBox.vue: Support different size icons (#124)",
            "messageBody": "",
            "fileTypesAndContributionMap": {
              "vue": {
                "insertions": 15,
                "deletions": 4
              }
            }
          }
        ]
      },
      {
        "insertions": 2,
        "deletions": 0,
        "date": "2020-03-30",
        "commitResults": [
          {
            "hash": "4457c73a6d07185a70f14e4b8020b8e888e1f797",
            "messageTitle": "Align and use fixed widths for icons (#131)",
            "messageBody": "",
            "fileTypesAndContributionMap": {
              "vue": {
                "insertions": 2,
                "deletions": 0
              }
            }
          }
        ]
      },
      {
        "insertions": 1,
        "deletions": 1,
        "date": "2020-04-13",
        "commitResults": [
          {
            "hash": "1f87c31c18624eef4d4d0a432cc76ad456f00f6f",
            "messageTitle": "Use min-width property instead of width (#142)",
            "messageBody": "",
            "fileTypesAndContributionMap": {
              "vue": {
                "insertions": 1,
                "deletions": 1
              }
            }
          }
        ]
      }
    ],
    "Tejas2805": [],
    "dvrylc": [],
    "j-lum": [],
    "iskandarzulkarnaien": [],
    "xantho09": [],
    "0blivious": [],
    "hcwong": [
      {
        "insertions": 43,
        "deletions": 2,
        "date": "2020-01-12",
        "commitResults": [
          {
            "hash": "9ff5b0bc3e4a9f1245e8fdbfcdc4ca14be958358",
            "messageTitle": "Add light style to box (#119)",
            "messageBody": "",
            "fileTypesAndContributionMap": {
              "vue": {
                "insertions": 43,
                "deletions": 2
              }
            }
          }
        ]
      },
      {
        "insertions": 3,
        "deletions": 6,
        "date": "2020-02-15",
        "commitResults": [
          {
            "hash": "4e05ce5d01ed76c0e4505334209d5eedd7e28777",
            "messageTitle": "Fix underline to include fas icons (#127)",
            "messageBody": "",
            "fileTypesAndContributionMap": {
              "vue": {
                "insertions": 3,
                "deletions": 6
              }
            }
          }
        ]
      }
    ],
    "ang-zeyu": [
      {
        "insertions": 34,
        "deletions": 5,
        "date": "2019-12-14",
        "commitResults": [
          {
            "hash": "3a7ead42e84cc7f9c17b3deedb667c0c855e763f",
            "messageTitle": "Add heading functionality to box (#116)",
            "messageBody": "",
            "fileTypesAndContributionMap": {
              "vue": {
                "insertions": 34,
                "deletions": 5
              }
            }
          }
        ]
      },
      {
        "insertions": 668,
        "deletions": 422,
        "date": "2019-12-23",
        "commitResults": [
          {
            "hash": "c2c8d071e585d9f15b2a23a15011df8811e1ce59",
            "messageTitle": "Add minimal type panels (#117)",
            "messageBody": "",
            "fileTypesAndContributionMap": {
              "vue": {
                "insertions": 489,
                "deletions": 422
              },
              "js": {
                "insertions": 179,
                "deletions": 0
              }
            }
          }
        ]
      },
      {
        "insertions": 81,
        "deletions": 310,
        "date": "2020-02-03",
        "commitResults": [
          {
            "hash": "96adcfb15cc90d7ccba796ab5771267eccfdef9a",
            "messageTitle": "Move markdown-it parsing to /markbind (#120)",
            "messageBody": "Markdown passed in attributes are being rendered in\r\nthe client.\r\n\r\nThis results in a dependency on the markdown parsing\r\nlibrary ( markdown-it ) on the client bloating the resulting\r\nbundle size for /vue-strap. It also slows webpage loading,\r\nespecially on older devices. Moreover, /markbind already\r\nparses some amount of markdown in attributes for other\r\npurposes when building the site. This results in a less\r\ncohesive codebase.\r\n\r\nLet\u0027s rewrite the templates to use vue\u0027s slots for\r\ndisplaying the rendered html previously present\r\nin attributes.",
            "fileTypesAndContributionMap": {
              "css": {
                "insertions": 0,
                "deletions": 3
              },
              "vue": {
                "insertions": 77,
                "deletions": 78
              },
              "json": {
                "insertions": 0,
                "deletions": 9
              },
              "js": {
                "insertions": 4,
                "deletions": 220
              }
            }
          }
        ]
      },
      {
        "insertions": 189,
        "deletions": 82,
        "date": "2020-02-15",
        "commitResults": [
          {
            "hash": "400a3d6407ad0c68f22e0cff6ef105375ab218ad",
            "messageTitle": "Organize searchbar interface results by page (#126)",
            "messageBody": "Search results belonging to the same page display as individual entries,\r\nshowing the page title multiple times.\r\nResults are also not organized by page, but by the total number of\r\nmatches in the page title, heading and keywords with the search term.\r\nWhen a page title is not specified in the site config, the search result\r\ndisplays an empty block of vertical space.\r\n\r\nThis can lead to a less pleasant user experience with the searchbar.\r\n\r\nLet’s redesign the searchbar user interface, organizing results by page.\r\nResults belonging to the same page are sorted by the number of\r\nmatches, and pages are sorted according to the total number of its\r\nmatches in the page’s headings and keywords.\r\nLet’s use the page’s src as a fallback title if the title is absent.",
            "fileTypesAndContributionMap": {
              "vue": {
                "insertions": 189,
                "deletions": 82
              }
            }
          }
        ]
      },
      {
        "insertions": 96,
        "deletions": 42,
        "date": "2020-02-22",
        "commitResults": [
          {
            "hash": "dcec9de248b5c436a39a0725659e66120797bac0",
            "messageTitle": "Enhance box component heading (#118)",
            "messageBody": "Box headings are anchored to the top right corner of the box.\r\nSuch a heading style causes the box content to overflow at times.\r\n\r\nUsing the new seamless option with the light option causes unintended\r\noutput as well.\r\n\r\nLet’s enhance the box component heading style, using a separate top\r\nhorizontal section instead, fixing the content overflow.\r\n\r\nIn addition, let’s support markdown parsing for the header, which pairs\r\nNicely with the new support for various icon sizes.\r\n\r\nLastly, let’s give the light option priority over the seamless option if\r\nboth options are mistakenly used.",
            "fileTypesAndContributionMap": {
              "vue": {
                "insertions": 96,
                "deletions": 42
              }
            }
          }
        ]
      },
      {
        "insertions": 128,
        "deletions": 54,
        "date": "2020-03-21",
        "commitResults": [
          {
            "hash": "e8ac30980f59d6558fef4b46dfb3c1b55f7faa5a",
            "messageTitle": "Add panel expand and collapse transitions (#132)",
            "messageBody": "When a panel is expanded or collapsed, the panel’s content is also\r\ninstantly shown or hidden.\r\n\r\nMoreover, when a panel is collapsed, the scroll position of the browser\r\nstays the same, possibly showing the user a distant area of the page.\r\nThis can cause the reader to feel lost after collapsing the panel.\r\n\r\nLet’s add panel expand and collapse transitions to panels.\r\nAdditionally, when a panel is collapsed, the reader’s scroll position is\r\nsmoothly animated back to the collapsed panel if the top of the panel\r\nis out of the reader’s view.",
            "fileTypesAndContributionMap": {
              "vue": {
                "insertions": 91,
                "deletions": 28
              },
              "js": {
                "insertions": 37,
                "deletions": 26
              }
            }
          }
        ]
      },
      {
        "insertions": 30,
        "deletions": 5,
        "date": "2020-03-30",
        "commitResults": [
          {
            "hash": "cc4c4d327625b89d0c960b03b97454ead3b80419",
            "messageTitle": "Add zero bottom margin to last child of tip boxes (#133)",
            "messageBody": "",
            "fileTypesAndContributionMap": {
              "vue": {
                "insertions": 4,
                "deletions": 0
              }
            }
          },
          {
            "hash": "400d198a771ebb922b7c710380260f036a8c0193",
            "messageTitle": "Fix cropped nested expandable content in panels (#137)",
            "messageBody": "After finishing the panel expand animation or before the collapse\r\nanimation, the max height of the panel content wrapper is not\r\nreset to their appropriate values.\r\nThis causes expandable content inside panels, such as nested panels.\r\n\r\nLet’s do so, allowing the outer panel to react to changes in its\r\ncontent height after expanding it.",
            "fileTypesAndContributionMap": {
              "vue": {
                "insertions": 4,
                "deletions": 0
              },
              "js": {
                "insertions": 22,
                "deletions": 5
              }
            }
          }
        ]
      },
      {
        "insertions": 167,
        "deletions": 128,
        "date": "2020-04-04",
        "commitResults": [
          {
            "hash": "4811dc61370e0c917f6d1702cbc30aad451e1746",
            "messageTitle": "Update dependencies and restructure webpack config (#130)",
            "messageBody": "The vue-strap fork is using highly outdated dependencies, which results\r\nin being unable to use some new features of vue-loader which can be\r\nhelpful in development.\r\n\r\nLet’s update these dependencies, and restructure the webpack configs to\r\naccommodate webpack 4.\r\nLet’s also refactor the npm build script to only build the minified\r\nbundle, while also preserving the ability to build the non-minified\r\nbundle with a builddev script.",
            "fileTypesAndContributionMap": {
              "json": {
                "insertions": 26,
                "deletions": 25
              },
              "js": {
                "insertions": 108,
                "deletions": 75
              }
            }
          },
          {
            "hash": "6d2d1914de07c29289d979a904d8a4fc53841aaf",
            "messageTitle": "Fix panel max height for older browsers (#139)",
            "messageBody": "",
            "fileTypesAndContributionMap": {
              "js": {
                "insertions": 3,
                "deletions": 3
              }
            }
          },
          {
            "hash": "7f45fe75c5875dd68021455b3b78a678e6053510",
            "messageTitle": "Increase panel animation speed (#138)",
            "messageBody": "",
            "fileTypesAndContributionMap": {
              "vue": {
                "insertions": 2,
                "deletions": 2
              },
              "js": {
                "insertions": 1,
                "deletions": 1
              }
            }
          },
          {
            "hash": "a296496e109de1bc00c80d3b43caae72bc7d5b5c",
            "messageTitle": "Refactor panel onHeaderHover to css (#140)",
            "messageBody": "The panel component uses a data variable, onHeaderHover, to trigger\r\ncss changes of its various buttons.\r\n\r\nLet’s refactor this to use the css hover pseudo selector instead, which\r\nincreases code readability and maintenance of the component.",
            "fileTypesAndContributionMap": {
              "vue": {
                "insertions": 27,
                "deletions": 21
              },
              "js": {
                "insertions": 0,
                "deletions": 1
              }
            }
          }
        ]
      }
    ],
    "geshuming": [],
    "alyip98": [],
    "nbriannl": [
      {
        "insertions": 42,
        "deletions": 8,
        "date": "2020-03-08",
        "commitResults": [
          {
            "hash": "d31290b764fa379e1bbf2e944451ac5e27b8761f",
            "messageTitle": "Implement no-* attributes for \u003cbox\u003e (#129)",
            "messageBody": "",
            "fileTypesAndContributionMap": {
              "vue": {
                "insertions": 42,
                "deletions": 8
              }
            }
          }
        ]
      }
    ],
    "le0tan": [
      {
        "insertions": 2,
        "deletions": 2,
        "date": "2020-01-18",
        "commitResults": [
          {
            "hash": "e9c4ec9b8966ba1ea7032b9294bb68651527e804",
            "messageTitle": "Allow embedded HTML in dropdown (#122)",
            "messageBody": "",
            "fileTypesAndContributionMap": {
              "vue": {
                "insertions": 2,
                "deletions": 2
              }
            }
          }
        ]
      },
      {
        "insertions": 1,
        "deletions": 1,
        "date": "2020-01-21",
        "commitResults": [
          {
            "hash": "0cdb16d37bbc9a881fda7f9fd3518b6ecfbd9cfe",
            "messageTitle": "Bump node-sass version to v4.0.0 (#121)",
            "messageBody": "node-sass@3.10.1 does not build on nodejs 12.14.1 (LTS). The package is \r\ntoo old, so it uses features of nodejs that has been made obsolete,\r\nresulting in a failed build when the package is building its C++\r\nlibraries.\r\n\r\nLet\u0027s upgrade to node-sass@4.0.0. A simple run of `npm build` seems to\r\nindicate that there\u0027s no changes to our `dist` builds, hence we should \r\nnot expect any broken changes.",
            "fileTypesAndContributionMap": {
              "json": {
                "insertions": 1,
                "deletions": 1
              }
            }
          }
        ]
      },
      {
        "insertions": 36,
        "deletions": 7,
        "date": "2020-02-04",
        "commitResults": [
          {
            "hash": "8d23dcc966ec76b016cf32df53db888767b21740",
            "messageTitle": "Provide options to toggle \"seamless\" style of box (#125)",
            "messageBody": "",
            "fileTypesAndContributionMap": {
              "vue": {
                "insertions": 36,
                "deletions": 7
              }
            }
          }
        ]
      },
      {
        "insertions": 99,
        "deletions": 85,
        "date": "2020-02-22",
        "commitResults": [
          {
            "hash": "cf40b6402570736cf61ad146a593541032fa3e00",
            "messageTitle": "Provide options to toggle fixed navbar (#123)",
            "messageBody": "",
            "fileTypesAndContributionMap": {
              "vue": {
                "insertions": 93,
                "deletions": 72
              }
            }
          },
          {
            "hash": "04dd7e210f6cabea02c0e6e766869a1b1ea155ab",
            "messageTitle": "Add markdown support for dropdown header (#128)",
            "messageBody": "",
            "fileTypesAndContributionMap": {
              "vue": {
                "insertions": 6,
                "deletions": 13
              }
            }
          }
        ]
      },
      {
        "insertions": 4,
        "deletions": 4,
        "date": "2020-03-21",
        "commitResults": [
          {
            "hash": "fa30a48263648cc2baec3480aa81cd283de2b74b",
            "messageTitle": "Rename tipbox _icon slot to icon",
            "messageBody": "",
            "fileTypesAndContributionMap": {
              "vue": {
                "insertions": 4,
                "deletions": 4
              }
            }
          }
        ]
      }
    ],
    "madanalogy": [],
    "daekoon": []
  },
  "authorFinalContributionMap": {
    "ccyccyccy": 0,
    "Parcly-Taxel": 0,
    "niqiukun": 0,
    "openorclose": 0,
    "yash-chowdhary": 12,
    "Tejas2805": 0,
    "dvrylc": 0,
    "j-lum": 0,
    "iskandarzulkarnaien": 0,
    "xantho09": 0,
    "0blivious": 0,
    "hcwong": 38,
    "ang-zeyu": 1160,
    "geshuming": 0,
    "alyip98": 0,
    "nbriannl": 37,
    "le0tan": 59,
    "madanalogy": 0,
    "daekoon": 0
  },
  "authorFileTypeContributionMap": {
    "ccyccyccy": {
      "java": 0,
      "js": 0,
      "css": 0,
      "json": 0,
      "md": 0,
      "py": 0,
      "vue": 0
    },
    "Parcly-Taxel": {
      "java": 0,
      "js": 0,
      "css": 0,
      "json": 0,
      "md": 0,
      "py": 0,
      "vue": 0
    },
    "niqiukun": {
      "java": 0,
      "js": 0,
      "css": 0,
      "json": 0,
      "md": 0,
      "py": 0,
      "vue": 0
    },
    "openorclose": {
      "java": 0,
      "js": 0,
      "css": 0,
      "json": 0,
      "md": 0,
      "py": 0,
      "vue": 0
    },
    "yash-chowdhary": {
      "java": 0,
      "js": 0,
      "css": 0,
      "json": 0,
      "md": 0,
      "py": 0,
      "vue": 12
    },
    "Tejas2805": {
      "java": 0,
      "js": 0,
      "css": 0,
      "json": 0,
      "md": 0,
      "py": 0,
      "vue": 0
    },
    "dvrylc": {
      "java": 0,
      "js": 0,
      "css": 0,
      "json": 0,
      "md": 0,
      "py": 0,
      "vue": 0
    },
    "j-lum": {
      "java": 0,
      "js": 0,
      "css": 0,
      "json": 0,
      "md": 0,
      "py": 0,
      "vue": 0
    },
    "iskandarzulkarnaien": {
      "java": 0,
      "js": 0,
      "css": 0,
      "json": 0,
      "md": 0,
      "py": 0,
      "vue": 0
    },
    "xantho09": {
      "java": 0,
      "js": 0,
      "css": 0,
      "json": 0,
      "md": 0,
      "py": 0,
      "vue": 0
    },
    "0blivious": {
      "java": 0,
      "js": 0,
      "css": 0,
      "json": 0,
      "md": 0,
      "py": 0,
      "vue": 0
    },
    "hcwong": {
      "java": 0,
      "js": 0,
      "css": 0,
      "json": 0,
      "md": 0,
      "py": 0,
      "vue": 38
    },
    "ang-zeyu": {
      "java": 0,
      "js": 286,
      "css": 0,
      "json": 26,
      "md": 0,
      "py": 0,
      "vue": 848
    },
    "geshuming": {
      "java": 0,
      "js": 0,
      "css": 0,
      "json": 0,
      "md": 0,
      "py": 0,
      "vue": 0
    },
    "alyip98": {
      "java": 0,
      "js": 0,
      "css": 0,
      "json": 0,
      "md": 0,
      "py": 0,
      "vue": 0
    },
    "nbriannl": {
      "java": 0,
      "js": 0,
      "css": 0,
      "json": 0,
      "md": 0,
      "py": 0,
      "vue": 37
    },
    "le0tan": {
      "java": 0,
      "js": 0,
      "css": 0,
      "json": 0,
      "md": 0,
      "py": 0,
      "vue": 59
    },
    "madanalogy": {
      "java": 0,
      "js": 0,
      "css": 0,
      "json": 0,
      "md": 0,
      "py": 0,
      "vue": 0
    },
    "daekoon": {
      "java": 0,
      "js": 0,
      "css": 0,
      "json": 0,
      "md": 0,
      "py": 0,
      "vue": 0
    }
  },
  "authorContributionVariance": {
    "ccyccyccy": 0.0,
    "Parcly-Taxel": 0.0,
    "niqiukun": 0.0,
    "openorclose": 3125.5916,
    "yash-chowdhary": 2.7043052,
    "Tejas2805": 0.0,
    "dvrylc": 0.0,
    "j-lum": 0.0,
    "iskandarzulkarnaien": 0.0,
    "xantho09": 0.0,
    "0blivious": 0.0,
    "hcwong": 15.43997,
    "ang-zeyu": 11201.706,
    "geshuming": 0.0,
    "alyip98": 0.0,
    "nbriannl": 18.381355,
    "le0tan": 261.91705,
    "madanalogy": 0.0,
    "daekoon": 0.0
  },
  "authorDisplayNameMap": {
    "ccyccyccy": "CHON..YUAN",
    "Parcly-Taxel": "JERE..ERUI",
    "niqiukun": "NI T..ZHEN",
    "openorclose": "DARY.. TAN",
    "yash-chowdhary": "YASH..HARY",
    "Tejas2805": "TEJA..ANIA",
    "dvrylc": "CHAN..ARYL",
    "j-lum": "LUM ..FFRY",
    "iskandarzulkarnaien": "ISKA..AINI",
    "xantho09": "MUHA..INAL",
    "0blivious": "LIU ..IWEN",
    "hcwong": "JOSH..HIEN",
    "ang-zeyu": "ANG ..E YU",
    "geshuming": "GE S..MING",
    "alyip98": "YIP ..YEUN",
    "nbriannl": "LABA..RIDO",
    "le0tan": "TAN ..HONG",
    "madanalogy": "MUHA..JJAJ",
    "daekoon": "LIM ..KOON"
  }
}
