{
  "repoSenseVersion": "2303c464ee",
  "reportGeneratedTime": "Sun Apr 5 05:48:55 2020 UTC",
  "reportGenerationTime": " 6 minute(s) 18.98 second(s)",
  "repos": [
    {
      "location": {
        "location": "https://github.com/markbind/markbind.git",
        "repoName": "markbind",
        "organization": "markbind"
      },
      "branch": "master",
      "displayName": "markbind/markbind[master]",
      "outputFolderName": "markbind_markbind_master"
    },
    {
      "location": {
        "location": "https://github.com/markbind/vue-strap.git",
        "repoName": "vue-strap",
        "organization": "markbind"
      },
      "branch": "master",
      "displayName": "markbind/vue-strap[master]",
      "outputFolderName": "markbind_vue-strap_master"
    },
    {
      "location": {
        "location": "https://github.com/powerpointlabs/powerpointlabs.git",
        "repoName": "powerpointlabs",
        "organization": "powerpointlabs"
      },
      "branch": "dev-release",
      "displayName": "powerpointlabs/powerpointlabs[dev-release]",
      "outputFolderName": "powerpointlabs_powerpointlabs_dev-release"
    },
    {
      "location": {
        "location": "https://github.com/powerpointlabs/PowerPointLabs-Website.git",
        "repoName": "PowerPointLabs-Website",
        "organization": "powerpointlabs"
      },
      "branch": "master",
      "displayName": "powerpointlabs/PowerPointLabs-Website[master]",
      "outputFolderName": "powerpointlabs_PowerPointLabs-Website_master"
    },
    {
      "location": {
        "location": "https://github.com/reposense/reposense.git",
        "repoName": "reposense",
        "organization": "reposense"
      },
      "branch": "master",
      "displayName": "reposense/reposense[master]",
      "outputFolderName": "reposense_reposense_master"
    },
    {
      "location": {
        "location": "https://github.com/se-edu/addressbook-level3.git",
        "repoName": "addressbook-level3",
        "organization": "se-edu"
      },
      "branch": "master",
      "displayName": "se-edu/addressbook-level3[master]",
      "outputFolderName": "se-edu_addressbook-level3_master"
    },
    {
      "location": {
        "location": "https://github.com/se-edu/duke.git",
        "repoName": "duke",
        "organization": "se-edu"
      },
      "branch": "master",
      "displayName": "se-edu/duke[master]",
      "outputFolderName": "se-edu_duke_master"
    },
    {
      "location": {
        "location": "https://github.com/se-edu/learningresources.git",
        "repoName": "learningresources",
        "organization": "se-edu"
      },
      "branch": "master",
      "displayName": "se-edu/learningresources[master]",
      "outputFolderName": "se-edu_learningresources_master"
    },
    {
      "location": {
        "location": "https://github.com/TEAMMATES/teammates.git",
        "repoName": "teammates",
        "organization": "TEAMMATES"
      },
      "branch": "master",
      "displayName": "TEAMMATES/teammates[master]",
      "outputFolderName": "TEAMMATES_teammates_master"
    },
    {
      "location": {
        "location": "https://github.com/CATcher-org/CATcher.git",
        "repoName": "CATcher",
        "organization": "CATcher-org"
      },
      "branch": "master",
      "displayName": "CATcher-org/CATcher[master]",
      "outputFolderName": "CATcher-org_CATcher_master"
    },
    {
      "location": {
        "location": "https://github.com/Parcly-Taxel/FETcher.git",
        "repoName": "FETcher",
        "organization": "Parcly-Taxel"
      },
      "branch": "master",
      "displayName": "Parcly-Taxel/FETcher[master]",
      "outputFolderName": "Parcly-Taxel_FETcher_master"
    },
    {
      "location": {
        "location": "https://github.com/python/mypy.git",
        "repoName": "mypy",
        "organization": "python"
      },
      "branch": "master",
      "displayName": "python/mypy[master]",
      "outputFolderName": "python_mypy_master"
    },
    {
      "location": {
        "location": "https://github.com/gohugoio/hugo.git",
        "repoName": "hugo",
        "organization": "gohugoio"
      },
      "branch": "master",
      "displayName": "gohugoio/hugo[master]",
      "outputFolderName": "gohugoio_hugo_master"
    },
    {
      "location": {
        "location": "https://github.com/PyCQA/pylint.git",
        "repoName": "pylint",
        "organization": "PyCQA"
      },
      "branch": "master",
      "displayName": "PyCQA/pylint[master]",
      "outputFolderName": "PyCQA_pylint_master"
    },
    {
      "location": {
        "location": "https://github.com/se-edu/se-book.git",
        "repoName": "se-book",
        "organization": "se-edu"
      },
      "branch": "master",
      "displayName": "se-edu/se-book[master]",
      "outputFolderName": "se-edu_se-book_master"
    },
    {
      "location": {
        "location": "https://github.com/checkstyle/checkstyle.git",
        "repoName": "checkstyle",
        "organization": "checkstyle"
      },
      "branch": "master",
      "displayName": "checkstyle/checkstyle[master]",
      "outputFolderName": "checkstyle_checkstyle_master"
    },
    {
      "location": {
        "location": "https://github.com/OpenRefine/OpenRefine.git",
        "repoName": "OpenRefine",
        "organization": "OpenRefine"
      },
      "branch": "master",
      "displayName": "OpenRefine/OpenRefine[master]",
      "outputFolderName": "OpenRefine_OpenRefine_master"
    },
    {
      "location": {
        "location": "https://github.com/whyboris/Video-Hub-App.git",
        "repoName": "Video-Hub-App",
        "organization": "whyboris"
      },
      "branch": "master",
      "displayName": "whyboris/Video-Hub-App[master]",
      "outputFolderName": "whyboris_Video-Hub-App_master"
    }
  ],
  "errorList": [],
  "sinceDate": "2019-12-01",
  "untilDate": "2020-04-05",
  "isSinceDateProvided": true,
  "isUntilDateProvided": false
}
