{"repoSenseVersion":"89b7f3e020","reportGeneratedTime":"Sat May 29 15:54:34 2021 UTC+08:00","reportGenerationTime":" 9 minute(s) 41.92 second(s)","zoneId":"UTC+08:00","reportTitle":"RepoSense Report","repos":[{"location":{"location":"https://github.com/markbind/markbind.git","repoName":"markbind","organization":"markbind"},"branch":"master","displayName":"markbind/markbind[master]","outputFolderName":"markbind_markbind_master"},{"location":{"location":"https://github.com/markbind/vue-strap.git","repoName":"vue-strap","organization":"markbind"},"branch":"master","displayName":"markbind/vue-strap[master]","outputFolderName":"markbind_vue-strap_master"},{"location":{"location":"https://github.com/powerpointlabs/powerpointlabs.git","repoName":"powerpointlabs","organization":"powerpointlabs"},"branch":"dev-release","displayName":"powerpointlabs/powerpointlabs[dev-release]","outputFolderName":"powerpointlabs_powerpointlabs_dev-release"},{"location":{"location":"https://github.com/powerpointlabs/PowerPointLabs-Website.git","repoName":"PowerPointLabs-Website","organization":"powerpointlabs"},"branch":"master","displayName":"powerpointlabs/PowerPointLabs-Website[master]","outputFolderName":"powerpointlabs_PowerPointLabs-Website_master"},{"location":{"location":"https://github.com/reposense/reposense.git","repoName":"reposense","organization":"reposense"},"branch":"master","displayName":"reposense/reposense[master]","outputFolderName":"reposense_reposense_master"},{"location":{"location":"https://github.com/se-edu/addressbook-level3.git","repoName":"addressbook-level3","organization":"se-edu"},"branch":"master","displayName":"se-edu/addressbook-level3[master]","outputFolderName":"se-edu_addressbook-level3_master"},{"location":{"location":"https://github.com/se-edu/duke.git","repoName":"duke","organization":"se-edu"},"branch":"master","displayName":"se-edu/duke[master]","outputFolderName":"se-edu_duke_master"},{"location":{"location":"https://github.com/se-edu/learningresources.git","repoName":"learningresources","organization":"se-edu"},"branch":"master","displayName":"se-edu/learningresources[master]","outputFolderName":"se-edu_learningresources_master"},{"location":{"location":"https://github.com/TEAMMATES/teammates.git","repoName":"teammates","organization":"TEAMMATES"},"branch":"master","displayName":"TEAMMATES/teammates[master]","outputFolderName":"TEAMMATES_teammates_master"},{"location":{"location":"https://github.com/CATcher-org/CATcher.git","repoName":"CATcher","organization":"CATcher-org"},"branch":"master","displayName":"CATcher-org/CATcher[master]","outputFolderName":"CATcher-org_CATcher_master"},{"location":{"location":"https://github.com/Parcly-Taxel/FETcher.git","repoName":"FETcher","organization":"Parcly-Taxel"},"branch":"master","displayName":"Parcly-Taxel/FETcher[master]","outputFolderName":"Parcly-Taxel_FETcher_master"},{"location":{"location":"https://github.com/python/mypy.git","repoName":"mypy","organization":"python"},"branch":"master","displayName":"python/mypy[master]","outputFolderName":"python_mypy_master"},{"location":{"location":"https://github.com/gohugoio/hugo.git","repoName":"hugo","organization":"gohugoio"},"branch":"master","displayName":"gohugoio/hugo[master]","outputFolderName":"gohugoio_hugo_master"},{"location":{"location":"https://github.com/PyCQA/pylint.git","repoName":"pylint","organization":"PyCQA"},"branch":"master","displayName":"PyCQA/pylint[master]","outputFolderName":"PyCQA_pylint_master"},{"location":{"location":"https://github.com/checkstyle/checkstyle.git","repoName":"checkstyle","organization":"checkstyle"},"branch":"master","displayName":"checkstyle/checkstyle[master]","outputFolderName":"checkstyle_checkstyle_master"},{"location":{"location":"https://github.com/OpenRefine/OpenRefine.git","repoName":"OpenRefine","organization":"OpenRefine"},"branch":"master","displayName":"OpenRefine/OpenRefine[master]","outputFolderName":"OpenRefine_OpenRefine_master"},{"location":{"location":"https://github.com/netlify/netlify-cms.git","repoName":"netlify-cms","organization":"netlify"},"branch":"master","displayName":"netlify/netlify-cms[master]","outputFolderName":"netlify_netlify-cms_master"},{"location":{"location":"https://github.com/moment/moment.git","repoName":"moment","organization":"moment"},"branch":"master","displayName":"moment/moment[master]","outputFolderName":"moment_moment_master"},{"location":{"location":"https://github.com/moment/moment.git","repoName":"moment","organization":"moment"},"branch":"develop","displayName":"moment/moment[develop]","outputFolderName":"moment_moment_develop"}],"errorList":[{"repoName":"se-edu/se-book[master]","errorMessage":"Unexpected error stack trace for https://github.com/se-edu/se-book.git:\n\u003ejava.lang.ArrayIndexOutOfBoundsException: Index 1 out of bounds for length 1\n\tat reposense.authorship.FileInfoAnalyzer.generateBinaryFileResult(FileInfoAnalyzer.java:125)\n\tat reposense.authorship.FileInfoAnalyzer.analyzeBinaryFile(FileInfoAnalyzer.java:91)\n\tat reposense.authorship.AuthorshipReporter.lambda$generateAuthorshipSummary$2(AuthorshipReporter.java:51)\n\tat java.base/java.util.stream.ReferencePipeline$3$1.accept(ReferencePipeline.java:195)\n\tat java.base/java.util.ArrayList$ArrayListSpliterator.forEachRemaining(ArrayList.java:1654)\n\tat java.base/java.util.stream.AbstractPipeline.copyInto(AbstractPipeline.java:484)\n\tat java.base/java.util.stream.AbstractPipeline.wrapAndCopyInto(AbstractPipeline.java:474)\n\tat java.base/java.util.stream.ReduceOps$ReduceOp.evaluateSequential(ReduceOps.java:913)\n\tat java.base/java.util.stream.AbstractPipeline.evaluate(AbstractPipeline.java:234)\n\tat java.base/java.util.stream.ReferencePipeline.collect(ReferencePipeline.java:578)\n\tat reposense.authorship.AuthorshipReporter.generateAuthorshipSummary(AuthorshipReporter.java:53)\n\tat reposense.report.ReportGenerator.analyzeRepo(ReportGenerator.java:347)\n\tat reposense.report.ReportGenerator.analyzeRepos(ReportGenerator.java:303)\n\tat reposense.report.ReportGenerator.lambda$cloneAndAnalyzeRepos$1(ReportGenerator.java:214)\n\tat java.base/java.util.concurrent.CompletableFuture$UniApply.tryFire(CompletableFuture.java:642)\n\tat java.base/java.util.concurrent.CompletableFuture$Completion.run(CompletableFuture.java:478)\n\tat java.base/java.util.concurrent.ThreadPoolExecutor.runWorker(ThreadPoolExecutor.java:1128)\n\tat java.base/java.util.concurrent.ThreadPoolExecutor$Worker.run(ThreadPoolExecutor.java:628)\n\tat java.base/java.lang.Thread.run(Thread.java:834)\n"},{"repoName":"whyboris/Video-Hub-App[master]","errorMessage":"Branch \"master\" does not exist."}],"sinceDate":"2019-12-01","untilDate":"2021-05-29","isSinceDateProvided":true,"isUntilDateProvided":false}
