{
  "authorDailyContributionsMap": {
    "ccyccyccy": [],
    "Parcly-Taxel": [],
    "niqiukun": [],
    "openorclose": [],
    "yash-chowdhary": [],
    "anubh-v": [
      {
        "insertions": 2,
        "deletions": 3,
        "date": "2020-01-18",
        "commitResults": [
          {
            "hash": "f2a816316d025fd721b535f9cbe7c026e3e9fde2",
            "messageTitle": "Use a common variable for representing \u0027incorrect file type upload error\u0027 (#318)",
            "messageBody": "",
            "insertions": 2,
            "deletions": 3
          }
        ]
      },
      {
        "insertions": 1,
        "deletions": 2,
        "date": "2020-01-20",
        "commitResults": [
          {
            "hash": "f391d4530f234318497dfe0a9af9c0fd4986dec8",
            "messageTitle": "Remove DocTypo label (#319)",
            "messageBody": "* issue.model: Remove DocTypo label from issue ordering\r\n\r\n* label.service: Remove DocTypo label\r\n",
            "insertions": 1,
            "deletions": 2
          }
        ]
      },
      {
        "insertions": 5,
        "deletions": 5,
        "date": "2020-01-29",
        "commitResults": [
          {
            "hash": "c20c67867ad303193ab0553cc11a5fa98587e1f1",
            "messageTitle": "CommentEditorComponent (HTML): Use a constant variable to store list of accepted file types (#329)",
            "messageBody": "",
            "insertions": 5,
            "deletions": 5
          }
        ]
      },
      {
        "insertions": 28,
        "deletions": 14,
        "date": "2020-02-25",
        "commitResults": [
          {
            "hash": "4fda434e222d77df57e7c29051ca4b1cc9adc31a",
            "messageTitle": "LabelDropdownComponent: Set required attribute on select control (#343)",
            "messageBody": "",
            "insertions": 1,
            "deletions": 1
          },
          {
            "hash": "4f2c520e456c104540d20bdde8af19f61f313665",
            "messageTitle": "Add severity label: VeryLow (#342)",
            "messageBody": "* Add severity label: VeryLow\r\n",
            "insertions": 2,
            "deletions": 1
          },
          {
            "hash": "988d4292d49c94433c4aeb6360b1442924646910",
            "messageTitle": "Add edit action to issue lists (all phases) (#341)",
            "messageBody": "* BugReporting, Team / Tester response: Add FIX_ISSUE to action buttons list\r\n\r\n* IssueTables, PermissionsService: Use `isIssueEditable()` method\r\nto determine if edit icon should be displayed\r\n\r\n",
            "insertions": 25,
            "deletions": 12
          }
        ]
      },
      {
        "insertions": 33,
        "deletions": 11,
        "date": "2020-02-28",
        "commitResults": [
          {
            "hash": "2999676f9fdf9799dbec4b82a33f62aa0de9a21a",
            "messageTitle": "Bug reporting \u0026 team response phase: Make issue description optional (#330)",
            "messageBody": "* Make description optional for new bug reports, and set a default value",
            "insertions": 33,
            "deletions": 11
          }
        ]
      },
      {
        "insertions": 76,
        "deletions": 3,
        "date": "2020-03-04",
        "commitResults": [
          {
            "hash": "0c154848184bfc555cd356c40c0dd17209eec4ed",
            "messageTitle": "Add unit tests for PermissionService (#349)",
            "messageBody": "* Add unit tests for PermissionService\r\n",
            "insertions": 73,
            "deletions": 0
          },
          {
            "hash": "26c6db4c277f372741464f07641ddee3be51d7ba",
            "messageTitle": "Standardise \u0027Issue\u0027 as \u0027issue\u0027 (#352)",
            "messageBody": "",
            "insertions": 3,
            "deletions": 3
          }
        ]
      },
      {
        "insertions": 21,
        "deletions": 15,
        "date": "2020-03-22",
        "commitResults": [
          {
            "hash": "3f30fb214594ed42bd7f9f920ab9df5f8b99bc2e",
            "messageTitle": "Remove countdown for error toasters (#372)",
            "messageBody": "* Remove countdown for error toasters\r\n\r\n* Remove usage of OnInit interface",
            "insertions": 3,
            "deletions": 15
          },
          {
            "hash": "02e755a5788bc630eed693fe22c96d27d28d98a4",
            "messageTitle": "ApplicationService: Test method \u0027isOutdatedVersion\u0027 (#378)",
            "messageBody": "* Test method \u0027isOutdatedVersion\u0027\r\n\r\n* Improve edge cases",
            "insertions": 18,
            "deletions": 0
          }
        ]
      },
      {
        "insertions": 23,
        "deletions": 0,
        "date": "2020-04-04",
        "commitResults": [
          {
            "hash": "f446ece3a5e0e527a80f397a53b0d02ee812cf53",
            "messageTitle": "Issue model: Test methods used to clean strings obtained from user (#393)",
            "messageBody": "Let\u0027s test the updateDescription and updateTeamResponse\r\nmethods in the Issue class.These methods are used to clean\r\ninput obtained from the user.\r\nFor example, if no description is provided in the bug report,\r\nthe updateDescription method changes the input string to\r\n\u0027No details provided by bug reporter.",
            "insertions": 23,
            "deletions": 0
          }
        ]
      },
      {
        "insertions": 53,
        "deletions": 0,
        "date": "2020-04-06",
        "commitResults": [
          {
            "hash": "f120d285567f0f2fb5b8f3b56331c15050503585",
            "messageTitle": "Add a data csv and its json representation for testing purposes (#392)",
            "messageBody": "We need a sample data.csv for testing the DataService and UserService.\r\n\r\nLet\u0027s add a test data csv and its json representation that we can use\r\nfor writing tests. This data has realistic names, for better testing.",
            "insertions": 53,
            "deletions": 0
          }
        ]
      },
      {
        "insertions": 125,
        "deletions": 1,
        "date": "2020-04-08",
        "commitResults": [
          {
            "hash": "307cdd6d3cb5412cbdc71c2903ce31e857bea4f1",
            "messageTitle": "Issue: test creation of issues with empty descriptions and empty team responses (#366)",
            "messageBody": "Let\u0027s add tests to check whether Issue instances are\r\ncorrectly created from GithubIssue instances when the\r\nissues have either empty descriptions or empty team\r\nresponses.\r\n\r\nThe GitHubIssue instances used in the tests are stored\r\nas constants in the test files.",
            "insertions": 125,
            "deletions": 1
          }
        ]
      }
    ],
    "Tejas2805": [],
    "dvrylc": [],
    "j-lum": [],
    "iskandarzulkarnaien": [],
    "xantho09": [],
    "0blivious": [],
    "hcwong": [],
    "ang-zeyu": [],
    "geshuming": [
      {
        "insertions": 21,
        "deletions": 9,
        "date": "2020-02-19",
        "commitResults": [
          {
            "hash": "8bc92c005ba7b1908d899c466dc1f6e36bdb5246",
            "messageTitle": "Add sort order for todo tasks (#340)",
            "messageBody": "* Add sort order for todo tasks",
            "insertions": 21,
            "deletions": 9
          }
        ]
      },
      {
        "insertions": 1,
        "deletions": 1,
        "date": "2020-02-27",
        "commitResults": [
          {
            "hash": "f0584f2ee93bfa71a245ad93d5795e3082e2daf4",
            "messageTitle": "Fix bug where tutors are only allocated to one team (#345)",
            "messageBody": "",
            "insertions": 1,
            "deletions": 1
          }
        ]
      },
      {
        "insertions": 3,
        "deletions": 3,
        "date": "2020-03-04",
        "commitResults": [
          {
            "hash": "c58f78e3b17e8f86a58759c6a31ce9189607012d",
            "messageTitle": "Fix numOfUnresolvedDisputes (#353)",
            "messageBody": "",
            "insertions": 1,
            "deletions": 1
          },
          {
            "hash": "c93395e919bd3fe57d5286b50bc9b394d6ad99a4",
            "messageTitle": "Fix issue description not showing in moderation phase (#355)",
            "messageBody": "* Fix issue description not showing\r\n\r\n* Fix app pushing \"Description\" header\r\n",
            "insertions": 2,
            "deletions": 2
          }
        ]
      },
      {
        "insertions": 1,
        "deletions": 5,
        "date": "2020-03-25",
        "commitResults": [
          {
            "hash": "4b330632c74f3006b9694023c9ea36a54b7d3920",
            "messageTitle": "Set default profile to blank (#385)",
            "messageBody": "",
            "insertions": 1,
            "deletions": 5
          }
        ]
      }
    ],
    "alyip98": [],
    "nbriannl": [],
    "le0tan": [
      {
        "insertions": 3,
        "deletions": 3,
        "date": "2019-12-23",
        "commitResults": [
          {
            "hash": "fd1853da9f778beb890b3e7ad13e67a166541b31",
            "messageTitle": "Fix unintuitive string value sorting method (#294)",
            "messageBody": "* Fix string value sorting issue",
            "insertions": 3,
            "deletions": 3
          }
        ]
      },
      {
        "insertions": 1,
        "deletions": 1,
        "date": "2020-02-05",
        "commitResults": [
          {
            "hash": "a46ca0f8fba65c0aa632c2446c782866ee616005",
            "messageTitle": "Fix #334 (#336)",
            "messageBody": "",
            "insertions": 1,
            "deletions": 1
          }
        ]
      },
      {
        "insertions": 10,
        "deletions": 1,
        "date": "2020-02-08",
        "commitResults": [
          {
            "hash": "1d13336d0923e10ad4b3bb519d38b47a89cf8a6a",
            "messageTitle": "Prevent link navigation in OAuth page (#338)",
            "messageBody": "* Prevent link navigation in OAuth page\r\n\r\n* Open external links in system browser\r\n",
            "insertions": 10,
            "deletions": 1
          }
        ]
      }
    ],
    "madanalogy": [],
    "daekoon": []
  },
  "authorFinalContributionMap": {
    "ccyccyccy": 0,
    "Parcly-Taxel": 0,
    "niqiukun": 0,
    "openorclose": 0,
    "yash-chowdhary": 0,
    "anubh-v": 361,
    "Tejas2805": 0,
    "dvrylc": 0,
    "j-lum": 0,
    "iskandarzulkarnaien": 0,
    "xantho09": 0,
    "0blivious": 0,
    "hcwong": 0,
    "ang-zeyu": 0,
    "geshuming": 25,
    "alyip98": 0,
    "nbriannl": 0,
    "le0tan": 14,
    "madanalogy": 0,
    "daekoon": 0
  },
  "authorFileTypeContributionMap": {
    "ccyccyccy": {
      "js": 0,
      "css": 0,
      "html": 0,
      "ts": 0
    },
    "Parcly-Taxel": {
      "js": 0,
      "css": 0,
      "html": 0,
      "ts": 0
    },
    "niqiukun": {
      "js": 0,
      "css": 0,
      "html": 0,
      "ts": 0
    },
    "openorclose": {
      "js": 0,
      "css": 0,
      "html": 0,
      "ts": 0
    },
    "yash-chowdhary": {
      "js": 0,
      "css": 0,
      "html": 0,
      "ts": 0
    },
    "anubh-v": {
      "js": 0,
      "css": 0,
      "html": 12,
      "ts": 349
    },
    "Tejas2805": {
      "js": 0,
      "css": 0,
      "html": 0,
      "ts": 0
    },
    "dvrylc": {
      "js": 0,
      "css": 0,
      "html": 0,
      "ts": 0
    },
    "j-lum": {
      "js": 0,
      "css": 0,
      "html": 0,
      "ts": 0
    },
    "iskandarzulkarnaien": {
      "js": 0,
      "css": 0,
      "html": 0,
      "ts": 0
    },
    "xantho09": {
      "js": 0,
      "css": 0,
      "html": 0,
      "ts": 0
    },
    "0blivious": {
      "js": 0,
      "css": 0,
      "html": 0,
      "ts": 0
    },
    "hcwong": {
      "js": 0,
      "css": 0,
      "html": 0,
      "ts": 0
    },
    "ang-zeyu": {
      "js": 0,
      "css": 0,
      "html": 0,
      "ts": 0
    },
    "geshuming": {
      "js": 0,
      "css": 0,
      "html": 0,
      "ts": 25
    },
    "alyip98": {
      "js": 0,
      "css": 0,
      "html": 0,
      "ts": 0
    },
    "nbriannl": {
      "js": 0,
      "css": 0,
      "html": 0,
      "ts": 0
    },
    "le0tan": {
      "js": 0,
      "css": 0,
      "html": 0,
      "ts": 14
    },
    "madanalogy": {
      "js": 0,
      "css": 0,
      "html": 0,
      "ts": 0
    },
    "daekoon": {
      "js": 0,
      "css": 0,
      "html": 0,
      "ts": 0
    }
  },
  "authorContributionVariance": {
    "ccyccyccy": 0.0,
    "Parcly-Taxel": 0.0,
    "niqiukun": 0.0,
    "openorclose": 0.0,
    "yash-chowdhary": 0.0,
    "anubh-v": 224.78152,
    "Tejas2805": 0.0,
    "dvrylc": 0.0,
    "j-lum": 0.0,
    "iskandarzulkarnaien": 0.0,
    "xantho09": 0.0,
    "0blivious": 0.0,
    "hcwong": 0.0,
    "ang-zeyu": 0.0,
    "geshuming": 7.393139,
    "alyip98": 0.0,
    "nbriannl": 0.0,
    "le0tan": 1.2171017,
    "madanalogy": 0.0,
    "daekoon": 0.0
  },
  "authorDisplayNameMap": {
    "ccyccyccy": "CHON..YUAN",
    "Parcly-Taxel": "JERE..ERUI",
    "niqiukun": "NI T..ZHEN",
    "openorclose": "DARY.. TAN",
    "yash-chowdhary": "YASH..HARY",
    "anubh-v": "ANUB..BHAV",
    "Tejas2805": "TEJA..ANIA",
    "dvrylc": "CHAN..ARYL",
    "j-lum": "LUM ..FFRY",
    "iskandarzulkarnaien": "ISKA..AINI",
    "xantho09": "MUHA..INAL",
    "0blivious": "LIU ..IWEN",
    "hcwong": "JOSH..HIEN",
    "ang-zeyu": "ANG ..E YU",
    "geshuming": "GE S..MING",
    "alyip98": "YIP ..YEUN",
    "nbriannl": "LABA..RIDO",
    "le0tan": "TAN ..HONG",
    "madanalogy": "MUHA..JJAJ",
    "daekoon": "LIM ..KOON"
  }
}
