{"authorDailyContributionsMap":{"ccyccyccy":[],"Parcly-Taxel":[],"niqiukun":[],"openorclose":[],"yash-chowdhary":[],"anubh-v":[{"date":"2020-01-18","commitResults":[{"hash":"f2a816316d025fd721b535f9cbe7c026e3e9fde2","messageTitle":"Use a common variable for representing \u0027incorrect file type upload error\u0027 (#318)","messageBody":"","fileTypesAndContributionMap":{"ts":{"insertions":2,"deletions":3}}}]},{"date":"2020-01-20","commitResults":[{"hash":"f391d4530f234318497dfe0a9af9c0fd4986dec8","messageTitle":"Remove DocTypo label (#319)","messageBody":"* issue.model: Remove DocTypo label from issue ordering\r\n\r\n* label.service: Remove DocTypo label\r\n","fileTypesAndContributionMap":{"ts":{"insertions":1,"deletions":2}}}]},{"date":"2020-01-29","commitResults":[{"hash":"c20c67867ad303193ab0553cc11a5fa98587e1f1","messageTitle":"CommentEditorComponent (HTML): Use a constant variable to store list of accepted file types (#329)","messageBody":"","fileTypesAndContributionMap":{"html":{"insertions":1,"deletions":1},"ts":{"insertions":4,"deletions":4}}}]},{"date":"2020-02-25","commitResults":[{"hash":"4fda434e222d77df57e7c29051ca4b1cc9adc31a","messageTitle":"LabelDropdownComponent: Set required attribute on select control (#343)","messageBody":"","fileTypesAndContributionMap":{"html":{"insertions":1,"deletions":1}}},{"hash":"4f2c520e456c104540d20bdde8af19f61f313665","messageTitle":"Add severity label: VeryLow (#342)","messageBody":"* Add severity label: VeryLow\r\n","fileTypesAndContributionMap":{"ts":{"insertions":2,"deletions":1}}},{"hash":"988d4292d49c94433c4aeb6360b1442924646910","messageTitle":"Add edit action to issue lists (all phases) (#341)","messageBody":"* BugReporting, Team / Tester response: Add FIX_ISSUE to action buttons list\r\n\r\n* IssueTables, PermissionsService: Use `isIssueEditable()` method\r\nto determine if edit icon should be displayed\r\n\r\n","fileTypesAndContributionMap":{"html":{"insertions":8,"deletions":6},"ts":{"insertions":17,"deletions":6}}}]},{"date":"2020-02-28","commitResults":[{"hash":"2999676f9fdf9799dbec4b82a33f62aa0de9a21a","messageTitle":"Bug reporting \u0026 team response phase: Make issue description optional (#330)","messageBody":"* Make description optional for new bug reports, and set a default value","fileTypesAndContributionMap":{"ts":{"insertions":33,"deletions":11}}}]},{"date":"2020-03-04","commitResults":[{"hash":"0c154848184bfc555cd356c40c0dd17209eec4ed","messageTitle":"Add unit tests for PermissionService (#349)","messageBody":"* Add unit tests for PermissionService\r\n","fileTypesAndContributionMap":{"ts":{"insertions":73,"deletions":0}}},{"hash":"26c6db4c277f372741464f07641ddee3be51d7ba","messageTitle":"Standardise \u0027Issue\u0027 as \u0027issue\u0027 (#352)","messageBody":"","fileTypesAndContributionMap":{"html":{"insertions":3,"deletions":3}}}]},{"date":"2020-03-22","commitResults":[{"hash":"3f30fb214594ed42bd7f9f920ab9df5f8b99bc2e","messageTitle":"Remove countdown for error toasters (#372)","messageBody":"* Remove countdown for error toasters\r\n\r\n* Remove usage of OnInit interface","fileTypesAndContributionMap":{"ts":{"insertions":3,"deletions":15}}},{"hash":"02e755a5788bc630eed693fe22c96d27d28d98a4","messageTitle":"ApplicationService: Test method \u0027isOutdatedVersion\u0027 (#378)","messageBody":"* Test method \u0027isOutdatedVersion\u0027\r\n\r\n* Improve edge cases","fileTypesAndContributionMap":{"ts":{"insertions":18,"deletions":0}}}]},{"date":"2020-04-04","commitResults":[{"hash":"f446ece3a5e0e527a80f397a53b0d02ee812cf53","messageTitle":"Issue model: Test methods used to clean strings obtained from user (#393)","messageBody":"Let\u0027s test the updateDescription and updateTeamResponse\r\nmethods in the Issue class.These methods are used to clean\r\ninput obtained from the user.\r\nFor example, if no description is provided in the bug report,\r\nthe updateDescription method changes the input string to\r\n\u0027No details provided by bug reporter.","fileTypesAndContributionMap":{"ts":{"insertions":23,"deletions":0}}}]},{"date":"2020-04-06","commitResults":[{"hash":"f120d285567f0f2fb5b8f3b56331c15050503585","messageTitle":"Add a data csv and its json representation for testing purposes (#392)","messageBody":"We need a sample data.csv for testing the DataService and UserService.\r\n\r\nLet\u0027s add a test data csv and its json representation that we can use\r\nfor writing tests. This data has realistic names, for better testing.","fileTypesAndContributionMap":{"ts":{"insertions":53,"deletions":0}}}]},{"date":"2020-04-08","commitResults":[{"hash":"307cdd6d3cb5412cbdc71c2903ce31e857bea4f1","messageTitle":"Issue: test creation of issues with empty descriptions and empty team responses (#366)","messageBody":"Let\u0027s add tests to check whether Issue instances are\r\ncorrectly created from GithubIssue instances when the\r\nissues have either empty descriptions or empty team\r\nresponses.\r\n\r\nThe GitHubIssue instances used in the tests are stored\r\nas constants in the test files.","fileTypesAndContributionMap":{"ts":{"insertions":125,"deletions":1}}}]},{"date":"2020-04-10","commitResults":[{"hash":"70bf792120dd981dcc7c1b65f8e262359ecc0a91","messageTitle":"UploadService: Test \u0027isSupportedFileType\u0027 method (#382)","messageBody":"The isSupportedFileType method of UploadService is used to\r\ncheck if a particular file can be uploaded via the form.\r\n\r\nLet\u0027s add a test for this so we can check correctness of\r\nfuture implementation changes.","fileTypesAndContributionMap":{"ts":{"insertions":47,"deletions":0}}}]},{"date":"2020-04-16","commitResults":[{"hash":"89a5c8b00430b072095a85c68e237e7cf1c4f772","messageTitle":"UserService: test \u0027createUserModel\u0027 method (#381)","messageBody":"The createUserModel method in UserService accepts a\r\njson representation of data.csv, and a GitHub id, and\r\nthen returns a User object corresponding to that user.\r\n\r\nLet\u0027s test whether the User objects are correctly created.","fileTypesAndContributionMap":{"ts":{"insertions":95,"deletions":2}}}]},{"date":"2020-05-10","commitResults":[{"hash":"45d21244f662753f30e76a43575f2a0752297b1a","messageTitle":"DataService tests: Add integration test, improve spec description (#421)","messageBody":"* Update spec descriptions according to conventions\r\n\r\n* Add blank line, trailing spaces, empty line to test data csv\r\n\r\n* Reformat trailing blank line for clarity","fileTypesAndContributionMap":{"ts":{"insertions":13,"deletions":12}}}]},{"date":"2020-07-02","commitResults":[{"hash":"2d1585620a6dc31b272ad3dc4f5fd1237d69e55a","messageTitle":"GithubEventService: Add unit tests (#408)","messageBody":"The GithubEventService retrieves the latest changes to the issues\r\nin a repo, and decides whether the app\u0027s issue list\r\nshould be reloaded.\r\n\r\nLet\u0027s add unit tests for this service, to help catch\r\nregressions.","fileTypesAndContributionMap":{"ts":{"insertions":115,"deletions":4}}}]},{"date":"2020-08-22","commitResults":[{"hash":"8323f65c8b7e8e644ad8b86d849b60639059728f","messageTitle":"LabelDropdownComponent: Add unit tests (#446)","messageBody":"The LabelDropdownComponent creates the label options\r\nfor new bug reports and new tester responses.\r\nLet\u0027s add unit tests to verify that:\r\n(1) the component is initialised correctly, and\r\n(2) the component correctly sets the dropdown text\u0027s colour\r\n    based on the label\u0027s colour.","fileTypesAndContributionMap":{"ts":{"insertions":54,"deletions":1}}}]},{"date":"2020-09-05","commitResults":[{"hash":"8f20ef631b667620862e7a655f7a486f77d19340","messageTitle":"Remove duplicate issue components (#461)","messageBody":"","fileTypesAndContributionMap":{"ts":{"insertions":0,"deletions":3}}}]},{"date":"2020-09-17","commitResults":[{"hash":"bd608cfcb81fcf2b1b3ab0147aea2cef9b33eee6","messageTitle":"Manually set icon path on linux platforms (#466)","messageBody":"","tags":["V3.3.0"],"fileTypesAndContributionMap":{"ts":{"insertions":12,"deletions":5}}}]},{"date":"2020-09-27","commitResults":[{"hash":"c6e2f5e6225744a0489b6c5194273a321b69e62f","messageTitle":"Update profiles (#474)","messageBody":"","fileTypesAndContributionMap":{"ts":{"insertions":6,"deletions":6}}}]},{"date":"2020-10-07","commitResults":[{"hash":"3b15b6227b34785c43b31ea1d054b47fb438b143","messageTitle":"Refactor session validation logic in Phase Service / AuthComponent (#472)","messageBody":"Simplify error handling logic through use of newly created throwIfFalse rxjs operator.\r\n","fileTypesAndContributionMap":{"ts":{"insertions":54,"deletions":44}}},{"hash":"0dc64c96357a27f3648da3273003e503df19c4b3","messageTitle":"Move function getNumberOfPages into separate module (#478)","messageBody":"Move function getNumberOfPages into separate module","fileTypesAndContributionMap":{"ts":{"insertions":18,"deletions":16}}}]},{"date":"2021-01-20","commitResults":[{"hash":"6822302f9685b76efafc362dbeecd47ae1d0c523","messageTitle":"Tests: run using Karma, instead of jasmine-ts (#541)","messageBody":"Our tests run in the NodeJS environment.\r\nLet\u0027s use Karma to run the tests instead, so\r\nthat we can run them in multiple browser\r\nenvironments .","fileTypesAndContributionMap":{"js":{"insertions":49,"deletions":0},"ts":{"insertions":1,"deletions":1}}}]},{"date":"2021-01-27","commitResults":[{"hash":"607cb6a04811f385e256d2d8743455afc3690c3a","messageTitle":"Electron OAuth: Move to \u0027electron-utils\u0027 directory (#554)","messageBody":"To tidy up the project root directory,\r\nlet\u0027s move the electron app\u0027s authentication\r\ncode into a subdirectory.","fileTypesAndContributionMap":{"ts":{"insertions":1,"deletions":1}}}]},{"date":"2021-01-28","commitResults":[{"hash":"7e6d0dfe0624d003576963175f7e2069c6cde89a","messageTitle":"Remove unused spec files (#559)","messageBody":"For better organisation, let\u0027s remove the unused\r\nspec files under the \u0027src\u0027 directory.","fileTypesAndContributionMap":{"ts":{"insertions":0,"deletions":328}}}]}],"Tejas2805":[],"dvrylc":[],"j-lum":[],"iskandarzulkarnaien":[],"xantho09":[],"0blivious":[],"hcwong":[],"ang-zeyu":[],"geshuming":[{"date":"2020-02-19","commitResults":[{"hash":"8bc92c005ba7b1908d899c466dc1f6e36bdb5246","messageTitle":"Add sort order for todo tasks (#340)","messageBody":"* Add sort order for todo tasks","fileTypesAndContributionMap":{"ts":{"insertions":21,"deletions":9}}}]},{"date":"2020-02-27","commitResults":[{"hash":"f0584f2ee93bfa71a245ad93d5795e3082e2daf4","messageTitle":"Fix bug where tutors are only allocated to one team (#345)","messageBody":"","fileTypesAndContributionMap":{"ts":{"insertions":1,"deletions":1}}}]},{"date":"2020-03-04","commitResults":[{"hash":"c58f78e3b17e8f86a58759c6a31ce9189607012d","messageTitle":"Fix numOfUnresolvedDisputes (#353)","messageBody":"","fileTypesAndContributionMap":{"ts":{"insertions":1,"deletions":1}}},{"hash":"c93395e919bd3fe57d5286b50bc9b394d6ad99a4","messageTitle":"Fix issue description not showing in moderation phase (#355)","messageBody":"* Fix issue description not showing\r\n\r\n* Fix app pushing \"Description\" header\r\n","fileTypesAndContributionMap":{"ts":{"insertions":2,"deletions":2}}}]},{"date":"2020-03-25","commitResults":[{"hash":"4b330632c74f3006b9694023c9ea36a54b7d3920","messageTitle":"Set default profile to blank (#385)","messageBody":"","fileTypesAndContributionMap":{"ts":{"insertions":1,"deletions":5}}}]},{"date":"2020-04-15","commitResults":[{"hash":"daa5ff6deb263c13b59be88ef7ea1da88f96e972","messageTitle":"Add Scuri and Add Data Service Tests (#371)","messageBody":"* Added Scuri to generate spec files\r\n\r\n* Update auto-spy config\r\n\r\n* Add documentation for testing\r\n\r\n* Clean up data service","fileTypesAndContributionMap":{"ts":{"insertions":146,"deletions":9}}}]},{"date":"2020-04-16","commitResults":[{"hash":"96d83f869e78ce9563fb3a7774f20cfa24ba9e24","messageTitle":"Lint files","messageBody":"","fileTypesAndContributionMap":{"ts":{"insertions":44,"deletions":43}}}]},{"date":"2020-04-29","commitResults":[{"hash":"4f2f1496b62159ba97435530e7fbbe215c8d44a7","messageTitle":"Skip empty lines and trailing/leading whitespaces in csv file (#406)","messageBody":"* Skip empty lines in csv file\r\n\r\n* Set trim option to true","fileTypesAndContributionMap":{"ts":{"insertions":3,"deletions":1}}}]}],"alyip98":[],"nbriannl":[],"le0tan":[{"date":"2019-12-23","commitResults":[{"hash":"fd1853da9f778beb890b3e7ad13e67a166541b31","messageTitle":"Fix unintuitive string value sorting method (#294)","messageBody":"* Fix string value sorting issue","fileTypesAndContributionMap":{"ts":{"insertions":3,"deletions":3}}}]},{"date":"2020-02-05","commitResults":[{"hash":"a46ca0f8fba65c0aa632c2446c782866ee616005","messageTitle":"Fix #334 (#336)","messageBody":"","fileTypesAndContributionMap":{"ts":{"insertions":1,"deletions":1}}}]},{"date":"2020-02-08","commitResults":[{"hash":"1d13336d0923e10ad4b3bb519d38b47a89cf8a6a","messageTitle":"Prevent link navigation in OAuth page (#338)","messageBody":"* Prevent link navigation in OAuth page\r\n\r\n* Open external links in system browser\r\n","fileTypesAndContributionMap":{"ts":{"insertions":10,"deletions":1}}}]}],"tiuweehan":[],"madanalogy":[],"daekoon":[]},"authorFileTypeContributionMap":{"ccyccyccy":{"js":0,"css":0,"html":0,"ts":0},"Parcly-Taxel":{"js":0,"css":0,"html":0,"ts":0},"niqiukun":{"js":0,"css":0,"html":0,"ts":0},"openorclose":{"js":0,"css":0,"html":0,"ts":0},"yash-chowdhary":{"js":0,"css":0,"html":0,"ts":0},"anubh-v":{"js":49,"css":0,"html":12,"ts":646},"Tejas2805":{"js":0,"css":0,"html":0,"ts":0},"dvrylc":{"js":0,"css":0,"html":0,"ts":0},"j-lum":{"js":0,"css":0,"html":0,"ts":0},"iskandarzulkarnaien":{"js":0,"css":0,"html":0,"ts":0},"xantho09":{"js":0,"css":0,"html":0,"ts":0},"0blivious":{"js":0,"css":0,"html":0,"ts":0},"hcwong":{"js":0,"css":0,"html":0,"ts":0},"ang-zeyu":{"js":0,"css":0,"html":0,"ts":0},"geshuming":{"js":0,"css":0,"html":0,"ts":181},"alyip98":{"js":0,"css":0,"html":0,"ts":0},"nbriannl":{"js":0,"css":0,"html":0,"ts":0},"le0tan":{"js":0,"css":0,"html":0,"ts":9},"tiuweehan":{"js":0,"css":0,"html":0,"ts":0},"madanalogy":{"js":0,"css":0,"html":0,"ts":0},"daekoon":{"js":0,"css":0,"html":0,"ts":0}},"authorContributionVariance":{"ccyccyccy":0.0,"Parcly-Taxel":0.0,"niqiukun":0.0,"openorclose":0.0,"yash-chowdhary":0.0,"anubh-v":433.0291,"Tejas2805":0.0,"dvrylc":0.0,"j-lum":0.0,"iskandarzulkarnaien":0.0,"xantho09":0.0,"0blivious":0.0,"hcwong":0.0,"ang-zeyu":0.0,"geshuming":76.20682,"alyip98":0.0,"nbriannl":0.0,"le0tan":0.37682515,"tiuweehan":0.0,"madanalogy":0.0,"daekoon":0.0},"authorDisplayNameMap":{"ccyccyccy":"CHON..YUAN","Parcly-Taxel":"JERE..ERUI","niqiukun":"NI T..ZHEN","openorclose":"DARY.. TAN","yash-chowdhary":"YASH..HARY","anubh-v":"ANUB..BHAV","Tejas2805":"TEJA..ANIA","dvrylc":"CHAN..ARYL","j-lum":"LUM ..FFRY","iskandarzulkarnaien":"ISKA..AINI","xantho09":"MUHA..INAL","0blivious":"LIU ..IWEN","hcwong":"JOSH..HIEN","ang-zeyu":"ANG ..E YU","geshuming":"GE S..MING","alyip98":"YIP ..YEUN","nbriannl":"LABA..RIDO","le0tan":"TAN ..HONG","tiuweehan":"TIU .. HAN","madanalogy":"MUHA..JJAJ","daekoon":"LIM ..KOON"}}
