{"authorDailyContributionsMap":{"ccyccyccy":[],"Parcly-Taxel":[{"date":"2020-03-16","commitResults":[{"hash":"5711f70ed9875fde3da0b6a7da223fbecb3a99fb","messageTitle":"Add article on NumPy (#168)","messageBody":"","fileTypesAndContributionMap":{"md":{"insertions":201,"deletions":1}}}]}],"niqiukun":[{"date":"2020-04-12","commitResults":[{"hash":"20f8bbc38218a5c88e0d5cc6f7fd08a3bda3057f","messageTitle":"Update code example in React page to use Hooks (#163)","messageBody":"","fileTypesAndContributionMap":{"md":{"insertions":15,"deletions":21}}}]},{"date":"2020-04-18","commitResults":[{"hash":"b5f0c1d5ebb18ab165eefa0cec3ba143c27e3fd1","messageTitle":"Add Introduction to Xamarin (#171)","messageBody":"","fileTypesAndContributionMap":{"md":{"insertions":149,"deletions":0}}}]}],"openorclose":[{"date":"2020-04-02","commitResults":[{"hash":"f394ed31b90d483fe224d9eac62658676f65db34","messageTitle":"Add Elm (#158)","messageBody":"","fileTypesAndContributionMap":{"md":{"insertions":296,"deletions":0}}}]},{"date":"2020-04-05","commitResults":[{"hash":"4c91127e6ff3e6c22d2c71c101414383c98bc614","messageTitle":"Fix minor js chapters issues (#136)","messageBody":"","fileTypesAndContributionMap":{"md":{"insertions":67,"deletions":70}}}]}],"yash-chowdhary":[{"date":"2020-04-21","commitResults":[{"hash":"f77280302baebe1bea2ab824ac31f932ddd06374","messageTitle":"Add page for Test-Driven Development (#124)","messageBody":"","fileTypesAndContributionMap":{"md":{"insertions":164,"deletions":1}}}]}],"anubh-v":[{"date":"2020-04-18","commitResults":[{"hash":"746913a49b774cf36b1cc8188a7b57746cbd2f52","messageTitle":"Update Python document to reflect that Python 2 is discontinued (#188)","messageBody":"","fileTypesAndContributionMap":{"md":{"insertions":8,"deletions":9}}}]}],"Tejas2805":[{"date":"2020-02-17","commitResults":[{"hash":"87928a415c4700c63844646cf7d4fb57c554cf54","messageTitle":"Make the structure of Javascript frameworks consistent (#127)","messageBody":"","fileTypesAndContributionMap":{"md":{"insertions":115,"deletions":100}}}]},{"date":"2020-03-29","commitResults":[{"hash":"9ed6b1619404dc75b515fac35966f4bafa8cb605","messageTitle":"Make headings follow titleCase (#166)","messageBody":"","fileTypesAndContributionMap":{"md":{"insertions":220,"deletions":222}}}]}],"dvrylc":[],"jamessspanggg":[{"date":"2020-02-19","commitResults":[{"hash":"950234ea25f9be2ef5225133478d9835d7d1d994","messageTitle":"Improve VueJS chapter (#143)","messageBody":"","fileTypesAndContributionMap":{"md":{"insertions":104,"deletions":68}}}]},{"date":"2020-04-14","commitResults":[{"hash":"6fa22b36e98f7244eb1c6885bcd59ecf137585cf","messageTitle":"[part of #189] Convert all valid urls from http to https (#190)","messageBody":"","fileTypesAndContributionMap":{"md":{"insertions":190,"deletions":190}}},{"hash":"a5c2ad1a273bc5f2b1022f186e9f21ce13cbdbe0","messageTitle":"[#189, #116] Fix mixed content resources error (#191)","messageBody":"","fileTypesAndContributionMap":{"md":{"insertions":3,"deletions":3}}}]}],"j-lum":[{"date":"2020-04-07","commitResults":[{"hash":"8c669ef8be791e2f28537aff5cd89de92a3ec81d","messageTitle":"Add chapter on NLP #137 (#173)","messageBody":"","fileTypesAndContributionMap":{"md":{"insertions":199,"deletions":0}}}]}],"iskandarzulkarnaien":[{"date":"2020-02-20","commitResults":[{"hash":"c2c0058b821126aff2057bab83f4bf1c779eded5","messageTitle":"TestableJavascript: rename file for better clarity (#152)","messageBody":"","fileTypesAndContributionMap":{"md":{"insertions":1,"deletions":1}}},{"hash":"cb7db76d1975f6ee4ead3b6fb3dfdb057beb28ee","messageTitle":"#138 tweak table of contents (C++/C#/Go/Haskell) (#144)","messageBody":"","fileTypesAndContributionMap":{"md":{"insertions":72,"deletions":22}}}]},{"date":"2020-03-06","commitResults":[{"hash":"9d417ba30c58bd2e89a4eb8402d1622b855eebab","messageTitle":"Add table of contents to Python/Ruby/Rust/Scala/Swift chapters (#154)","messageBody":"","fileTypesAndContributionMap":{"md":{"insertions":64,"deletions":0}}}]},{"date":"2020-03-21","commitResults":[{"hash":"fd4dac37635a7c074de9c2eef09d15e83f8191b0","messageTitle":"Numpy: Fix broken links in ToC (#179)","messageBody":"","fileTypesAndContributionMap":{"md":{"insertions":2,"deletions":2}}},{"hash":"dc21430639f95d8df5196463dda27cce0ec25d34","messageTitle":"#138 table of contents (Remove redundant toc entries, fix broken links in Haskell) (#157)","messageBody":"","fileTypesAndContributionMap":{"md":{"insertions":29,"deletions":33}}}]},{"date":"2020-04-04","commitResults":[{"hash":"6b94165cc290693210261c878d95fe79602eba22","messageTitle":"#138 table of contents (All Java chapters) (#150)","messageBody":"","fileTypesAndContributionMap":{"md":{"insertions":73,"deletions":30}}},{"hash":"a62ea449de67da26c87a6470ee77762658c3206c","messageTitle":"#138 table of contents (SE Tools and Other Topics(Com Vision to MultiThreading))  (#178)","messageBody":"","fileTypesAndContributionMap":{"md":{"insertions":132,"deletions":76}}}]},{"date":"2020-04-06","commitResults":[{"hash":"4f93fde81c11caa56d4183c2aa31b102d1067815","messageTitle":"#138 table of contents (Security \u0026 Bash)  (#180)","messageBody":"","fileTypesAndContributionMap":{"md":{"insertions":74,"deletions":0}}},{"hash":"c9478fdcd73231deb3faa1246189939028420e75","messageTitle":"#138 table of contents (SE Topics: Static Analysis to UI/UX) (#176)","messageBody":"","fileTypesAndContributionMap":{"md":{"insertions":157,"deletions":7}}}]},{"date":"2020-04-08","commitResults":[{"hash":"d3c9028a8932e9a8adc454b37682c217e0b173ae","messageTitle":"Contributing Page: Inform contributors to include toc (#181)","messageBody":"","fileTypesAndContributionMap":{"md":{"insertions":7,"deletions":7}}}]},{"date":"2020-04-18","commitResults":[{"hash":"d6cef6a62fc21f12b67421774f9f05b4c953b2f2","messageTitle":"#138 table of contents (SE Topics: Architecture to Scalability) (#155)","messageBody":"","fileTypesAndContributionMap":{"md":{"insertions":144,"deletions":18}}},{"hash":"9b83806501ab8aaea1c54065ddde941f0c65298f","messageTitle":"#138 table of contents (App Frameworks) (#177)","messageBody":"","fileTypesAndContributionMap":{"md":{"insertions":101,"deletions":13}}}]},{"date":"2020-05-16","commitResults":[{"hash":"5d5958237871b040a8b66df511231db18e3789e8","messageTitle":"Make ToC consistent (#193)","messageBody":"","fileTypesAndContributionMap":{"md":{"insertions":179,"deletions":163}}}]}],"xantho09":[{"date":"2020-05-13","commitResults":[{"hash":"413699ba20a6aedfe9e51db53b57c8915c80e61b","messageTitle":"Add C# Asynchronous Programming Async/Await Chapter (#195)","messageBody":"","fileTypesAndContributionMap":{"md":{"insertions":351,"deletions":1}}}]}],"0blivious":[{"date":"2020-04-12","commitResults":[{"hash":"ecc4204527acfe63e187f7d9a903471cdc3ca412","messageTitle":"Add introduction to Spring Framework (#172)","messageBody":"","fileTypesAndContributionMap":{"md":{"insertions":273,"deletions":0}}}]}],"hcwong":[],"ang-zeyu":[{"date":"2020-04-02","commitResults":[{"hash":"8c5affb00c73be0aeb733bb8f34eee8f37286ad3","messageTitle":"Improve NodeJS chapter (#182)","messageBody":"The NodeJS chapter has some language inconsistencies.\r\nSome of the sections go deeply into usage details of nodeJS and npm as\r\nwell.\r\nThe 8th benefit, npm having a large ecosystem of modules, seems very\r\nsimilar to the 7th benefit as well.\r\n\r\nLet\u0027s correct these language inconsistencies.\r\nLet\u0027s also trim some of the deep details of nodeJS that are close to\r\ntutorial territory, or move some of these into popovers and tooltips to\r\nmake things more succinct.\r\nLet\u0027s also add a diagram for the event loop benefit, which can help\r\nwith understanding its technical nature.\r\nLet\u0027s also merge the 8th benefit with the 7th to shorten the article.","fileTypesAndContributionMap":{"md":{"insertions":70,"deletions":52}}}]},{"date":"2020-04-03","commitResults":[{"hash":"fb1d7460fa9d47067797f23fc99c475d7bcefa70","messageTitle":"Update nodeJS chapter authors and reviewers (#184)","messageBody":"","fileTypesAndContributionMap":{"md":{"insertions":2,"deletions":1}}}]},{"date":"2020-04-07","commitResults":[{"hash":"0cb6ad177a2ee298c6805632a9831b930d35729d","messageTitle":"Add NoSQL topic (#146)","messageBody":"","fileTypesAndContributionMap":{"md":{"insertions":439,"deletions":0}}}]}],"geshuming":[],"alyip98":[{"date":"2020-05-03","commitResults":[{"hash":"9aadc58f1bc2814ef7dfc31bb59789a30c3d4fd7","messageTitle":"Workflow Automation with Github Actions (#187)","messageBody":"","fileTypesAndContributionMap":{"md":{"insertions":149,"deletions":0}}}]}],"nbriannl":[{"date":"2020-04-07","commitResults":[{"hash":"73e0a464caa1a3c6de0ffec93746bfc605de10ec","messageTitle":"Add page for Introduction to Redux (#147)","messageBody":"","fileTypesAndContributionMap":{"md":{"insertions":226,"deletions":0}}}]},{"date":"2020-04-18","commitResults":[{"hash":"a67355e0ef34af3f841bef50d3d83f8fd078209a","messageTitle":"Updated deprecated attributes (#175)","messageBody":"","fileTypesAndContributionMap":{"md":{"insertions":9,"deletions":9}}}]}],"le0tan":[{"date":"2020-04-06","commitResults":[{"hash":"5bad9ef567667c95b7590cd7fe9aed2d9e4a7a5c","messageTitle":"Add page for Introduction to Dart (#129)","messageBody":"","fileTypesAndContributionMap":{"md":{"insertions":258,"deletions":0}}}]},{"date":"2020-04-20","commitResults":[{"hash":"798d366ca47048ddfa7de6b127ecb6afd00bb063","messageTitle":"Add page for Introduction to ZeroMQ (#186)","messageBody":"","fileTypesAndContributionMap":{"md":{"insertions":108,"deletions":0}}}]}],"tiuweehan":[{"date":"2020-04-08","commitResults":[{"hash":"650618f3e2845ece52fab2f130f17e8a730b568b","messageTitle":"Add Dotfiles Chapter (#183)","messageBody":"","fileTypesAndContributionMap":{"md":{"insertions":265,"deletions":0}}}]}],"madanalogy":[{"date":"2020-02-01","commitResults":[{"hash":"abc33e6ee29518dc708c2c2532c9706b727052b5","messageTitle":"Fix broken OWASP links","messageBody":"","fileTypesAndContributionMap":{"md":{"insertions":2,"deletions":2}}}]},{"date":"2020-04-07","commitResults":[{"hash":"cdc208364689ebe5302a68fc3e0aaedc854df72c","messageTitle":"Add Introduction to Security Testing (#170)","messageBody":"","fileTypesAndContributionMap":{"md":{"insertions":155,"deletions":0}}}]}],"daekoon":[]},"authorFileTypeContributionMap":{"ccyccyccy":{"md":0,"mbd":0},"Parcly-Taxel":{"md":193,"mbd":0},"niqiukun":{"md":149,"mbd":0},"openorclose":{"md":349,"mbd":0},"yash-chowdhary":{"md":158,"mbd":0},"anubh-v":{"md":8,"mbd":0},"Tejas2805":{"md":307,"mbd":0},"dvrylc":{"md":0,"mbd":0},"jamessspanggg":{"md":251,"mbd":0},"j-lum":{"md":192,"mbd":0},"iskandarzulkarnaien":{"md":840,"mbd":0},"xantho09":{"md":344,"mbd":0},"0blivious":{"md":264,"mbd":0},"hcwong":{"md":0,"mbd":0},"ang-zeyu":{"md":500,"mbd":0},"geshuming":{"md":0,"mbd":0},"alyip98":{"md":143,"mbd":0},"nbriannl":{"md":228,"mbd":0},"le0tan":{"md":353,"mbd":0},"tiuweehan":{"md":259,"mbd":0},"madanalogy":{"md":151,"mbd":0},"daekoon":{"md":0,"mbd":0}},"authorContributionVariance":{"ccyccyccy":0.0,"Parcly-Taxel":241.43509,"niqiukun":138.65051,"openorclose":626.6005,"yash-chowdhary":161.08899,"anubh-v":1.7100009,"Tejas2805":1422.7369,"dvrylc":0.0,"jamessspanggg":1051.944,"j-lum":234.31697,"iskandarzulkarnaien":2098.7224,"xantho09":733.1337,"0blivious":440.98438,"hcwong":0.0,"ang-zeyu":1224.526,"geshuming":0.0,"alyip98":131.36226,"nbriannl":303.843,"le0tan":460.89755,"tiuweehan":415.51694,"madanalogy":142.20564,"daekoon":0.0},"authorDisplayNameMap":{"ccyccyccy":"CHON..YUAN","Parcly-Taxel":"JERE..ERUI","niqiukun":"NI T..ZHEN","openorclose":"DARY.. TAN","yash-chowdhary":"YASH..HARY","anubh-v":"ANUB..BHAV","Tejas2805":"TEJA..ANIA","dvrylc":"CHAN..ARYL","jamessspanggg":"JAME.. WAI","j-lum":"LUM ..FFRY","iskandarzulkarnaien":"ISKA..AINI","xantho09":"MUHA..INAL","0blivious":"LIU ..IWEN","hcwong":"JOSH..HIEN","ang-zeyu":"ANG ..E YU","geshuming":"GE S..MING","alyip98":"YIP ..YEUN","nbriannl":"LABA..RIDO","le0tan":"TAN ..HONG","tiuweehan":"TIU .. HAN","madanalogy":"MUHA..JJAJ","daekoon":"LIM ..KOON"}}
