{
  "authorDailyContributionsMap": {
    "ccyccyccy": [],
    "Parcly-Taxel": [],
    "niqiukun": [
      {
        "insertions": 15,
        "deletions": 21,
        "date": "2020-04-12",
        "commitResults": [
          {
            "hash": "20f8bbc38218a5c88e0d5cc6f7fd08a3bda3057f",
            "messageTitle": "Update code example in React page to use Hooks (#163)",
            "messageBody": "",
            "insertions": 15,
            "deletions": 21
          }
        ]
      }
    ],
    "openorclose": [
      {
        "insertions": 296,
        "deletions": 0,
        "date": "2020-04-02",
        "commitResults": [
          {
            "hash": "f394ed31b90d483fe224d9eac62658676f65db34",
            "messageTitle": "Add Elm (#158)",
            "messageBody": "",
            "insertions": 296,
            "deletions": 0
          }
        ]
      },
      {
        "insertions": 67,
        "deletions": 70,
        "date": "2020-04-05",
        "commitResults": [
          {
            "hash": "4c91127e6ff3e6c22d2c71c101414383c98bc614",
            "messageTitle": "Fix minor js chapters issues (#136)",
            "messageBody": "",
            "insertions": 67,
            "deletions": 70
          }
        ]
      }
    ],
    "yash-chowdhary": [],
    "Tejas2805": [
      {
        "insertions": 115,
        "deletions": 100,
        "date": "2020-02-17",
        "commitResults": [
          {
            "hash": "87928a415c4700c63844646cf7d4fb57c554cf54",
            "messageTitle": "Make the structure of Javascript frameworks consistent (#127)",
            "messageBody": "",
            "insertions": 115,
            "deletions": 100
          }
        ]
      },
      {
        "insertions": 220,
        "deletions": 222,
        "date": "2020-03-29",
        "commitResults": [
          {
            "hash": "9ed6b1619404dc75b515fac35966f4bafa8cb605",
            "messageTitle": "Make headings follow titleCase (#166)",
            "messageBody": "",
            "insertions": 220,
            "deletions": 222
          }
        ]
      }
    ],
    "dvrylc": [],
    "jamessspanggg": [
      {
        "insertions": 104,
        "deletions": 68,
        "date": "2020-02-19",
        "commitResults": [
          {
            "hash": "950234ea25f9be2ef5225133478d9835d7d1d994",
            "messageTitle": "Improve VueJS chapter (#143)",
            "messageBody": "",
            "insertions": 104,
            "deletions": 68
          }
        ]
      }
    ],
    "j-lum": [
      {
        "insertions": 199,
        "deletions": 0,
        "date": "2020-04-07",
        "commitResults": [
          {
            "hash": "8c669ef8be791e2f28537aff5cd89de92a3ec81d",
            "messageTitle": "Add chapter on NLP #137 (#173)",
            "messageBody": "",
            "insertions": 199,
            "deletions": 0
          }
        ]
      }
    ],
    "iskandarzulkarnaien": [],
    "xantho09": [],
    "0blivious": [
      {
        "insertions": 273,
        "deletions": 0,
        "date": "2020-04-12",
        "commitResults": [
          {
            "hash": "ecc4204527acfe63e187f7d9a903471cdc3ca412",
            "messageTitle": "Add introduction to Spring Framework (#172)",
            "messageBody": "",
            "insertions": 273,
            "deletions": 0
          }
        ]
      }
    ],
    "hcwong": [],
    "ang-zeyu": [
      {
        "insertions": 70,
        "deletions": 52,
        "date": "2020-04-02",
        "commitResults": [
          {
            "hash": "8c5affb00c73be0aeb733bb8f34eee8f37286ad3",
            "messageTitle": "Improve NodeJS chapter (#182)",
            "messageBody": "The NodeJS chapter has some language inconsistencies.\r\nSome of the sections go deeply into usage details of nodeJS and npm as\r\nwell.\r\nThe 8th benefit, npm having a large ecosystem of modules, seems very\r\nsimilar to the 7th benefit as well.\r\n\r\nLet\u0027s correct these language inconsistencies.\r\nLet\u0027s also trim some of the deep details of nodeJS that are close to\r\ntutorial territory, or move some of these into popovers and tooltips to\r\nmake things more succinct.\r\nLet\u0027s also add a diagram for the event loop benefit, which can help\r\nwith understanding its technical nature.\r\nLet\u0027s also merge the 8th benefit with the 7th to shorten the article.",
            "insertions": 70,
            "deletions": 52
          }
        ]
      },
      {
        "insertions": 2,
        "deletions": 1,
        "date": "2020-04-03",
        "commitResults": [
          {
            "hash": "fb1d7460fa9d47067797f23fc99c475d7bcefa70",
            "messageTitle": "Update nodeJS chapter authors and reviewers (#184)",
            "messageBody": "",
            "insertions": 2,
            "deletions": 1
          }
        ]
      },
      {
        "insertions": 439,
        "deletions": 0,
        "date": "2020-04-07",
        "commitResults": [
          {
            "hash": "0cb6ad177a2ee298c6805632a9831b930d35729d",
            "messageTitle": "Add NoSQL topic (#146)",
            "messageBody": "",
            "insertions": 439,
            "deletions": 0
          }
        ]
      }
    ],
    "geshuming": [],
    "alyip98": [],
    "nbriannl": [
      {
        "insertions": 226,
        "deletions": 0,
        "date": "2020-04-07",
        "commitResults": [
          {
            "hash": "73e0a464caa1a3c6de0ffec93746bfc605de10ec",
            "messageTitle": "Add page for Introduction to Redux (#147)",
            "messageBody": "",
            "insertions": 226,
            "deletions": 0
          }
        ]
      }
    ],
    "tiuweehan": [
      {
        "insertions": 265,
        "deletions": 0,
        "date": "2020-04-08",
        "commitResults": [
          {
            "hash": "650618f3e2845ece52fab2f130f17e8a730b568b",
            "messageTitle": "Add Dotfiles Chapter (#183)",
            "messageBody": "",
            "insertions": 265,
            "deletions": 0
          }
        ]
      }
    ],
    "madanalogy": [
      {
        "insertions": 2,
        "deletions": 2,
        "date": "2020-02-01",
        "commitResults": [
          {
            "hash": "abc33e6ee29518dc708c2c2532c9706b727052b5",
            "messageTitle": "Fix broken OWASP links",
            "messageBody": "",
            "insertions": 2,
            "deletions": 2
          }
        ]
      },
      {
        "insertions": 155,
        "deletions": 0,
        "date": "2020-04-07",
        "commitResults": [
          {
            "hash": "cdc208364689ebe5302a68fc3e0aaedc854df72c",
            "messageTitle": "Add Introduction to Security Testing (#170)",
            "messageBody": "",
            "insertions": 155,
            "deletions": 0
          }
        ]
      }
    ],
    "daekoon": []
  },
  "authorFinalContributionMap": {
    "ccyccyccy": 0,
    "Parcly-Taxel": 0,
    "niqiukun": 6,
    "openorclose": 359,
    "yash-chowdhary": 0,
    "Tejas2805": 306,
    "dvrylc": 0,
    "jamessspanggg": 58,
    "j-lum": 199,
    "iskandarzulkarnaien": 0,
    "xantho09": 0,
    "0blivious": 273,
    "hcwong": 0,
    "ang-zeyu": 508,
    "geshuming": 0,
    "alyip98": 0,
    "nbriannl": 226,
    "tiuweehan": 265,
    "madanalogy": 157,
    "daekoon": 0
  },
  "authorFileTypeContributionMap": {
    "ccyccyccy": {
      "md": 0,
      "mbd": 0
    },
    "Parcly-Taxel": {
      "md": 0,
      "mbd": 0
    },
    "niqiukun": {
      "md": 6,
      "mbd": 0
    },
    "openorclose": {
      "md": 359,
      "mbd": 0
    },
    "yash-chowdhary": {
      "md": 0,
      "mbd": 0
    },
    "Tejas2805": {
      "md": 306,
      "mbd": 0
    },
    "dvrylc": {
      "md": 0,
      "mbd": 0
    },
    "jamessspanggg": {
      "md": 58,
      "mbd": 0
    },
    "j-lum": {
      "md": 199,
      "mbd": 0
    },
    "iskandarzulkarnaien": {
      "md": 0,
      "mbd": 0
    },
    "xantho09": {
      "md": 0,
      "mbd": 0
    },
    "0blivious": {
      "md": 273,
      "mbd": 0
    },
    "hcwong": {
      "md": 0,
      "mbd": 0
    },
    "ang-zeyu": {
      "md": 508,
      "mbd": 0
    },
    "geshuming": {
      "md": 0,
      "mbd": 0
    },
    "alyip98": {
      "md": 0,
      "mbd": 0
    },
    "nbriannl": {
      "md": 226,
      "mbd": 0
    },
    "tiuweehan": {
      "md": 265,
      "mbd": 0
    },
    "madanalogy": {
      "md": 157,
      "mbd": 0
    },
    "daekoon": {
      "md": 0,
      "mbd": 0
    }
  },
  "authorContributionVariance": {
    "ccyccyccy": 0.0,
    "Parcly-Taxel": 0.0,
    "niqiukun": 9.599464,
    "openorclose": 783.47656,
    "yash-chowdhary": 0.0,
    "Tejas2805": 1778.8645,
    "dvrylc": 0.0,
    "jamessspanggg": 219.12886,
    "j-lum": 293.32446,
    "iskandarzulkarnaien": 0.0,
    "xantho09": 0.0,
    "0blivious": 552.0358,
    "hcwong": 0.0,
    "ang-zeyu": 1531.6431,
    "geshuming": 0.0,
    "alyip98": 0.0,
    "nbriannl": 378.31964,
    "tiuweehan": 520.1564,
    "madanalogy": 178.0025,
    "daekoon": 0.0
  },
  "authorDisplayNameMap": {
    "ccyccyccy": "CHON..YUAN",
    "Parcly-Taxel": "JERE..ERUI",
    "niqiukun": "NI T..ZHEN",
    "openorclose": "DARY.. TAN",
    "yash-chowdhary": "YASH..HARY",
    "Tejas2805": "TEJA..ANIA",
    "dvrylc": "CHAN..ARYL",
    "jamessspanggg": "JAME.. WAI",
    "j-lum": "LUM ..FFRY",
    "iskandarzulkarnaien": "ISKA..AINI",
    "xantho09": "MUHA..INAL",
    "0blivious": "LIU ..IWEN",
    "hcwong": "JOSH..HIEN",
    "ang-zeyu": "ANG ..E YU",
    "geshuming": "GE S..MING",
    "alyip98": "YIP ..YEUN",
    "nbriannl": "LABA..RIDO",
    "tiuweehan": "TIU .. HAN",
    "madanalogy": "MUHA..JJAJ",
    "daekoon": "LIM ..KOON"
  }
}
