{
  "authorDailyContributionsMap": {
    "le0tan": [
      {
        "insertions": 287,
        "deletions": 0,
        "date": "2020-04-24",
        "commitResults": [
          {
            "hash": "dd457eff2d9f583acd7707fa5b78356c92a29ec3",
            "messageTitle": "[new locale] zh-mo: Chinese (Macau) (#5356)",
            "messageBody": "* Add locale support for zh-mo\r\n* Update zh-mo.js",
            "fileTypesAndContributionMap": {
              "js": {
                "insertions": 287,
                "deletions": 0
              }
            }
          }
        ]
      }
    ]
  },
  "authorFinalContributionMap": {
    "le0tan": 220
  },
  "authorFileTypeContributionMap": {
    "le0tan": {
      "js": 220
    }
  },
  "authorContributionVariance": {
    "le0tan": 560.30707
  },
  "authorDisplayNameMap": {
    "le0tan": "TAN ..HONG"
  }
}
