{"authorDailyContributionsMap":{"ccyccyccy":[],"Parcly-Taxel":[],"niqiukun":[],"openorclose":[{"date":"2020-01-12","commitResults":[{"hash":"0e984c619538e8d6566d5cdcf32062c340deae1f","messageTitle":"Standardize multiple references to the same footnote (#976)","messageBody":"Multiple references to the same footnote (e.g. footnote 1) now look like\r\n\r\n[1]\r\n[1:1]\r\n[1:2]\r\n...etc\r\n\r\nLet\u0027s standardize them so they all just show `[1]` instead.","fileTypesAndContributionMap":{"md":{"insertions":2,"deletions":0},"js":{"insertions":0,"deletions":4}}}]},{"date":"2020-02-15","commitResults":[{"hash":"b1f025f53c9c466185fccfb3f705c28b4f49a097","messageTitle":"Fix main page syntax link (#1024)","messageBody":"","fileTypesAndContributionMap":{"md":{"insertions":1,"deletions":1}}}]},{"date":"2020-02-23","commitResults":[{"hash":"5afcaa90e57e70c6b26a729a44ad466969636d1f","messageTitle":"Support line numbers for code blocks (#991)","messageBody":"","fileTypesAndContributionMap":{"css":{"insertions":90,"deletions":0},"mbdf":{"insertions":24,"deletions":1},"md":{"insertions":34,"deletions":4},"js":{"insertions":49,"deletions":13},"json":{"insertions":4,"deletions":0}}}]},{"date":"2020-04-10","commitResults":[{"hash":"2310c8621d9702b42d05c7ff59d2f68d245083e9","messageTitle":"Migrate to bootstrap-vue popovers (#1033)","messageBody":"","fileTypesAndContributionMap":{"css":{"insertions":87,"deletions":0},"mbdf":{"insertions":4,"deletions":13},"js":{"insertions":262,"deletions":43}}},{"hash":"cba8d080120c3ccdcf2c0fe20b449b696b9c55fc","messageTitle":"Render plugins on dynamic resources (#1051)","messageBody":"","fileTypesAndContributionMap":{"md":{"insertions":8,"deletions":0},"js":{"insertions":4,"deletions":0},"json":{"insertions":4,"deletions":0}}},{"hash":"d0cc8f3c15bf78dde985c8f506388fda2a86f83c","messageTitle":"Allow changing parameter properties (#1075)","messageBody":"","fileTypesAndContributionMap":{"js":{"insertions":180,"deletions":201}}},{"hash":"ba2d7ec76600084ede61ebee80e16361ad8d5866","messageTitle":"Remove redundant file writing (#1090)","messageBody":"We are writing to a temp path, and then reading it immediately.\r\nLet\u0027s avoid this by passing the string directly instead.","fileTypesAndContributionMap":{"js":{"insertions":19,"deletions":50}}},{"hash":"48a76e1263f04af1fdaf38e3ec716558539ef8a3","messageTitle":"Add start from line number functionality to code blocks (#1115)","messageBody":"Let\u0027s do this by checking for the `start-from` attribute on a code block\r\nand then set an inline style that sets the `line` counter to the \r\nappropriate value.","fileTypesAndContributionMap":{"mbdf":{"insertions":25,"deletions":1},"md":{"insertions":34,"deletions":0},"js":{"insertions":28,"deletions":3}}},{"hash":"ea117150233a1dcaec3307ce2947e44fd4c49cd6","messageTitle":"Remove OK button from modals (#1134)","messageBody":"Let\u0027s remove the redundant OK button from modals,\r\nand only show it if the `ok-title` attribute is present.","fileTypesAndContributionMap":{"mbdf":{"insertions":18,"deletions":0},"js":{"insertions":32,"deletions":5}}},{"hash":"ef51c9e16d7a2832fa726ba163b8a92ef710c156","messageTitle":"Show pointer and use underline dashed for click trigger (#1111)","messageBody":"Fix a regression from #1033.\r\n\r\nLet\u0027s add back the two styles of triggers:\r\n- click: show mouse pointer to signal that it is clickable\r\n  and use underline dashed\r\n- not click: no special cursor, and use underline dotted","fileTypesAndContributionMap":{"css":{"insertions":15,"deletions":0},"mbdf":{"insertions":2,"deletions":5},"js":{"insertions":8,"deletions":3}}},{"hash":"886027563e84dce9b78b7afbfb3ff8658dfba43d","messageTitle":"Upgrade to bootstrap-vue 2.5.0 (#1085)","messageBody":"","fileTypesAndContributionMap":{"css":{"insertions":15,"deletions":3},"js":{"insertions":33,"deletions":3}}},{"hash":"fc3f4c3a46cae5917a6ae968e22cfca0cda8e558","messageTitle":"Parse popovers for footnotes (#1155)","messageBody":"During the migration to bootstrap-vue,\r\npopovers had to be parsed into bootstrap-vue syntax.\r\n\r\nThis is done before the plugins stage, where footnotes are implemented, so the popovers don\u0027t work there.\r\n\r\nLet\u0027s add the parsing of popovers to the footnotes plugin to solve this.","fileTypesAndContributionMap":{"js":{"insertions":4,"deletions":0}}},{"hash":"e25f89f3fae0daa937ff74e4fa0b32a3cd9ba6a2","messageTitle":"Use \u003cbr\u003e to separate lines of code block (#1176)","messageBody":"","fileTypesAndContributionMap":{"js":{"insertions":2,"deletions":4}}}]},{"date":"2020-05-21","commitResults":[{"hash":"1cbb6c488392462f12c717ce0bbc1f7df42e4996","messageTitle":"Use border dotted for hover triggers (#1216)","messageBody":"","fileTypesAndContributionMap":{"css":{"insertions":3,"deletions":3}}}]}],"yash-chowdhary":[{"date":"2019-12-09","commitResults":[{"hash":"c3b354b7ae19eec955b5f9d4370c7336331ef50f","messageTitle":"Move constants to separate file","messageBody":"","fileTypesAndContributionMap":{"js":{"insertions":166,"deletions":74}}},{"hash":"fad5b093198ae6c8189c9b64db197e2cfd4d98c2","messageTitle":"Add core library constants and improve quality","messageBody":"","fileTypesAndContributionMap":{"js":{"insertions":24,"deletions":19}}},{"hash":"d0772d325296c6d562780b291c225c74f3ffe63e","messageTitle":"Correct file paths","messageBody":"","fileTypesAndContributionMap":{"js":{"insertions":2,"deletions":2}}}]},{"date":"2019-12-12","commitResults":[{"hash":"690f1a7ae4473a62992a9b3ef041b36f64f6f5c3","messageTitle":"Add feature-request issue template (#951)","messageBody":"","fileTypesAndContributionMap":{"md":{"insertions":71,"deletions":0}}}]},{"date":"2019-12-16","commitResults":[{"hash":"28aac0647d72595d962907057a69a939673c30a9","messageTitle":"Replace headers in test .md files with bold text (#954)","messageBody":"","fileTypesAndContributionMap":{"md":{"insertions":178,"deletions":118}}}]},{"date":"2020-02-08","commitResults":[{"hash":"450fcd1427b01033c53d8c6fc8b8a695803aeb15","messageTitle":"UserGuide: Document the use of icon-size in boxes (#1021)","messageBody":"","fileTypesAndContributionMap":{"mbdf":{"insertions":32,"deletions":0}}}]},{"date":"2020-02-16","commitResults":[{"hash":"3a91923db10b93ce379ce8a61c7aff81b67aeb24","messageTitle":"Exclude *.md files from being copied over on build (#1010)","messageBody":"","fileTypesAndContributionMap":{"md":{"insertions":0,"deletions":2},"js":{"insertions":13,"deletions":13}}}]},{"date":"2020-02-23","commitResults":[{"hash":"e67dce102b72c32e4261455118c1468274faabd9","messageTitle":"Allow using \u0027none\u0027 footer attribute in frontmatter (#1002)","messageBody":"","fileTypesAndContributionMap":{"mbdf":{"insertions":6,"deletions":0},"js":{"insertions":20,"deletions":0}}}]},{"date":"2020-04-10","commitResults":[{"hash":"ddaa948a09580949afcbdeafe8d364378805776c","messageTitle":"Add copy code-block plugin (#1043)","messageBody":"","fileTypesAndContributionMap":{"css":{"insertions":126,"deletions":0},"mbdf":{"insertions":20,"deletions":0},"md":{"insertions":1,"deletions":0},"js":{"insertions":56,"deletions":0}}},{"hash":"8829cec737825a334770640d8b4fa302e443efa2","messageTitle":"Enable AppVeyor CI (#1040)","messageBody":"","fileTypesAndContributionMap":{"yml":{"insertions":18,"deletions":1}}},{"hash":"7102a9664f8710cdc77fcd7a67c9336d8bab4010","messageTitle":"Custom timezone for built-in timestamp (#1073)","messageBody":"","fileTypesAndContributionMap":{"mbdf":{"insertions":3,"deletions":1},"md":{"insertions":813,"deletions":0},"json":{"insertions":1,"deletions":0},"js":{"insertions":11,"deletions":1}}},{"hash":"2255ece565751a519225936255bb531b8bcbb97a","messageTitle":"Remove dynamic include feature (#1037)","messageBody":"","fileTypesAndContributionMap":{"md":{"insertions":2,"deletions":8},"js":{"insertions":0,"deletions":104}}},{"hash":"481b811ecba96fbfbf2949237f91828917792d57","messageTitle":"Fix hrefs for headings with angular brackets (#1089)","messageBody":"```\r\nThe hrefs of headings with angular brackets are incorrect because\r\nmarkdown-it escapes the characters to \"\u0026lt;\" and \"\u0026gt;\" and the\r\nsubsequent slugify operation converts it to \"and-lt\" or \"and-gt\".\r\n\r\nLet\u0027s fix this by removing the occurrences of the strings \r\n\"\u0026lt;\" and \"\u0026gt;\" before the slugify operation\r\n```","fileTypesAndContributionMap":{"js":{"insertions":3,"deletions":1}}},{"hash":"4ad51d037739c751e5e7c54ba7c8b865067ed5a1","messageTitle":"Upgrade js-beautify and provide option to turn it off (#1116)","messageBody":"MarkBind currently runs js-beautify v1.7.5, although later versions\r\nof the library have been released (the latest version as of this PR\r\nis v1.10.3).\r\n\r\nLet\u0027s upgrade js-beautify to the latest version.\r\n\r\nTurning off js-beautify can improve the performance of MarkBind\u0027s \r\nbuild process. Let\u0027s also give the user the option to turn off js-beautify (whenever\r\nnecessary) through an option in site.json.","fileTypesAndContributionMap":{"md":{"insertions":12,"deletions":0},"json":{"insertions":3,"deletions":3},"js":{"insertions":24,"deletions":18}}}]}],"Tejas2805":[{"date":"2020-02-22","commitResults":[{"hash":"c5a8df275189295560230f2fa981e2efaf32a122","messageTitle":"Add \u0027_site\u0027 to the ignored folders in site.json (#1046)","messageBody":"","fileTypesAndContributionMap":{"js":{"insertions":3,"deletions":1}}}]},{"date":"2020-02-23","commitResults":[{"hash":"b1556eb86bf022a0d61ed98f2676abd1cf7d6b1f","messageTitle":"Make highlighting bold (#1045)","messageBody":"","fileTypesAndContributionMap":{"css":{"insertions":1,"deletions":1}}}]},{"date":"2020-04-10","commitResults":[{"hash":"0e83e7dfc71bac167bbb7a59913d5a8a94609f97","messageTitle":"Add pageNav to Using Plugins Page (#1062)","messageBody":"","fileTypesAndContributionMap":{"md":{"insertions":1,"deletions":0}}},{"hash":"85aa4f101fccfc370cfea8bd860acbe450211b94","messageTitle":"Add example for using multiple features in code-blocks (#1102)","messageBody":"The user will have to try out how to add multiple features when using \r\ncode blocks.\r\n\r\nLet\u0027s add an example regarding how to use multiple features in code\r\nblocks so that it\u0027s easier for the user to understand.","fileTypesAndContributionMap":{"mbdf":{"insertions":26,"deletions":2}}},{"hash":"ab430ce99914dc9cec55f6b71422c1069d3c387a","messageTitle":"Convert code in boxes to code block (#1086)","messageBody":"Let\u0027s convert \u003ccode\u003e boxes to code blocks to better showcase the \r\nfeature","fileTypesAndContributionMap":{"mbdf":{"insertions":49,"deletions":68}}},{"hash":"ac313041018ffa7bac0597fc09142ee9292073f2","messageTitle":"Fix pageNav in tweaking the page structure (#1127)","messageBody":"The pageNav for tweaking the page structure is missing filter tags.\r\n\r\nLet\u0027s fix the headings in filter tags and the pageNav so that pageNav\r\ndisplay filter tags appropriately.","fileTypesAndContributionMap":{"mbdf":{"insertions":5,"deletions":3},"md":{"insertions":3,"deletions":3}}},{"hash":"7a46aa01db0eff5698a32bc17bde8a1f106e2a1b","messageTitle":"Fix bug in Search for UG and DG (#1147)","messageBody":"","fileTypesAndContributionMap":{"md":{"insertions":6,"deletions":2}}},{"hash":"b02f0656c73d749a57363658a1ad00ce6d08bf34","messageTitle":"Remove fixed bugs from test\\functional\\test_site\\bugs\\index.md` (#1148)","messageBody":"","fileTypesAndContributionMap":{"md":{"insertions":20,"deletions":32},"json":{"insertions":8,"deletions":0}}},{"hash":"9e7a46079f8cee4f95a9335903e10eb76b4dfaa1","messageTitle":"Document adding new site content in DG (#1153)","messageBody":"New developers contributing a new feature to MarkBind have a hard time \r\nadding new content to the test site.\r\n\r\nLet\u0027s add documentation regarding how to do so.","fileTypesAndContributionMap":{"md":{"insertions":35,"deletions":3}}}]},{"date":"2020-04-12","commitResults":[{"hash":"705949aeac10dc423cf78f1f40027401e9fc300d","messageTitle":"User Guide: Fix link to user profile (#1197)","messageBody":"The link to a contributor\u0027s profile is pointing to someone\r\nelse\u0027s profile.\r\n\r\nLet\u0027s fix the link by pointing to the correct profile.","fileTypesAndContributionMap":{"md":{"insertions":1,"deletions":1}}},{"hash":"18cf0912473ea9ec3fe0eedc5ce0fe2f6c0a2faa","messageTitle":"Fix typo in fullSyntaxReference (#1195)","messageBody":"There is a typo in fullSyntaxReference.md for the component\r\nheading.\r\n\r\nLet\u0027s fix the typo and add angular brackets to make it consistent\r\nwith the other components.","fileTypesAndContributionMap":{"md":{"insertions":1,"deletions":1}}}]}],"dvrylc":[{"date":"2020-02-04","commitResults":[{"hash":"f1bf5718ccc92126c430b51b14b33c05c21bd336","messageTitle":"Allow stylelint to ignore test sites (#1011)","messageBody":"","fileTypesAndContributionMap":{"json":{"insertions":2,"deletions":2}}}]},{"date":"2020-02-15","commitResults":[{"hash":"c17a61539ca08794af30473c47db3d1cd0f5dac4","messageTitle":"Add support for Octicons (#1000)","messageBody":"","fileTypesAndContributionMap":{"css":{"insertions":10,"deletions":0},"mbdf":{"insertions":9,"deletions":3},"json":{"insertions":1,"deletions":0},"js":{"insertions":30,"deletions":3},"njk":{"insertions":1,"deletions":0}}}]},{"date":"2020-04-10","commitResults":[{"hash":"5a603f5fb6d53e32cbe460dd0af201fe2d484329","messageTitle":"Fix octicon sizing (#1132)","messageBody":"","fileTypesAndContributionMap":{"css":{"insertions":6,"deletions":0}}}]}],"j-lum":[],"iskandarzulkarnaien":[],"xantho09":[],"0blivious":[],"hcwong":[{"date":"2019-12-16","commitResults":[{"hash":"dea0559d8181bfe5bd639e21952324f5cd983ad6","messageTitle":"Update UG with minimum required Node version (#953)","messageBody":"","fileTypesAndContributionMap":{"md":{"insertions":2,"deletions":1}}}]},{"date":"2020-01-15","commitResults":[{"hash":"2a4963b5299aa676abeb574b393fefac0496e27e","messageTitle":"Update docs for light color scheme box (#977)","messageBody":"","fileTypesAndContributionMap":{"mbdf":{"insertions":56,"deletions":1}}}]},{"date":"2020-04-10","commitResults":[{"hash":"28d039f669127a8227da9c1cabe2e7f1099f8def","messageTitle":"Fix fontawsome icons don\u0027t show underlines to indicate modal/tooltip (#1133)","messageBody":"","fileTypesAndContributionMap":{"css":{"insertions":2,"deletions":3}}}]}],"ang-zeyu":[{"date":"2019-12-14","commitResults":[{"hash":"b6e5acae8601e7f279fba73f6b8fa4144da50841","messageTitle":"Update docs and tests for heading addition to box (#952)","messageBody":"","fileTypesAndContributionMap":{"mbdf":{"insertions":10,"deletions":0},"md":{"insertions":11,"deletions":2}}}]},{"date":"2019-12-23","commitResults":[{"hash":"211cd6e8e77d9175bb03b4c70daef7e145d65168","messageTitle":"Allow live reloading for plugin defined sources (#955)","messageBody":"","fileTypesAndContributionMap":{"md":{"insertions":35,"deletions":1},"js":{"insertions":47,"deletions":11}}},{"hash":"606eb8aae15e7170fb85aa9feb8dd5722e5f9a0f","messageTitle":"Update docs and tests for minimal panels addition (#960)","messageBody":"","fileTypesAndContributionMap":{"mbdf":{"insertions":12,"deletions":0},"md":{"insertions":13,"deletions":1}}}]},{"date":"2019-12-25","commitResults":[{"hash":"0e61ed45329ac5ac0ed761057ea9e066ad1e787e","messageTitle":"Update missing documentation for minimal panels (#961)","messageBody":"","fileTypesAndContributionMap":{"mbdf":{"insertions":4,"deletions":1}}}]},{"date":"2020-01-16","commitResults":[{"hash":"0acd97c3fd836ad49442f10e678b660d75924124","messageTitle":"Fix plugin live reloading for relative file paths (#974)","messageBody":"Relative file paths provided by plugins are not resolved against the\r\nprocessed page or included file.\r\n\r\nThis results in live reloading failing for pages not in the root\r\ndirectory.\r\n\r\nLet\u0027s fix this, and also rewrite plugin source collection, allowing\r\nplugins to simply define tags and corresponding source attributes\r\nto watch.\r\n\r\nThis moves the logic for checking whether the source is part of an\r\nincluded file to the main markbind repo, reducing potential code\r\nduplication and simplifying the api.","fileTypesAndContributionMap":{"md":{"insertions":17,"deletions":11},"js":{"insertions":144,"deletions":12}}}]},{"date":"2020-02-01","commitResults":[{"hash":"1b286173d924e9e34a94de4133eb32f88fc98ed5","messageTitle":"Fix heading indexing for pure html headings","messageBody":"","fileTypesAndContributionMap":{"js":{"insertions":53,"deletions":0}}},{"hash":"c0d6f3fff2af5c64186fcbe78fcb89c653bf1280","messageTitle":"Update docs for fixing html heading indexing","messageBody":"","fileTypesAndContributionMap":{"mbdf":{"insertions":24,"deletions":17},"md":{"insertions":1,"deletions":1}}},{"hash":"18a89d9eababaa32d2459a274a4128aaa68c9cf2","messageTitle":"Import markdown-it parser variant from /vue-strap","messageBody":"Markdown-it in /vue-strap uses different plugins for parsing\nits markdown content inside component attributes.\n\nIn preparation for moving markdown-it parsing to /markbind, let\u0027s move\nthe markdown-it variant from /vue-strap over to maintain parity with the\npast markdown rendering behaviour for attributes in vue components.\nLet\u0027s also restructure the directory hierarchy for markdown-it in here,\nto reduce code duplication between the two variants.\n","fileTypesAndContributionMap":{"css":{"insertions":15,"deletions":0},"json":{"insertions":14,"deletions":0},"js":{"insertions":49,"deletions":19}}},{"hash":"0114e66f17aaba6fa1f242130f424120441756dd","messageTitle":"Implement per component markdown attribute parsing","messageBody":"Markdown passed in attributes are being rendered in the client.\n\nThis results in a dependency on the markdown parsing library\n(markdown-it) on the client, bloating the resulting client bundle size.\nIt also slows webpage loading, especially on older devices.\nMoreover, /markbind already parses some amount of markdown in attributes\nfor other purposes when building the site. This results in a less\ncohesive codebase.\n\nLet\u0027s move all markdown-it parsing from /vue-strap to /markbind,\npassing the rendered html into vue slots.\nAdditionally, let\u0027s conveniently standardise the attribute naming for\nthese components at the same time.\n","fileTypesAndContributionMap":{"js":{"insertions":255,"deletions":10}}},{"hash":"91804319a6b06172682b82b654bb102fb36f069d","messageTitle":"Adapt panel header indexing","messageBody":"Markdown in attributes are now being parsed at build time.\n\nLet’s adapt the panel header indexing, so that it appropriately\nindexes the header in the correct slot.\n","fileTypesAndContributionMap":{"js":{"insertions":62,"deletions":45}}},{"hash":"59e0a3eb80051035e479f2d03137b5dfdd7c63f0","messageTitle":"Add unit tests for ComponentParser","messageBody":"","fileTypesAndContributionMap":{"js":{"insertions":349,"deletions":0}}},{"hash":"c99bf2f5a5cd1d1a1b610afa42620f32ac7b3d1f","messageTitle":"Update input test files for attribute names update","messageBody":"","fileTypesAndContributionMap":{"md":{"insertions":12,"deletions":12}}},{"hash":"ba9ad886719e7f266a5d38ef97909cfe8db15f0d","messageTitle":"Update expected test files","messageBody":"Moving markdown parsing to build time results in markdown\nin attributes being parsed into html in the dom.\n\nLet’s update the expected test files to reflect these changes.\n","fileTypesAndContributionMap":{"json":{"insertions":0,"deletions":1}}},{"hash":"26c36a4835866950bbd2627620a38d624c8aaca1","messageTitle":"Update docs for attribute name standardisation","messageBody":"","fileTypesAndContributionMap":{"mbdf":{"insertions":73,"deletions":71},"md":{"insertions":16,"deletions":9}}}]},{"date":"2020-02-15","commitResults":[{"hash":"a1458b2350bfb5a2c7597e91ecd73506cc7abc44","messageTitle":"Remove extra blank lines from page.njk output (#1005)","messageBody":"","fileTypesAndContributionMap":{"njk":{"insertions":12,"deletions":21}}},{"hash":"0dde42daf237c1934952a7ba6f82666bce8830e3","messageTitle":"Restructure generated site data for searchbar ui (#1006)","messageBody":"Keywords tied to a heading are appended to the heading with a prepending\r\n\u0027|\u0027 character.\r\nThis is so that the \u0027|\u0027 character would serve as a visual separator\r\nbetween the heading and the keyword.\r\n\r\nHowever, it is thus not possible to extract a keyword from its heading\r\ndeterministically, as a heading can also include the \u0027|\u0027 character.\r\n\r\nLet\u0027s move the keywords to its own field, allowing the searchbar to\r\nextract a heading\u0027s keyword from it.","fileTypesAndContributionMap":{"js":{"insertions":5,"deletions":13},"json":{"insertions":27,"deletions":21}}}]},{"date":"2020-02-22","commitResults":[{"hash":"5a99762f37c3ff66b6ecd01fe6225c32779e6bb0","messageTitle":"Implement box markdown header attributes parsing (#1025)","messageBody":"","fileTypesAndContributionMap":{"mbdf":{"insertions":6,"deletions":6},"js":{"insertions":38,"deletions":0}}}]},{"date":"2020-04-10","commitResults":[{"hash":"6d57ffc2ab682d2bb6b07d640ebc37103bccb514","messageTitle":"Refactor preprocess and url processing functions (#1026)","messageBody":"The parser class houses a large number of functions.\r\nThis can be daunting for newer developers to the project, and decreases\r\nmaintainability of the code.\r\n\r\nLet’s start by modularising the preprocess and url processing functions\r\ninto separate files.\r\nLet’s also enhance some in-code documentation for these functions.\r\nSome of these functions can also be abstracted into smaller units of\r\nfunctionality, increasing the maintainability of the code.","fileTypesAndContributionMap":{"js":{"insertions":603,"deletions":372}}},{"hash":"9060f5666ab442028a6eeb10e161710e43c9e898","messageTitle":"Implement an api to ignore content in certain tags (#1047)","messageBody":"The parsers MarkBind uses parses content in html tags as html\r\nor markdown respectively.\r\nThis makes it difficult to add custom components that utilize\r\nconflicting syntax.\r\n\r\nLet’s add an interface to ignore content in certain special tags.\r\nThis interface is also exposed to plugins as the getSpecialTags option.","fileTypesAndContributionMap":{"md":{"insertions":104,"deletions":0},"js":{"insertions":379,"deletions":63},"json":{"insertions":24,"deletions":0}}},{"hash":"89e63fbd4a31fae5c9400a852d4c298ce6fdbc9b","messageTitle":"Implement lazy page building for markbind serve (#1038)","messageBody":"During live reload, changes to a source file rebuilds all files that are\r\ndependent on it.\r\n\r\nIn addition, rebuilding all dependent source files slows the live reload\r\nprocess, leading to a less pleasant user experience.\r\n\r\nIn addition, when running markbind serve, all pages are built and\r\nrendered initially.\r\nThis significantly slows down the time to first page load, which can\r\nbe substantial when the number of source files is huge.\r\n\r\nLet\u0027s implement lazy page building in these operations, which is opt-in\r\nusing the existing -o \u003cfile\u003e or --one-page \u003cfile\u003e flags for the markbind\r\nserve command.\r\n\r\nChanges to a source file will only rebuild pages that are dependent on\r\nit, and is currently being viewed by the author. Other pages not being\r\nviewed by the author are rebuilt when the author navigates to them.\r\nIn addition, only the landing page is built initially when serving.\r\nSubsequent pages are built when the author navigates to them.","fileTypesAndContributionMap":{"md":{"insertions":67,"deletions":20},"js":{"insertions":270,"deletions":59}}},{"hash":"ecbc6022a41bdadc1be538d3c8567602276ce3d6","messageTitle":"Fix refactor to processDynamicResources (#1092)","messageBody":"","fileTypesAndContributionMap":{"js":{"insertions":2,"deletions":3}}},{"hash":"643804e0f3412e4ec8434a28cb3b5e66b3a87c80","messageTitle":"Fix flex shrink not applying in content wrapper (#1135)","messageBody":"","fileTypesAndContributionMap":{"css":{"insertions":1,"deletions":1}}},{"hash":"d8b51b9fe34708d6926bdb85350963ad6c9729bb","messageTitle":"Unify markdown-it parser variants (#1056)","messageBody":"The markdown-it parser used for attributes in components\r\nuses a different set of plugins from the one used throughout markbind.\r\n\r\nLet\u0027s unify the two variants to reduce the potential amount of\r\nmaintainence needed, and standardise the usable markdown\r\nsyntax throughout markbind.","fileTypesAndContributionMap":{"mbdf":{"insertions":13,"deletions":6},"js":{"insertions":11,"deletions":37}}},{"hash":"68691eb4b8bf4dd11b218e2aa9af6392f64cf4bb","messageTitle":"Simplify baseUrl resolving process (#1087)","messageBody":"BaseUrls for static includes are rendered once during pre-processing\r\nand another time during resolveBaseUrls.\r\nThe rebaseReference subroutine used during resolveBaseUrls also has\r\nsome unnecessary complexity.\r\nIn addition, in calculateNewBaseUrls, the relative baseUrl for doubly\r\nnested subsites are not resolved correctly.\r\n\r\nLet’s remove the rendering during pre-processing, unifying where baseUrl\r\nis resolved for statically included content.\r\nLet’s also refactor the rebaseReference method, simplifying its logic.\r\nAt the same time, we can standardise usages of the calculateNewBaseUrls\r\nmethod to calculateImmediateParentSitePath, and fix the relative baseUrl\r\nreturned for doubly nested subsites.","fileTypesAndContributionMap":{"md":{"insertions":29,"deletions":0},"js":{"insertions":94,"deletions":140},"json":{"insertions":31,"deletions":0}}},{"hash":"193c89551cb176d9c881ec059d6d73227b738fd8","messageTitle":"Allow special tags to be self-closing (#1101)","messageBody":"Unlike the html script and style special tags, plugin authors may want\r\ninjected special tags to be able to be self-closing as well.\r\nThis can help unify the syntax used in the plugin, which makes for\r\nbetter author usability of the plugin.\r\n\r\nLet’s allow injected special tags to be self-closing.\r\nLet’s also do so for the script and style tags, which would be\r\nexpanded to their normal form after rendering.","fileTypesAndContributionMap":{"md":{"insertions":14,"deletions":0},"js":{"insertions":25,"deletions":2}}},{"hash":"c4eaf03f26f4916168fb4ec478415d33c228190a","messageTitle":"Update test files (#1138)","messageBody":"","fileTypesAndContributionMap":{"css":{"insertions":2,"deletions":2}}},{"hash":"5096be174b53f1750b271f7a63fff759590cbf45","messageTitle":"Fix lazy reload for urls without index (#1110)","messageBody":"Lazy live reloading uses the file extension of the request url to\r\ndetermine whether the request is for a html page, and not from a\r\ndynamic include.\r\nHence, requests for index.html with urls that do not end with\r\nindex.html fail to be detected.\r\n\r\nLet’s add extra processing to detect such requests.","fileTypesAndContributionMap":{"js":{"insertions":27,"deletions":10}}},{"hash":"bf1239de3d050fc37d07587e1aeaf9aeab552273","messageTitle":"Allow an array for specifying page src or glob (#1118)","messageBody":"The site configuration does not allow using an array for specifying\r\npages in the src or glob property.\r\nThe method for collecting the addressable pages can also be\r\nmade slightly simpler in the process.\r\n\r\nLet’s do so, reducing the amount of repeated configuration the\r\nauthor potentially needs to write.\r\nLet’s also simplify the method for collecting addressable pages\r\nin the process.","fileTypesAndContributionMap":{"md":{"insertions":5,"deletions":2},"json":{"insertions":37,"deletions":87},"js":{"insertions":24,"deletions":21}}},{"hash":"a9f49ca326e80e25baf3f4cfa659b1215af28f7c","messageTitle":"Fix baseUrl not working in include src attribute (#1088)","messageBody":"While pre-processing includes or panels, we have not yet resolved\r\nthe baseUrl of the src attribute.\r\nThis causes markbind to fail in finding the source file, since baseUrl\r\nremains in the src attribute.\r\n\r\nLet’s resolve the baseUrl for such cases first, allowing the user to use\r\nthe baseUrl attribute in include and panel src attributes.","fileTypesAndContributionMap":{"md":{"insertions":24,"deletions":0},"js":{"insertions":18,"deletions":3}}},{"hash":"9e2ee7cb89e7dc39e99f6997d5a89e20f921bd56","messageTitle":"Normalize inline puml line ending before hashing (#1174)","messageBody":"","fileTypesAndContributionMap":{"js":{"insertions":3,"deletions":1}}},{"hash":"7c3c1605c17c0dbd49bcb1772bca71833ac6997f","messageTitle":"Expand test extensions and fix whitespace checks (#1156)","messageBody":"The diffing utilities used for functional tests only check for\r\ndifferences in html files and the siteData json file.\r\nAdditionally, the diffs are whitespace and newline insensitive, which\r\ncan cause subtle, unintended changes to go unnoticed.\r\n\r\nLet\u0027s expand the range of files to diff, using the isTextOrBinary\r\npackage as a first guard against diffing binary files.\r\nLet\u0027s add additional constants that guard against binary files not\r\nrecognised by the package, or misrecognised as such.\r\n\r\nLet\u0027s also change the diffing function used to be whitespace and\r\nnewline sensitive.\r\nSince whitespaces and newlines now appear in the diffs, let\u0027s also\r\nimprove the diff printing utilities to account for it.","fileTypesAndContributionMap":{"json":{"insertions":1,"deletions":0},"js":{"insertions":118,"deletions":89}}},{"hash":"da8c0f5fbf493728a292cde304cf3e1515273356","messageTitle":"Standardise code style and remove eslint disables (#1180)","messageBody":"","fileTypesAndContributionMap":{"js":{"insertions":183,"deletions":285}}}]},{"date":"2020-04-12","commitResults":[{"hash":"bdc4b0cf5f160674931286b52b6d0a01976d5654","messageTitle":"Allow variable tags to contain malformed xml (#1193)","messageBody":"With the special tags patch, variables are able to contain custom\r\ncontent possibly containing malformed xml.\r\n\r\nLet’s add variable to the list of special tags to do so.","fileTypesAndContributionMap":{"js":{"insertions":9,"deletions":6}}}]},{"date":"2020-04-15","commitResults":[{"hash":"3934f3e1c527f2d7e0155b50e4fcaa3f591ebc69","messageTitle":"Add SiteConfig model (#1175)","messageBody":"The undefined properties of the site configuration object of Site are\r\nlazily initialised throughout site generation.\r\nThis decreases the maintainability of site configuration logic.\r\n\r\nLet’s consolidate all such initialisation to a new SiteConfig model.","fileTypesAndContributionMap":{"js":{"insertions":128,"deletions":39}}}]},{"date":"2020-05-04","commitResults":[{"hash":"a515669cfbc5f9b3f2ab1bd4b8264ec598e6aa12","messageTitle":"Fix several b-modal selector names (#1218)","messageBody":"The bootstrap vue migration causes modal elements to be transformed into\r\nb-modal.\r\n\r\nLet’s change the leftover selector names to match the new name.","fileTypesAndContributionMap":{"js":{"insertions":4,"deletions":4}}}]},{"date":"2020-05-21","commitResults":[{"hash":"245eabb3382b269fbe2fb96813afed9c626ef155","messageTitle":"Remove redundant and unused variables (#1223)","messageBody":"","fileTypesAndContributionMap":{"js":{"insertions":0,"deletions":22}}}]},{"date":"2020-05-22","commitResults":[{"hash":"3f4aa36786909ff2e0b211d87ec643034996485e","messageTitle":"Remove expressive layouts code duplication (#1225)","messageBody":"","fileTypesAndContributionMap":{"js":{"insertions":100,"deletions":195}}}]},{"date":"2020-06-07","commitResults":[{"hash":"4140a70179f37b006fb30e14fe667bcdb5736e76","messageTitle":"Simplify site nav generation (#1221)","messageBody":"The site nav generation algorithm is heavily recursive.\r\n\r\nLet\u0027s remove the recursion in favour of a simple iterative process.","fileTypesAndContributionMap":{"js":{"insertions":99,"deletions":102}}},{"hash":"cd4cbaf58f11690fd132cf2aa4b62629a06eb5ff","messageTitle":"Tweak site navigation design (#1222)","messageBody":"","fileTypesAndContributionMap":{"css":{"insertions":183,"deletions":171},"md":{"insertions":6,"deletions":6},"js":{"insertions":60,"deletions":96}}}]},{"date":"2020-06-08","commitResults":[{"hash":"af495cfbcb9bed8e6dbd929198991a8e5bf6555c","messageTitle":"Update variable documentation (#1203)","messageBody":"The limitation of variables not being able to contain incomplete or\r\nmalformed xml has been patched.\r\nSome areas of the variable documentation can also be formatted with\r\nnewly introduced features to be more visually appealing.\r\n\r\nLet’s update the user guide to reflect the patch, and reformat some\r\nareas of the variable documentation.","fileTypesAndContributionMap":{"mbdf":{"insertions":112,"deletions":122},"md":{"insertions":2,"deletions":2}}}]},{"date":"2020-06-13","commitResults":[{"hash":"cc68c207c68515d0bc87975325bacad93bce99c7","messageTitle":"Fix site nav highlight and padding (#1242)","messageBody":"Needing to start content without padding in the site navigation menu is\r\na rare use case. Let\u0027s revert the padding removal from the site nav.\r\n\r\nThe site nav supports adding custom content in between navigation items\r\nas a markdown list item, but erroneously applies the highlight and\r\nclick wrapper.\r\nLet\u0027s not apply the wrapper when there is no anchor or nested list in\r\nsaid list item to rectify this.","fileTypesAndContributionMap":{"css":{"insertions":21,"deletions":6},"mbdf":{"insertions":68,"deletions":36},"md":{"insertions":4,"deletions":4},"js":{"insertions":9,"deletions":0}}}]},{"date":"2020-06-17","commitResults":[{"hash":"215a6f593de59102defdb05c2f4ffc8dabc46a07","messageTitle":"Update ignore configs for /vue-strap merge","messageBody":"Vue-strap enables coverage reporting for snapshot tests.\n\nThe linting and jest configurations need to be updated as well to\nisolate linting and tests to their original repos as well.\n\nLet\u0027s add the coverage folder to .gitignore to avoid large coverage\ndiffs. Let\u0027s also update the eslint, stylelint and jest configurations\nto ignore the appropriate folders.\n\nSome vue component no longer exist that are still in the .eslintrc file\nas well.\nLet\u0027s remove these.","fileTypesAndContributionMap":{"js":{"insertions":1,"deletions":0},"json":{"insertions":1,"deletions":0}}},{"hash":"0d2ee5add5cd3c5b8db183ee803ecc480aa13b96","messageTitle":"Update developer guide for /vue-strap merge","messageBody":"","fileTypesAndContributionMap":{"md":{"insertions":17,"deletions":23}}}]},{"date":"2020-06-19","commitResults":[{"hash":"c8feae4606ade1aedc5ab8af0b86655da4ba4506","messageTitle":"Fix padding and font weight for custom list items (#1254)","messageBody":"Padding and font weight formatting are not applied for custom list\r\nitems without nested lists or anchors.\r\n\r\nLet\u0027s add these, and rename the classes used for better naming\r\nconsistency.","fileTypesAndContributionMap":{"css":{"insertions":39,"deletions":24},"js":{"insertions":11,"deletions":5}}}]},{"date":"2020-06-30","commitResults":[{"hash":"9d89140e64987d0c376b52292951d6a901db0e03","messageTitle":"Move components package to packages/vue-components","messageBody":"","fileTypesAndContributionMap":{"md":{"insertions":5,"deletions":5},"vue":{"insertions":0,"deletions":0},"js":{"insertions":3,"deletions":3},"json":{"insertions":12,"deletions":11}}}]},{"date":"2020-07-10","commitResults":[{"hash":"ad4e90c3bf0e0fde754b9bb109d32ec32cbde0ec","messageTitle":"Fix puml plugin spawning zombie jvm processes (#1245)","messageBody":"Asynchronously executing the puml child process results in zombie jvm\r\nprocesses as there are multiple callbacks attached to it and page\r\ngeneration is heavily callback based.\r\n\r\nLet\u0027s break page generation into chunks, which allows node to clean up\r\nthe zombie processes in a timely fashion.\r\n\r\nLet\u0027s also change the generated image\u0027s path to resolve from the\r\nlocation of it\u0027s definition (ie. the file where the \u003cpuml\u003e tag is\r\nused), to reduce the amount of jvms spawned through including the same\r\nfile multiple times.","fileTypesAndContributionMap":{"mbdf":{"insertions":25,"deletions":0},"md":{"insertions":3,"deletions":12},"js":{"insertions":112,"deletions":78}}},{"hash":"fcc37e0c7da0039cf261f4400acb7ff49ac1c4d9","messageTitle":"Tweak box styles and revamp box code (#1268)","messageBody":"The box component has numerous possible styles which relies heavily on\r\nhighly cascaded classes\u0027 styles.\r\nThis introduces a high degree of coupling between the classes. Also, as\r\na result of the cascading, some classes are rendered but completely\r\noverwritten by others, making them redundant.\r\n\r\nLet\u0027s revamp the box template and code to fix this.\r\nWe centralize the dynamic styles of each element into computed\r\nproperties, and extract helper methods to make these computed\r\nproperties as lean as possible.\r\n\r\nAlso, the component was already heavily rewritten prior to this. Hence,\r\nlet\u0027s remove it from the eslint ignore list to achieve consistent code\r\nstyling.\r\n\r\nWhile revamping the code, let\u0027s tweak the box styles a little as well:\r\n- Add some more padding for the header wrapper to better accomodate\r\nmarkdown taking up a lot of space.\r\n- Use the bootstrap \u0027primary\u0027 coloring for definition type boxes,\r\nproviding better visual diversity.\r\n- Separate the applying of colors to the content wrapper and icon\r\nwrapper. In so doing, the color attribute applies only to the content\r\n(#1234), and seamless boxes\u0027 content correctly inherit color (#1233).\r\n- Use the lighter `text-xx` bootstrap classes for seamless boxes\u0027\r\ncoloring instead which are more suitable against a common white\r\nbackground than the overly dark `alert-xx` classes.","fileTypesAndContributionMap":{"mbdf":{"insertions":42,"deletions":26},"vue":{"insertions":281,"deletions":221},"js":{"insertions":1,"deletions":0}}}]},{"date":"2020-07-20","commitResults":[{"hash":"7fbe72f9c87fa8d1108eb2e6e2addd142493a54e","messageTitle":"Move lots of things to the core package (#1272)","messageBody":"Move non-cli functionalities to @markbind/core\r\n\r\nThe cli package houses numerous key functionalities in site generation,\r\nsuch as the Site and Page models, assets, plugins and unit tests\r\nbelonging to files in @markbind/core.\r\n\r\nLet\u0027s move all non-cli related functionality to the @markbind/core\r\npackage instead.\r\nThis encourages markbind-cli to focus solely on the cli aspect of\r\nthe application.","fileTypesAndContributionMap":{"css":{"insertions":0,"deletions":0},"md":{"insertions":14,"deletions":19},"js":{"insertions":278,"deletions":278},"json":{"insertions":14,"deletions":12},"njk":{"insertions":0,"deletions":0}}}]},{"date":"2020-07-21","commitResults":[{"hash":"5927ff473dd454e7120c685600bdd07ce5fa3587","messageTitle":"Revert file permission changes (#1281)","messageBody":"","fileTypesAndContributionMap":{"md":{"insertions":0,"deletions":0},"js":{"insertions":0,"deletions":0},"json":{"insertions":0,"deletions":0}}},{"hash":"5add8641e2bc8ae54d1ab571bda1dda8a6301de2","messageTitle":"Bump Vue.js from 2.5.16 to 2.6.11 (#1282)","messageBody":"","fileTypesAndContributionMap":{"js":{"insertions":9,"deletions":9}}}]},{"date":"2020-07-26","commitResults":[{"hash":"978dd15efe249a4867581e85e0718626d462b17b","messageTitle":"Remove code fence wrap on hovering (#1288)","messageBody":"","fileTypesAndContributionMap":{"css":{"insertions":0,"deletions":12}}},{"hash":"c3ce61624760afabc7d10a7618605656287b6f67","messageTitle":"Remove deprecated syntax from default template (#1290)","messageBody":"","fileTypesAndContributionMap":{"md":{"insertions":3,"deletions":3}}},{"hash":"b2476b3b68efd91ea0f38d0e215d2b4b59bcc168","messageTitle":"Touch up user guide questions section (#1286)","messageBody":"","fileTypesAndContributionMap":{"mbdf":{"insertions":42,"deletions":49}}}]},{"date":"2020-07-28","commitResults":[{"hash":"47f935e342ed14c0798b80d90e4666d07fd7ef10","messageTitle":"Bump font-awesome from 5.13.1 to 5.14.0 (#1292)","messageBody":"","fileTypesAndContributionMap":{"css":{"insertions":4,"deletions":4},"json":{"insertions":1,"deletions":1}}}]},{"date":"2020-08-01","commitResults":[{"hash":"43cfd089140d4bfe86b69c2562b2d1c854e73c87","messageTitle":"Hide check button for legacy answerless questions (#1296)","messageBody":"","fileTypesAndContributionMap":{"vue":{"insertions":2,"deletions":1}}},{"hash":"af007d15eb73f728882f29889aebf84462c94760","messageTitle":"Use es6 default export for vue-components (#1298)","messageBody":"","fileTypesAndContributionMap":{"js":{"insertions":9,"deletions":41}}},{"hash":"c3ba23935f675d1f7a2ed95ff96aa58a6261e421","messageTitle":"Enable linting for several vue-components files (#1299)","messageBody":"Several files in the vue-components package have undergone heavy\r\nmodifications since porting from yuche/vue-strap.\r\n\r\nLet\u0027s enable html and js linting for these files to standardise code\r\nstyle as such.","fileTypesAndContributionMap":{"vue":{"insertions":411,"deletions":325},"js":{"insertions":54,"deletions":41}}},{"hash":"9f80e4b36c5d32023f9ee3fcef142518e8ce8ba2","messageTitle":"Use tree-shaked BootstrapVue components (#1300)","messageBody":"Only three components - modals, popovers and tooltips, rely on the\r\nBootstrapVue library. The BootstrapVue dist is also rather large, at\r\n358kb.\r\n\r\nLet\u0027s tree shake the library and bundle it together with the\r\nvue-components package as such.\r\nThis also makes for better cohesion of vue components.\r\n\r\nIn addition, the script tag referencing the polyfill dependency of\r\nBootstrapVue and the components bundle was placed at the very bottom.\r\nThis increases FOUC, as the browser loads the bundles unnecessarily\r\nonly after the entire page has loaded.\r\n\r\nLet\u0027s move the script tags up to the \u003chead\u003e tag hence.","fileTypesAndContributionMap":{"md":{"insertions":9,"deletions":1},"js":{"insertions":17,"deletions":113},"json":{"insertions":1,"deletions":1},"njk":{"insertions":4,"deletions":5}}},{"hash":"52f5519a3505d943f9e82e96b99d1deb4c5d0f1a","messageTitle":"Remove unused files in vue-components (#1302)","messageBody":"","fileTypesAndContributionMap":{"md":{"insertions":0,"deletions":1},"vue":{"insertions":0,"deletions":70},"js":{"insertions":0,"deletions":23}}}]},{"date":"2020-08-02","commitResults":[{"hash":"8a295427fa4a845517bef0e928373a58c92e9358","messageTitle":"Add \u0027vue\u0027 to vue-components externals (#1305)","messageBody":"BootstrapVue imports the vue library in its source code, causing vue\r\nto also be included in the vue-components bundle.\r\n\r\nLet\u0027s add it to the webpack externals config, resulting in further\r\nsavings of 70kb + 180kb over using the full BootstrapVue bundle.","fileTypesAndContributionMap":{"js":{"insertions":3,"deletions":0}}}]},{"date":"2020-08-08","commitResults":[{"hash":"9626eec920b9d4436153a9f80093c0a14f31facd","messageTitle":"Build components bundle before deploying devGuide (#1317)","messageBody":"","fileTypesAndContributionMap":{"yml":{"insertions":1,"deletions":0}}},{"hash":"eac1a9d29ca494a2694a3fcd80252ac7b5d18f69","messageTitle":"Fix README.md link (#1318)","messageBody":"","fileTypesAndContributionMap":{"md":{"insertions":1,"deletions":3}}},{"hash":"1c2f6c2812b7c2110d36b9caa721c06d3243bfe8","messageTitle":"Fix user guide b-btn usage (#1319)","messageBody":"With bootstrap-vue tree shaken, b-btn components no longer work.\r\n\r\nLet\u0027s change the user guide\u0027s buttons to simple anchor tags accordingly.","fileTypesAndContributionMap":{"md":{"insertions":2,"deletions":2},"njk":{"insertions":2,"deletions":2}}},{"hash":"8c729dbf92778e18ea22e809193cadcfb4552dc8","messageTitle":"Use markdown-it-footnotes source instead of bundle (#1320)","messageBody":"","fileTypesAndContributionMap":{"js":{"insertions":405,"deletions":366}}}]},{"date":"2020-08-11","commitResults":[{"hash":"1a5d0c32ba23292db0e48bea48b41cd959c5c30f","messageTitle":"Change batch and shell test scripts to javascript (#1297)","messageBody":"Test and test update scripts are written using bash and shell scripts,\r\nwhich increases maintainence due to having to maintain two sets of OS\r\ndependent scripts.\r\n\r\nLet\u0027s rewrite these scripts using javascript instead.","fileTypesAndContributionMap":{"md":{"insertions":10,"deletions":14},"yml":{"insertions":1,"deletions":1},"json":{"insertions":3,"deletions":10},"js":{"insertions":253,"deletions":74}}}]},{"date":"2020-08-16","commitResults":[{"hash":"9e15e9b94fa49dfe9ddb037d6113129f56ad7e75","messageTitle":"Add frontend live / hot reload workflow (#1327)","messageBody":"The frontend workflow requires launching webpack in watch mode. This is\r\nthen followed by manually copying the built bundles to the output\r\ndirectory of the site, or terminating and then relaunching the MarkBind\r\ncommand.\r\n\r\nWith a frontend entry point setup in the core-web package, and the\r\nMarkBind /vue-strap fork merged into the main monorepo, let\u0027s take\r\nadvantage of this and add a live / hot reload workflow.\r\nThis provides a near instant edit-feedback development cycle that makes\r\nfrontend development much quicker.\r\n\r\nThis is integrated into the markbind serve command using the --dev\r\nor -d option.","fileTypesAndContributionMap":{"md":{"insertions":14,"deletions":2},"js":{"insertions":65,"deletions":20},"json":{"insertions":3,"deletions":0},"njk":{"insertions":1,"deletions":1}}}]},{"date":"2020-08-19","commitResults":[{"hash":"b5bdc1f561b065cd6510e4de25a8650639e4b83b","messageTitle":"Force webpack build context to core-web directory (#1330)","messageBody":"Webpack uses the current working directory as the build context from\r\nwhich to resolve its loaders and modules,\r\nand babel uses it as the conceptual project root directory.\r\n\r\nWhen building frontend bundles, the working directory and thus build\r\ncontext correctly resides at the core-web package.\r\nWhen serving a site outside of the markbind/ project folder with the\r\n--dev option however, it is not, causing the core-web build process to\r\nfail.\r\n\r\nLet\u0027s explicitly set the build context for webpack and babel to the\r\ncore-web project folder hence.","fileTypesAndContributionMap":{"js":{"insertions":2,"deletions":0}}}]},{"date":"2020-08-22","commitResults":[{"hash":"943bf99f5f83f8308d318be48893b7cd9cefb789","messageTitle":"Change code fence html line break to newlines (#1333)","messageBody":"The codeBlockCopyButtons plugin relies on the textContent of the code\r\nfence html element.\r\nThe textContent does not convert html \u003cbr\u003e elements into newlines.\r\n\r\nLet\u0027s change the code fence markdown rendering function to use newlines\r\ninstead of \u003cbr\u003e elements hence.","fileTypesAndContributionMap":{"js":{"insertions":2,"deletions":2}}}]},{"date":"2020-09-05","commitResults":[{"hash":"970dfcc8ba227eaf569e342600f717a8a270704d","messageTitle":"Remove redundant Site unit tests (#1334)","messageBody":"Several Site unit tests test assert the number of, and existence of\r\nnumerous assets and files.\r\nThese tests are rather unmaintainable, requiring frequent change\r\nwhenever any of these files are added, deleted, or moved.\r\n\r\nMany hardcoded assets and files are also used in the mocked filesystem\r\nfor these tests, which are duplicates / mocks of the actual assets.\r\nThese may also need to be updated when the underlying assets change.\r\n\r\nIn addition, the cli functional tests, which are easily updated through\r\nthe npm scripts, are already able to detect the presence or absence of\r\nsuch assets and files, the number of them, and any changes in the file\r\ncontent.\r\n\r\nLet\u0027s remove these unit tests as such.","fileTypesAndContributionMap":{"js":{"insertions":0,"deletions":353}}},{"hash":"55df2dc67e3d82137396cb79b30b8e7df8998902","messageTitle":"Run lerna clean during npm setup script (#1340)","messageBody":"","fileTypesAndContributionMap":{"json":{"insertions":1,"deletions":1}}},{"hash":"c5b0bcc391da38911a95363d8013aa85cf51a8b7","messageTitle":"Restore colors to test output (#1341)","messageBody":"Lerna run test executes the npm test script of each package in a\r\nsubprocess, causing certain libraries like chalk to disable color\r\noutput since stdout is not a TTY.\r\n\r\nLet\u0027s override this behavior, enabling color output for tests.","fileTypesAndContributionMap":{"json":{"insertions":3,"deletions":3},"js":{"insertions":4,"deletions":0}}},{"hash":"c41be1b5ebcc5411714872c8a16a4f817382995d","messageTitle":"Fix several devGuide issues (#1342)","messageBody":"- Broken user guide link\r\n- Order of packages listed in design.md\r\n- Mention of assets in @markbind/core package which\r\n  are moved to @markbind/core-web","fileTypesAndContributionMap":{"md":{"insertions":9,"deletions":11}}},{"hash":"9c0e38ce30cf12346690f0788dafcc0682d98163","messageTitle":"Separate stateful and stateless Page properties (#1343)","messageBody":"Various properties passed from the Site model to the Page model are\r\nstateless, in that they do not change across page generation calls.\r\n\r\nSome other properties are stateful, and are reset at during each page\r\ngeneration cycle.\r\n\r\nLet\u0027s clearly separate these two types of properties.\r\n\r\nStateless properties are extracted into the PageConfig model, which is\r\nthe set of properties Site passes when creating the Page instance.\r\nStateful properties are extracted into the resetState method of the\r\nPage model, which is called before each page generation cycle.\r\n\r\nThis also resets many other properties not reset before, fixing\r\nnumerous instances where live reload does not work.","fileTypesAndContributionMap":{"js":{"insertions":321,"deletions":279}}},{"hash":"ffa6dabe5744b0c30404050fbdbeb8dc4d7c00b3","messageTitle":"Fix enableSearch template variable (#1344)","messageBody":"The searchable Page variable, which blacklists a page from being\r\nindexed, is mistakenly used for in place of the enableSearch variable,\r\nwhich controls whether the site\u0027s search functionality is enabled.\r\n\r\nLet\u0027s correct this as such.","fileTypesAndContributionMap":{"js":{"insertions":6,"deletions":1}}}]},{"date":"2020-09-06","commitResults":[{"hash":"597e79d41dc12e0fbed2b877cedcb3246a2d1fb9","messageTitle":"Refactor Page dependency checking (#1345)","messageBody":"Checking for dependencies of a Page instance is done repeatedly by\r\ninterfacing with the page instance\u0027s properties.\r\n\r\nDuring a file system event when serving a MarkBind site, the site\u0027s\r\nsource files are rebuilt if the file has a \"source file extension\".\r\nThis unnecessarily runs the source files rebuilding process even when\r\nsuch files are used as assets.\r\n\r\nLet\u0027s extract these page dependency checking into reusable methods as\r\nsuch,\r\nand use these methods in place of the extension check.","fileTypesAndContributionMap":{"js":{"insertions":64,"deletions":43}}},{"hash":"b863f739389a38a625a155f9620c9e83e0a25e2e","messageTitle":"Add sample debugging configurations to devGuide (#1346)","messageBody":"","fileTypesAndContributionMap":{"md":{"insertions":97,"deletions":0}}}]},{"date":"2020-09-12","commitResults":[{"hash":"2d2224592d1e61cc5ad96b4865093e0b9d4ac123","messageTitle":"Fix triggers targeting load-on-demand components (#1348)","messageBody":"Triggers fail to find the targeted element if it is not loaded into\r\nthe dom when the trigger\u0027s popover and tooltip directives are being\r\nprocessed.\r\n\r\nThis causes triggers to fail when the targeted element is loaded\r\non-demand, such as when it is inside a collapsed panel that is later\r\nexpanded.\r\n\r\nLet\u0027s move triggers into a Vue component, allowing for the targeted\r\nelement retrieval to occur only when the trigger is activated.","fileTypesAndContributionMap":{"css":{"insertions":7,"deletions":3},"mbdf":{"insertions":2,"deletions":1},"md":{"insertions":1,"deletions":0},"vue":{"insertions":106,"deletions":0},"js":{"insertions":46,"deletions":82}}}]},{"date":"2020-09-14","commitResults":[{"hash":"7c85472f57fb72bf9dd7e854d7f1d7091883dfc7","messageTitle":"Add missing publish configuration to core-web (#1352)","messageBody":"","fileTypesAndContributionMap":{"json":{"insertions":1,"deletions":0}}}]},{"date":"2020-09-17","commitResults":[{"hash":"e351706a1e5cf6c4f4551cda4edd595a90a89aec","messageTitle":"Add padding for site-nav and content wrapper (#1356)","messageBody":"","fileTypesAndContributionMap":{"css":{"insertions":2,"deletions":1},"js":{"insertions":1,"deletions":1}}}]},{"date":"2020-09-20","commitResults":[{"hash":"c4664f24f400ecf0bb24dfeca392d5e56ca4f884","messageTitle":"Disable puml metadata output (#1359)","messageBody":"Puml metadata output causes frequent, unnecessary changes to generated\r\npuml images in the test sites.\r\n\r\nLet\u0027s disable this as such, reducing the frequency of such changes.\r\n\r\nHowever, changes due to differences in environments, such as a\r\ndifferent graphviz version, may still cause such changes.","fileTypesAndContributionMap":{"js":{"insertions":1,"deletions":1}}}]},{"date":"2020-09-22","commitResults":[{"hash":"fec75499addd9feedc5cc297f1728e594ad08c6e","messageTitle":"Remove internal panel _header slot (#1363)","messageBody":"","fileTypesAndContributionMap":{"vue":{"insertions":10,"deletions":20},"js":{"insertions":10,"deletions":54}}}]},{"date":"2020-09-24","commitResults":[{"hash":"4cbd25285cf963b55429c653f6c1a1c74b45347e","messageTitle":"Move heading and keyword collection into Page (#1364)","messageBody":"","fileTypesAndContributionMap":{"js":{"insertions":6,"deletions":30}}},{"hash":"54a177eb6063b86d47057303202e741766287668","messageTitle":"Fix external dependency generation resolving (#1365)","messageBody":"External dependencies are not regenerated if the same dependency is\r\nbeing (or has finished) generated.\r\nIn such cases, the generation promise short circuits and immediately\r\nresolves, without waiting for the same existing dependency to finish\r\ngenerating.\r\n\r\nThis causes heading and keyword collection in Page to fail, which\r\nrelies on all its dependencies to have generated.\r\nLet\u0027s return the same existing generation promise in such cases instead.","fileTypesAndContributionMap":{"js":{"insertions":13,"deletions":13}}},{"hash":"78075a063aab86041b3d149c793d48f0cfccdb19","messageTitle":"Refactor site reject handler to error handler (#1366)","messageBody":"","fileTypesAndContributionMap":{"js":{"insertions":109,"deletions":156}}}]},{"date":"2020-09-25","commitResults":[{"hash":"eb7f8c1835dd8b7435f77c442a3a55fb2938bd60","messageTitle":"Generate heading anchors without fixed headers (#1367)","messageBody":"Empty heading anchors are generated for headings when the header is\r\nfixed.\r\n\r\nSince the position for these anchors are set at runtime only if there\r\nis a fixed header, let\u0027s always generate these anchors instead,\r\nresulting in one less instance variable needed.","fileTypesAndContributionMap":{"js":{"insertions":11,"deletions":26}}},{"hash":"70d29b823b6b9b750bd0d01046dd3824c8d1083e","messageTitle":"Add live preview support for nunjucks dependencies (#1361)","messageBody":"","fileTypesAndContributionMap":{"md":{"insertions":6,"deletions":3},"json":{"insertions":1,"deletions":1},"js":{"insertions":234,"deletions":58}}}]},{"date":"2020-11-11","commitResults":[{"hash":"679f199296708a163675b59c16ab4325a45596c0","messageTitle":"Fix intralink validation for pages on windows (#1385)","messageBody":"","fileTypesAndContributionMap":{"js":{"insertions":16,"deletions":12}}}]},{"date":"2020-11-12","commitResults":[{"hash":"359da6e28f080c73b5723a3f7514be290897f2bd","messageTitle":"Fix broken links in user guide and dev guide (#1388)","messageBody":"","fileTypesAndContributionMap":{"mbdf":{"insertions":3,"deletions":3},"md":{"insertions":3,"deletions":3}}}]},{"date":"2020-11-15","commitResults":[{"hash":"e3e83448c63dbb20c2cee5635f5a913dedab2800","messageTitle":"Override nunjucks variables with include variables (#1369)","messageBody":"Variables set via nunjucks\u0027 {% set %} and {% import %} tags have\r\npriority over MarkBind variables in includes.\r\n\r\nLet\u0027s fix this, facilitating content reuse for pages with these tags.\r\nThe result is a fully nunjucks-compliant behaviour, that differs only\r\nwhen MarkBind\u0027s added variable features are used.","fileTypesAndContributionMap":{"md":{"insertions":30,"deletions":3},"js":{"insertions":571,"deletions":1}}}]},{"date":"2020-11-22","commitResults":[{"hash":"16b91443d92f3780f18bb89614af31d4c2b84cdb","messageTitle":"Fix intralink validation for panel includes (#1392)","messageBody":"","fileTypesAndContributionMap":{"js":{"insertions":2,"deletions":0}}},{"hash":"56d7e2fa28c8944e493921fd570b29416a583be8","messageTitle":"Reorganize html processing files and methods (#1393)","messageBody":"","fileTypesAndContributionMap":{"js":{"insertions":383,"deletions":383}}}]},{"date":"2020-11-25","commitResults":[{"hash":"39cd0da3948b2d11bddbdb26e7a1f3df295e36a0","messageTitle":"Add {% ext %} nunjucks extension (#1391)","messageBody":"MarkBind page variables requires processing html before nunjucks and\r\nmarkdown syntax.\r\nThis poses several architectural issues (#1353) of simplicity,\r\nperformance, and extensibility of markdown syntax.\r\n\r\nAs another step in removing this prerequisite, let\u0027s reimplement\r\nexternal json variables using a nunjucks extension.","fileTypesAndContributionMap":{"mbdf":{"insertions":64,"deletions":2},"md":{"insertions":12,"deletions":0},"json":{"insertions":36,"deletions":2},"js":{"insertions":86,"deletions":4}}}]},{"date":"2020-11-28","commitResults":[{"hash":"72d97b11361d4276b5d534c2ee90e340909e0804","messageTitle":"Add deprecation warnings for page variables (#1397)","messageBody":"","fileTypesAndContributionMap":{"js":{"insertions":4,"deletions":0}}},{"hash":"6a0740af1e04ef287669d6e16a2564c6416f6797","messageTitle":"Fix bootswatch theme path resolving (#1398)","messageBody":"","fileTypesAndContributionMap":{"js":{"insertions":1,"deletions":1}}}]},{"date":"2020-11-29","commitResults":[{"hash":"3c100166b8d376ff3166ec516357b0d24a035cd5","messageTitle":"Consolidate bootstrap theme config under style key (#1399)","messageBody":"","fileTypesAndContributionMap":{"md":{"insertions":19,"deletions":9},"js":{"insertions":11,"deletions":4}}}]},{"date":"2020-12-06","commitResults":[{"hash":"089cb7c4d9ab5ae0614fde9ce3a1ed813aaa073b","messageTitle":"Ignore self-closing special tags for markdown-it (#1408)","messageBody":"The markdown-it patch for special tags does not blacklist self-closed\r\nspecial tags from the starting regex pattern. Thus, the starting regex\r\npattern incorrectly matches such a self-closing special tag, and the\r\nending regex pattern incorrectly seeks for a corresponding closing\r\nspecial tag until EOF.\r\n\r\nThis is not apparent in the functional tests which have such tags\r\n(\u003cpuml\u003e), because puml tags are processed before markdown.\r\n\r\nLet\u0027s add a negative lookahead to the starting pattern to blacklist\r\nsuch tags.","fileTypesAndContributionMap":{"js":{"insertions":14,"deletions":1}}}]},{"date":"2020-12-15","commitResults":[{"hash":"b15eddfe2e1b3f4f6ee35c10d5872ab7b062cba6","messageTitle":"Limit travis builds to the main branch (#1423)","messageBody":"","fileTypesAndContributionMap":{"yml":{"insertions":3,"deletions":0}}}]},{"date":"2020-12-30","commitResults":[{"hash":"090dc57ed5558189afca503e962d7f941845a244","messageTitle":"Render markdown before finding hash content (#1433)","messageBody":"\u003cinclude\u003e elements referencing a specific #hash of a source file search\r\nfor the hash before rendering the file\u0027s markdown.\r\n\r\nThis prevents including elements with ids defined using\r\nmarkdown-it-attributes, and necessitates markdown-html patches.\r\n\r\nLet\u0027s process the included source file\u0027s markdown first, then search\r\nfor the hash.","fileTypesAndContributionMap":{"mbdf":{"insertions":15,"deletions":0},"js":{"insertions":7,"deletions":8}}},{"hash":"a55bdca0e345ce241c454bf394ff655600fd35d6","messageTitle":"Whitelist \u003cmarkdown\u003e and \u003cmd\u003e as special tags (#1434)","messageBody":"","fileTypesAndContributionMap":{"md":{"insertions":21,"deletions":0},"js":{"insertions":3,"deletions":1}}},{"hash":"7f51a988842fa4e08be72a9c9f57ed9d562bb4fa","messageTitle":"Remove markdown - htmlparser2 patch (#1435)","messageBody":"With the processing order adjusted to follow nunjucks -\u003e markdown -\u003e\r\nhtml, a markdown - htmlparser patch for code blocks and inline code is\r\nno longer necessary.\r\n\r\nLet\u0027s remove the patch as such.\r\n\r\nThis also allows incorporating markdown plugins with conflicting html\r\nsyntax with ease, no longer needing additional html patches.","fileTypesAndContributionMap":{"js":{"insertions":3,"deletions":42}}},{"hash":"960431e913e4e9d7932d423f4c443c1993226694","messageTitle":"Fix wording in \u003cmd\u003e and \u003cmarkdown\u003e tests (#1436)","messageBody":"","fileTypesAndContributionMap":{"md":{"insertions":3,"deletions":3}}}]},{"date":"2021-01-04","commitResults":[{"hash":"a54d5202ff4ffa106fa2e53c7b45d20007ecf3ab","messageTitle":"Fix live preview for variables.md (#1440)","messageBody":"","fileTypesAndContributionMap":{"js":{"insertions":2,"deletions":1}}},{"hash":"fb78afd917cf72a2712ed2d70b98d6dba54900a6","messageTitle":"Migrate to github actions for CI test flow (#1441)","messageBody":"","fileTypesAndContributionMap":{"yml":{"insertions":21,"deletions":2}}}]},{"date":"2021-01-12","commitResults":[{"hash":"d85aedc83da2cf166d47efa0f375999caf2470c1","messageTitle":"Add architecture diagram to dev guide (#1224)","messageBody":"","fileTypesAndContributionMap":{"md":{"insertions":59,"deletions":4},"vue":{"insertions":184,"deletions":176}}}]},{"date":"2021-01-18","commitResults":[{"hash":"7e0850f468bdc1b6972babd4d972bbf520ef20f5","messageTitle":"Remove normalizeLink markdown-it patch (#1450)","messageBody":"With markdown always being processed after Nunjucks syntax, the\r\nnormalizeLink patch which excluded encoding curly braces is\r\nunnecessary.\r\n\r\nLet\u0027s remove it.","fileTypesAndContributionMap":{"md":{"insertions":6,"deletions":1},"js":{"insertions":0,"deletions":30}}}]},{"date":"2021-01-24","commitResults":[{"hash":"0a6a2e4d5fd36bb76081d42f191bcc0a6a9636a8","messageTitle":"Remove MarkBind.afterSetup hook (#1456)","messageBody":"The afterSetup MarkBind hook was introduced to allow user scripts and\r\nplugin scripts to deterministically execute post Vue setup, which may\r\nnot happen synchronously, as search data was fetched before doing so.\r\n\r\nWith search data retrieval moved to post Vue setup, this is no longer\r\nnecessary.\r\n\r\nLet\u0027s remove the hook as such.","fileTypesAndContributionMap":{"js":{"insertions":7,"deletions":10},"njk":{"insertions":0,"deletions":2}}}]},{"date":"2021-02-13","commitResults":[{"hash":"48280e485ed872a117fd823a8c999f31e15af7a8","messageTitle":"Fix formatting errors in user guide (#1479)","messageBody":"","fileTypesAndContributionMap":{"mbdf":{"insertions":4,"deletions":11},"md":{"insertions":4,"deletions":4}}}]},{"date":"2021-02-17","commitResults":[{"hash":"de8d3c669423764758b7b68b28d53965a7034eb4","messageTitle":"Reorganize markdown-it directory (#1480)","messageBody":"","fileTypesAndContributionMap":{"js":{"insertions":9,"deletions":9}}},{"hash":"c3ba2b5e235501a9f36955fd9036d20e14b0a34a","messageTitle":"Eslint appropriate lib/markdown-it files (#1481)","messageBody":"The lib/markdown-it directory in the core package is entirely ignored\r\nby our eslint rules.\r\n\r\nLet\u0027s tighten the eslint ignore rules to only ignore adapted source\r\nfiles that are largely unchanged from the original source.\r\n\r\nThis allows easily referencing the original source material if needed.","fileTypesAndContributionMap":{"js":{"insertions":78,"deletions":72}}}]},{"date":"2021-03-27","commitResults":[{"hash":"3e3b3a0dc3911d91c1ab403c1ecca9ca152a2d2e","messageTitle":"Update CI platform for build rerun in PR merge guide (#1520)","messageBody":"","fileTypesAndContributionMap":{"md":{"insertions":1,"deletions":1}}}]}],"geshuming":[],"alyip98":[{"date":"2020-02-15","commitResults":[{"hash":"e22fb283cdacb78a7a98ca7eca84bc2e51dc1c86","messageTitle":"Change number emoji to use unicode characters (#1016)","messageBody":"","fileTypesAndContributionMap":{"js":{"insertions":13,"deletions":11}}}]},{"date":"2020-02-22","commitResults":[{"hash":"de991ba3b10197b39b3b1071a9845fc0c5c96025","messageTitle":"Use path.join instead of string interpolation (#1052)","messageBody":"Assuming forward slashes may cause errors on windows systems","fileTypesAndContributionMap":{"js":{"insertions":1,"deletions":1}}}]}],"nbriannl":[{"date":"2019-12-19","commitResults":[{"hash":"c854937051f1222e4e68bf3659dc0b53196c4d8a","messageTitle":"Add language indicator to code blocks (#957)","messageBody":"","fileTypesAndContributionMap":{"css":{"insertions":60,"deletions":0},"mbdf":{"insertions":1,"deletions":1},"js":{"insertions":59,"deletions":4}}}]},{"date":"2020-04-10","commitResults":[{"hash":"bc03a0b4dc79eee33c1fda0ed864d637803171b6","messageTitle":"Documentation for Implement no-* attributes for \u003cbox\u003e  (#1042)","messageBody":"","fileTypesAndContributionMap":{"mbdf":{"insertions":38,"deletions":0}}},{"hash":"65809a95ff5d4f4d98e4b879fe55adac96c6ea40","messageTitle":"Add heading and line highlighting to code blocks (#1034)","messageBody":"","fileTypesAndContributionMap":{"css":{"insertions":90,"deletions":0},"mbdf":{"insertions":86,"deletions":6},"js":{"insertions":45,"deletions":6}}},{"hash":"fe53950941237105eb9d3ae122ab777e4836b33d","messageTitle":"Add warnings for conflicting/deprecated component attribs (#1057)","messageBody":"","fileTypesAndContributionMap":{"js":{"insertions":91,"deletions":10}}},{"hash":"2b22118368a4ba70ce366b5a19dd0b655f8ce015","messageTitle":"Code blocks: Implement inline markdown support for heading (#1137)","messageBody":"","fileTypesAndContributionMap":{"css":{"insertions":12,"deletions":0},"mbdf":{"insertions":19,"deletions":0},"md":{"insertions":16,"deletions":0},"js":{"insertions":3,"deletions":1}}},{"hash":"79259124a8bd714ecefe36aafd8276ac31e70218","messageTitle":"Docs: Add contributing.md (#1139)","messageBody":"","fileTypesAndContributionMap":{"md":{"insertions":160,"deletions":1},"json":{"insertions":1,"deletions":1}}},{"hash":"c4d8526938b923c802d13620e5ef0ccedf0f5176","messageTitle":"Update tests for 2.13.1 (#1169)","messageBody":"","fileTypesAndContributionMap":{"css":{"insertions":4,"deletions":6}}}]},{"date":"2020-04-11","commitResults":[{"hash":"a3b7a071796716991a765c1e3267a084e0160972","messageTitle":"Fix links in contributing.md (#1170)","messageBody":"Fix baseurl to baseUrl and added Code of Conduct to siteNav","fileTypesAndContributionMap":{"md":{"insertions":5,"deletions":3},"json":{"insertions":1,"deletions":1}}},{"hash":"2c2c43c5d2e13dcc42c5dd3eeb4f2daa429ccad3","messageTitle":"User Guide: Update members in About Us (#1186)","messageBody":"","fileTypesAndContributionMap":{"md":{"insertions":19,"deletions":5}}}]},{"date":"2020-04-15","commitResults":[{"hash":"da845ddb226bcb414b0672742b32465a18ab5888","messageTitle":"Remove duplicate code in syntax doc (#1168)","messageBody":"","fileTypesAndContributionMap":{"mbdf":{"insertions":248,"deletions":1165},"md":{"insertions":50,"deletions":15}}}]},{"date":"2020-05-05","commitResults":[{"hash":"99b62520e29210083074bc643341d53e60383f9a","messageTitle":"Add and organise tests for code blocks (#1143)","messageBody":"","fileTypesAndContributionMap":{"md":{"insertions":64,"deletions":25},"json":{"insertions":1,"deletions":1}}}]},{"date":"2020-05-07","commitResults":[{"hash":"80b4481f0f64214716ed9df02e970f74396b744e","messageTitle":"Replace console with logger (#1207)","messageBody":"Replace console with logger\r\n\r\nA follow up to #1057.\r\nLet us also remove the error handler instance var\r\nAnd directly use logger instead","fileTypesAndContributionMap":{"js":{"insertions":26,"deletions":54}}}]}],"le0tan":[{"date":"2020-01-15","commitResults":[{"hash":"146bbb46b7840dda97a44c928605b7eb6e4eb3b6","messageTitle":"Mention development environment prerequisites in DG (#965)","messageBody":"","fileTypesAndContributionMap":{"md":{"insertions":17,"deletions":0}}}]},{"date":"2020-01-30","commitResults":[{"hash":"2b378dbff80b12ab509bbd4c8b482e5ef887bfef","messageTitle":"Remove dependency on EJS (#990)","messageBody":"MarkBind is using two templating engines (i.e. EJS and Nunjucks) while\r\nNunjucks is essential to the functionality since it\u0027s user accessible,\r\nEJS seems a bit redundant and can be fully replaced by Nunjucks.\r\n\r\n* Re-write page.ejs with Nunjucks grammar\r\n* Make necessary changes to remove dependency on EJS\r\n* Change test on nested variable reference as initial Nunjucks renderer\r\n  is set to not auto-escape","fileTypesAndContributionMap":{"json":{"insertions":0,"deletions":1},"js":{"insertions":75,"deletions":71},"njk":{"insertions":68,"deletions":0}}},{"hash":"af47ed018176216e10b8a7a510c85e9465714b41","messageTitle":"Adopt ES6 class syntax (#979)","messageBody":"","fileTypesAndContributionMap":{"js":{"insertions":2737,"deletions":2662}}}]},{"date":"2020-02-08","commitResults":[{"hash":"d6654485a5743cab146af00157d0b8bf68f1aa98","messageTitle":"doc: Update seamless style boxes (#1019)","messageBody":"","fileTypesAndContributionMap":{"mbdf":{"insertions":60,"deletions":0}}}]},{"date":"2020-02-22","commitResults":[{"hash":"b9009625f73d16497ffda65a780b6cd65ae36a01","messageTitle":"Make the position of top navbar fixed (#982)","messageBody":"","fileTypesAndContributionMap":{"css":{"insertions":8,"deletions":0},"js":{"insertions":31,"deletions":0}}},{"hash":"b90f9aad108e23c1558fc40cfcc7dcc8f62a4723","messageTitle":"Support markdown for header attr in dropdown (#1029)","messageBody":"","fileTypesAndContributionMap":{"mbdf":{"insertions":4,"deletions":3},"md":{"insertions":4,"deletions":0},"js":{"insertions":108,"deletions":0}}}]},{"date":"2020-04-10","commitResults":[{"hash":"040bf7e1931c5e4e408a0fcaaf36fd81e4815619","messageTitle":"Fixed navbar no longer covers modals (#1070)","messageBody":"","fileTypesAndContributionMap":{"css":{"insertions":1,"deletions":1}}},{"hash":"461697bf00d587265a63e503fdd8b59d7bf24498","messageTitle":"Update documentation on icon slot for boxes (#1123)","messageBody":"* Update documentation on icon slot for boxes\r\n\r\n* Update the examples for using icon slot for boxes.\r\n\r\n* Resolve comments.","fileTypesAndContributionMap":{"md":{"insertions":49,"deletions":0},"js":{"insertions":4,"deletions":4}}},{"hash":"4de030042eec05ba145d6111397518e2bb956474","messageTitle":"Update navbar doc (#1146)","messageBody":"","fileTypesAndContributionMap":{"mbdf":{"insertions":6,"deletions":1}}},{"hash":"bbe3e4f266266573120e75775590e6969ac2536f","messageTitle":"Update devGuide.md (#1158)","messageBody":"","fileTypesAndContributionMap":{"md":{"insertions":1,"deletions":1}}},{"hash":"b956db6a136350f7a7be937150bfc9debe29689c","messageTitle":"Add JSDoc for pageconfig (#1039)","messageBody":"","fileTypesAndContributionMap":{"js":{"insertions":252,"deletions":12}}},{"hash":"dab3a28e90a0038d7090e13bae1408d9c0a07909","messageTitle":"Add class support for octicons (#1122)","messageBody":"","fileTypesAndContributionMap":{"mbdf":{"insertions":2,"deletions":0},"js":{"insertions":8,"deletions":3}}},{"hash":"3f462c638f86889fc95668055ae952ed21159067","messageTitle":"Move preprocessThumbnails to componentParser","messageBody":"","fileTypesAndContributionMap":{"js":{"insertions":23,"deletions":28}}}]},{"date":"2020-04-14","commitResults":[{"hash":"2e385d8fc02740c41bd051673ca64e56dbce1715","messageTitle":"Add notes on merging conflicts (#1192)","messageBody":"* Update docs/devGuide/maintainerGuide.md","fileTypesAndContributionMap":{"md":{"insertions":2,"deletions":0}}}]},{"date":"2020-04-15","commitResults":[{"hash":"5db6351df9898ac2cfc958181ce694abe756a2d3","messageTitle":"Fix anchor navigation in panel headers (#1191)","messageBody":"To avoid dynamically injecting lots of dummy spans in a document with\r\nmany headings, let\u0027s generate these spans at build time.\r\n\r\nTo make anchor navigation function properly on panel headers, let\u0027s\r\nintroduce ::before element to card-container to make space for the\r\nfixed top nav.","fileTypesAndContributionMap":{"css":{"insertions":3,"deletions":3},"mbdf":{"insertions":11,"deletions":0},"md":{"insertions":3,"deletions":3},"js":{"insertions":54,"deletions":36}}}]},{"date":"2020-04-25","commitResults":[{"hash":"3a87264e3dade6d236d83ebb446a7e8de8ec5d5e","messageTitle":"Make highlighting effective for code-formatted text (#1215)","messageBody":"Currently the background color of code tag is opaque, therefore the\r\nhighlighting will be covered by the code-formatted text. Let\u0027s\r\nintroduce transparency to code tag style when it\u0027s placed under\r\nmark tag so that highlighting is effective in this case.","fileTypesAndContributionMap":{"css":{"insertions":12,"deletions":0}}}]}],"madanalogy":[{"date":"2019-12-13","commitResults":[{"hash":"d85a54f56ae1deb8883c0d74ff7ce6254f0e35e2","messageTitle":"Fix expected help message to show header (#946)","messageBody":"","fileTypesAndContributionMap":{"js":{"insertions":10,"deletions":1}}}]},{"date":"2020-02-04","commitResults":[{"hash":"c3aac494affbb5a366c9d182a5501c663cc85c12","messageTitle":"docs: Fix inconsistent navigation links whitespace (#1018)","messageBody":"","fileTypesAndContributionMap":{"njk":{"insertions":1,"deletions":1}}}]},{"date":"2020-02-06","commitResults":[{"hash":"6b44e3c9d9300e2f50566de94fa2da15a9088f2d","messageTitle":"Add help usage to user guide (#996)","messageBody":"","fileTypesAndContributionMap":{"md":{"insertions":85,"deletions":63},"js":{"insertions":18,"deletions":18}}}]}],"daekoon":[]},"authorFileTypeContributionMap":{"ccyccyccy":{"java":0,"js":0,"css":0,"json":0,"md":0,"mbd":0,"mbdf":0,"njk":0,"py":0,"vue":0,"yml":0},"Parcly-Taxel":{"java":0,"js":0,"css":0,"json":0,"md":0,"mbd":0,"mbdf":0,"njk":0,"py":0,"vue":0,"yml":0},"niqiukun":{"java":0,"js":0,"css":0,"json":0,"md":0,"mbd":0,"mbdf":0,"njk":0,"py":0,"vue":0,"yml":0},"openorclose":{"java":0,"js":78,"css":84,"json":16,"md":56,"mbd":0,"mbdf":23,"njk":0,"py":0,"vue":0,"yml":0},"yash-chowdhary":{"java":0,"js":80,"css":26,"json":4,"md":1016,"mbd":0,"mbdf":21,"njk":0,"py":0,"vue":0,"yml":16},"Tejas2805":{"java":0,"js":1,"css":1,"json":20,"md":29,"mbd":0,"mbdf":13,"njk":0,"py":0,"vue":0,"yml":0},"dvrylc":{"java":0,"js":21,"css":36,"json":0,"md":0,"mbd":0,"mbdf":8,"njk":1,"py":0,"vue":0,"yml":0},"j-lum":{"java":0,"js":0,"css":0,"json":0,"md":0,"mbd":0,"mbdf":0,"njk":0,"py":0,"vue":0,"yml":0},"iskandarzulkarnaien":{"java":0,"js":0,"css":0,"json":0,"md":0,"mbd":0,"mbdf":0,"njk":0,"py":0,"vue":0,"yml":0},"xantho09":{"java":0,"js":0,"css":0,"json":0,"md":0,"mbd":0,"mbdf":0,"njk":0,"py":0,"vue":0,"yml":0},"0blivious":{"java":0,"js":0,"css":0,"json":0,"md":0,"mbd":0,"mbdf":0,"njk":0,"py":0,"vue":0,"yml":0},"hcwong":{"java":0,"js":0,"css":1,"json":0,"md":2,"mbd":0,"mbdf":18,"njk":0,"py":0,"vue":0,"yml":0},"ang-zeyu":{"java":0,"js":3262,"css":24,"json":404,"md":572,"mbd":0,"mbdf":246,"njk":11,"py":0,"vue":509,"yml":25},"geshuming":{"java":0,"js":0,"css":0,"json":0,"md":0,"mbd":0,"mbdf":0,"njk":0,"py":0,"vue":0,"yml":0},"alyip98":{"java":0,"js":12,"css":0,"json":0,"md":0,"mbd":0,"mbdf":0,"njk":0,"py":0,"vue":0,"yml":0},"nbriannl":{"java":0,"js":17,"css":31,"json":4,"md":142,"mbd":0,"mbdf":293,"njk":0,"py":0,"vue":0,"yml":0},"le0tan":{"java":0,"js":324,"css":11,"json":0,"md":40,"mbd":0,"mbdf":33,"njk":32,"py":0,"vue":0,"yml":0},"madanalogy":{"java":0,"js":22,"css":0,"json":0,"md":34,"mbd":0,"mbdf":0,"njk":1,"py":0,"vue":0,"yml":0},"daekoon":{"java":0,"js":0,"css":0,"json":0,"md":0,"mbd":0,"mbdf":0,"njk":0,"py":0,"vue":0,"yml":0}},"authorContributionVariance":{"ccyccyccy":0.0,"Parcly-Taxel":0.0,"niqiukun":0.0,"openorclose":2679.5032,"yash-chowdhary":3483.1714,"Tejas2805":146.2419,"dvrylc":6.8151636,"j-lum":0.0,"iskandarzulkarnaien":0.0,"xantho09":0.0,"0blivious":0.0,"hcwong":6.778951,"ang-zeyu":37486.48,"geshuming":0.0,"alyip98":1.197906,"nbriannl":5298.5283,"le0tan":65489.66,"madanalogy":70.18907,"daekoon":0.0},"authorDisplayNameMap":{"ccyccyccy":"CHON..YUAN","Parcly-Taxel":"JERE..ERUI","niqiukun":"NI T..ZHEN","openorclose":"DARY.. TAN","yash-chowdhary":"YASH..HARY","Tejas2805":"TEJA..ANIA","dvrylc":"CHAN..ARYL","j-lum":"LUM ..FFRY","iskandarzulkarnaien":"ISKA..AINI","xantho09":"MUHA..INAL","0blivious":"LIU ..IWEN","hcwong":"JOSH..HIEN","ang-zeyu":"ANG ..E YU","geshuming":"GE S..MING","alyip98":"YIP ..YEUN","nbriannl":"LABA..RIDO","le0tan":"TAN ..HONG","madanalogy":"MUHA..JJAJ","daekoon":"LIM ..KOON"}}
