{
  "authorDailyContributionsMap": {
    "ccyccyccy": [],
    "Parcly-Taxel": [],
    "niqiukun": [],
    "openorclose": [
      {
        "insertions": 2,
        "deletions": 4,
        "date": "2020-01-12",
        "commitResults": [
          {
            "hash": "0e984c619538e8d6566d5cdcf32062c340deae1f",
            "messageTitle": "Standardize multiple references to the same footnote (#976)",
            "messageBody": "Multiple references to the same footnote (e.g. footnote 1) now look like\r\n\r\n[1]\r\n[1:1]\r\n[1:2]\r\n...etc\r\n\r\nLet\u0027s standardize them so they all just show `[1]` instead.",
            "insertions": 2,
            "deletions": 4
          }
        ]
      },
      {
        "insertions": 1,
        "deletions": 1,
        "date": "2020-02-15",
        "commitResults": [
          {
            "hash": "b1f025f53c9c466185fccfb3f705c28b4f49a097",
            "messageTitle": "Fix main page syntax link (#1024)",
            "messageBody": "",
            "insertions": 1,
            "deletions": 1
          }
        ]
      },
      {
        "insertions": 330,
        "deletions": 18,
        "date": "2020-02-23",
        "commitResults": [
          {
            "hash": "5afcaa90e57e70c6b26a729a44ad466969636d1f",
            "messageTitle": "Support line numbers for code blocks (#991)",
            "messageBody": "",
            "insertions": 330,
            "deletions": 18
          }
        ]
      },
      {
        "insertions": 627,
        "deletions": 56,
        "date": "2020-03-03",
        "commitResults": [
          {
            "hash": "f215eeedac66e08cbee9f79c0573a566f4480f40",
            "messageTitle": "Migrate to bootstrap-vue popovers (#1033)",
            "messageBody": "",
            "insertions": 602,
            "deletions": 56
          },
          {
            "hash": "a0ae237617ced17aff4b1d22aaf035da9d05031a",
            "messageTitle": "Render plugins on dynamic resources (#1051)",
            "messageBody": "",
            "insertions": 25,
            "deletions": 0
          }
        ]
      },
      {
        "insertions": 180,
        "deletions": 201,
        "date": "2020-03-07",
        "commitResults": [
          {
            "hash": "e521f97abad4097729ae286c0c379f7f9b68fa3c",
            "messageTitle": "Allow changing parameter properties (#1075)",
            "messageBody": "",
            "insertions": 180,
            "deletions": 201
          }
        ]
      },
      {
        "insertions": 156,
        "deletions": 59,
        "date": "2020-03-23",
        "commitResults": [
          {
            "hash": "c437f3f3787166b2286d5cc2fc097833c2bfddbd",
            "messageTitle": "Remove redundant file writing (#1090)",
            "messageBody": "We are writing to a temp path, and then reading it immediately.\r\nLet\u0027s avoid this by passing the string directly instead.",
            "insertions": 19,
            "deletions": 50
          },
          {
            "hash": "409e90c70bef6676bd32f65c1a462be54b91d22f",
            "messageTitle": "Add start from line number functionality to code blocks (#1115)",
            "messageBody": "Let\u0027s do this by checking for the `start-from` attribute on a code block\r\nand then set an inline style that sets the `line` counter to the \r\nappropriate value.",
            "insertions": 87,
            "deletions": 4
          },
          {
            "hash": "407158b4ca2db1b3094c97c65aeb8c616cdf81dc",
            "messageTitle": "Remove OK button from modals (#1134)",
            "messageBody": "Let\u0027s remove the redundant OK button from modals,\r\nand only show it if the `ok-title` attribute is present.",
            "insertions": 50,
            "deletions": 5
          }
        ]
      },
      {
        "insertions": 50,
        "deletions": 8,
        "date": "2020-03-28",
        "commitResults": [
          {
            "hash": "4bc3edbd22f4eb6d0d1f786a9dfce159093da988",
            "messageTitle": "Show pointer and use underline dashed for click trigger (#1111)",
            "messageBody": "Fix a regression from #1033.\r\n\r\nLet\u0027s add back the two styles of triggers:\r\n- click: show mouse pointer to signal that it is clickable\r\n  and use underline dashed\r\n- not click: no special cursor, and use underline dotted",
            "insertions": 50,
            "deletions": 8
          }
        ]
      },
      {
        "insertions": 112,
        "deletions": 14,
        "date": "2020-03-29",
        "commitResults": [
          {
            "hash": "46061437b0dd5498fc02fbe84e9054588449b79c",
            "messageTitle": "Upgrade to bootstrap-vue 2.5.0 (#1085)",
            "messageBody": "",
            "insertions": 112,
            "deletions": 14
          }
        ]
      }
    ],
    "yash-chowdhary": [
      {
        "insertions": 192,
        "deletions": 95,
        "date": "2019-12-09",
        "commitResults": [
          {
            "hash": "c3b354b7ae19eec955b5f9d4370c7336331ef50f",
            "messageTitle": "Move constants to separate file",
            "messageBody": "",
            "insertions": 166,
            "deletions": 74
          },
          {
            "hash": "fad5b093198ae6c8189c9b64db197e2cfd4d98c2",
            "messageTitle": "Add core library constants and improve quality",
            "messageBody": "",
            "insertions": 24,
            "deletions": 19
          },
          {
            "hash": "d0772d325296c6d562780b291c225c74f3ffe63e",
            "messageTitle": "Correct file paths",
            "messageBody": "",
            "insertions": 2,
            "deletions": 2
          }
        ]
      },
      {
        "insertions": 71,
        "deletions": 0,
        "date": "2019-12-12",
        "commitResults": [
          {
            "hash": "690f1a7ae4473a62992a9b3ef041b36f64f6f5c3",
            "messageTitle": "Add feature-request issue template (#951)",
            "messageBody": "",
            "insertions": 71,
            "deletions": 0
          }
        ]
      },
      {
        "insertions": 189,
        "deletions": 249,
        "date": "2019-12-16",
        "commitResults": [
          {
            "hash": "28aac0647d72595d962907057a69a939673c30a9",
            "messageTitle": "Replace headers in test .md files with bold text (#954)",
            "messageBody": "",
            "insertions": 189,
            "deletions": 249
          }
        ]
      },
      {
        "insertions": 32,
        "deletions": 0,
        "date": "2020-02-08",
        "commitResults": [
          {
            "hash": "450fcd1427b01033c53d8c6fc8b8a695803aeb15",
            "messageTitle": "UserGuide: Document the use of icon-size in boxes (#1021)",
            "messageBody": "",
            "insertions": 32,
            "deletions": 0
          }
        ]
      },
      {
        "insertions": 13,
        "deletions": 82,
        "date": "2020-02-16",
        "commitResults": [
          {
            "hash": "3a91923db10b93ce379ce8a61c7aff81b67aeb24",
            "messageTitle": "Exclude *.md files from being copied over on build (#1010)",
            "messageBody": "",
            "insertions": 13,
            "deletions": 82
          }
        ]
      },
      {
        "insertions": 26,
        "deletions": 0,
        "date": "2020-02-23",
        "commitResults": [
          {
            "hash": "e67dce102b72c32e4261455118c1468274faabd9",
            "messageTitle": "Allow using \u0027none\u0027 footer attribute in frontmatter (#1002)",
            "messageBody": "",
            "insertions": 26,
            "deletions": 0
          }
        ]
      },
      {
        "insertions": 371,
        "deletions": 0,
        "date": "2020-03-04",
        "commitResults": [
          {
            "hash": "b8413c62a8332504a2776d2e0696b5316ce38e84",
            "messageTitle": "Add copy code-block plugin (#1043)",
            "messageBody": "",
            "insertions": 371,
            "deletions": 0
          }
        ]
      },
      {
        "insertions": 846,
        "deletions": 3,
        "date": "2020-03-07",
        "commitResults": [
          {
            "hash": "fb9b00e504d1007d3260733d036f2e0a454e12a6",
            "messageTitle": "Enable AppVeyor CI (#1040)",
            "messageBody": "",
            "insertions": 18,
            "deletions": 1
          },
          {
            "hash": "4ea52c23ece2fa277afac552691580d6b9c4d89d",
            "messageTitle": "Custom timezone for built-in timestamp (#1073)",
            "messageBody": "",
            "insertions": 828,
            "deletions": 2
          }
        ]
      },
      {
        "insertions": 3,
        "deletions": 112,
        "date": "2020-03-22",
        "commitResults": [
          {
            "hash": "2a1573174826040f84276d00e1fdac2fe927a7ad",
            "messageTitle": "Remove dynamic include feature (#1037)",
            "messageBody": "",
            "insertions": 3,
            "deletions": 112
          }
        ]
      }
    ],
    "Tejas2805": [
      {
        "insertions": 3,
        "deletions": 1,
        "date": "2020-02-22",
        "commitResults": [
          {
            "hash": "c5a8df275189295560230f2fa981e2efaf32a122",
            "messageTitle": "Add \u0027_site\u0027 to the ignored folders in site.json (#1046)",
            "messageBody": "",
            "insertions": 3,
            "deletions": 1
          }
        ]
      },
      {
        "insertions": 1,
        "deletions": 1,
        "date": "2020-02-23",
        "commitResults": [
          {
            "hash": "b1556eb86bf022a0d61ed98f2676abd1cf7d6b1f",
            "messageTitle": "Make highlighting bold (#1045)",
            "messageBody": "",
            "insertions": 1,
            "deletions": 1
          }
        ]
      },
      {
        "insertions": 1,
        "deletions": 0,
        "date": "2020-02-29",
        "commitResults": [
          {
            "hash": "3591bc564bfd6a3a6cb81465b8b51b1ef40ae4f1",
            "messageTitle": "Add pageNav to Using Plugins Page (#1062)",
            "messageBody": "",
            "insertions": 1,
            "deletions": 0
          }
        ]
      },
      {
        "insertions": 26,
        "deletions": 2,
        "date": "2020-03-11",
        "commitResults": [
          {
            "hash": "d409741c6e3f5f601145a844fd630af669a45deb",
            "messageTitle": "Add example for using multiple features in code-blocks (#1102)",
            "messageBody": "The user will have to try out how to add multiple features when using \r\ncode blocks.\r\n\r\nLet\u0027s add an example regarding how to use multiple features in code\r\nblocks so that it\u0027s easier for the user to understand.",
            "insertions": 26,
            "deletions": 2
          }
        ]
      },
      {
        "insertions": 49,
        "deletions": 68,
        "date": "2020-03-17",
        "commitResults": [
          {
            "hash": "bdd1f60bd9955fec3497c4720e658244ee06656a",
            "messageTitle": "Convert code in boxes to code block (#1086)",
            "messageBody": "Let\u0027s convert \u003ccode\u003e boxes to code blocks to better showcase the \r\nfeature",
            "insertions": 49,
            "deletions": 68
          }
        ]
      },
      {
        "insertions": 8,
        "deletions": 6,
        "date": "2020-03-24",
        "commitResults": [
          {
            "hash": "d5a44737454b4722fdc43763aa6d4c475733842e",
            "messageTitle": "Fix pageNav in tweaking the page structure (#1127)",
            "messageBody": "The pageNav for tweaking the page structure is missing filter tags.\r\n\r\nLet\u0027s fix the headings in filter tags and the pageNav so that pageNav\r\ndisplay filter tags appropriately.",
            "insertions": 8,
            "deletions": 6
          }
        ]
      }
    ],
    "dvrylc": [
      {
        "insertions": 2,
        "deletions": 2,
        "date": "2020-02-04",
        "commitResults": [
          {
            "hash": "f1bf5718ccc92126c430b51b14b33c05c21bd336",
            "messageTitle": "Allow stylelint to ignore test sites (#1011)",
            "messageBody": "",
            "insertions": 2,
            "deletions": 2
          }
        ]
      },
      {
        "insertions": 71,
        "deletions": 6,
        "date": "2020-02-15",
        "commitResults": [
          {
            "hash": "c17a61539ca08794af30473c47db3d1cd0f5dac4",
            "messageTitle": "Add support for Octicons (#1000)",
            "messageBody": "",
            "insertions": 71,
            "deletions": 6
          }
        ]
      },
      {
        "insertions": 6,
        "deletions": 0,
        "date": "2020-03-29",
        "commitResults": [
          {
            "hash": "de21751ba4227418862aa4fb2d0cf2c7caa928e4",
            "messageTitle": "Fix octicon sizing (#1132)",
            "messageBody": "",
            "insertions": 6,
            "deletions": 0
          }
        ]
      }
    ],
    "j-lum": [],
    "iskandarzulkarnaien": [],
    "xantho09": [],
    "0blivious": [],
    "hcwong": [
      {
        "insertions": 2,
        "deletions": 1,
        "date": "2019-12-16",
        "commitResults": [
          {
            "hash": "dea0559d8181bfe5bd639e21952324f5cd983ad6",
            "messageTitle": "Update UG with minimum required Node version (#953)",
            "messageBody": "",
            "insertions": 2,
            "deletions": 1
          }
        ]
      },
      {
        "insertions": 56,
        "deletions": 1,
        "date": "2020-01-15",
        "commitResults": [
          {
            "hash": "2a4963b5299aa676abeb574b393fefac0496e27e",
            "messageTitle": "Update docs for light color scheme box (#977)",
            "messageBody": "",
            "insertions": 56,
            "deletions": 1
          }
        ]
      },
      {
        "insertions": 2,
        "deletions": 3,
        "date": "2020-03-30",
        "commitResults": [
          {
            "hash": "a9c4d559a87868e3ab8ae2557a5f43541e8b2bc8",
            "messageTitle": "Fix fontawsome icons don\u0027t show underlines to indicate modal/tooltip (#1133)",
            "messageBody": "",
            "insertions": 2,
            "deletions": 3
          }
        ]
      }
    ],
    "ang-zeyu": [
      {
        "insertions": 21,
        "deletions": 2,
        "date": "2019-12-14",
        "commitResults": [
          {
            "hash": "b6e5acae8601e7f279fba73f6b8fa4144da50841",
            "messageTitle": "Update docs and tests for heading addition to box (#952)",
            "messageBody": "",
            "insertions": 21,
            "deletions": 2
          }
        ]
      },
      {
        "insertions": 107,
        "deletions": 13,
        "date": "2019-12-23",
        "commitResults": [
          {
            "hash": "211cd6e8e77d9175bb03b4c70daef7e145d65168",
            "messageTitle": "Allow live reloading for plugin defined sources (#955)",
            "messageBody": "",
            "insertions": 82,
            "deletions": 12
          },
          {
            "hash": "606eb8aae15e7170fb85aa9feb8dd5722e5f9a0f",
            "messageTitle": "Update docs and tests for minimal panels addition (#960)",
            "messageBody": "",
            "insertions": 25,
            "deletions": 1
          }
        ]
      },
      {
        "insertions": 4,
        "deletions": 1,
        "date": "2019-12-25",
        "commitResults": [
          {
            "hash": "0e61ed45329ac5ac0ed761057ea9e066ad1e787e",
            "messageTitle": "Update missing documentation for minimal panels (#961)",
            "messageBody": "",
            "insertions": 4,
            "deletions": 1
          }
        ]
      },
      {
        "insertions": 161,
        "deletions": 23,
        "date": "2020-01-16",
        "commitResults": [
          {
            "hash": "0acd97c3fd836ad49442f10e678b660d75924124",
            "messageTitle": "Fix plugin live reloading for relative file paths (#974)",
            "messageBody": "Relative file paths provided by plugins are not resolved against the\r\nprocessed page or included file.\r\n\r\nThis results in live reloading failing for pages not in the root\r\ndirectory.\r\n\r\nLet\u0027s fix this, and also rewrite plugin source collection, allowing\r\nplugins to simply define tags and corresponding source attributes\r\nto watch.\r\n\r\nThis moves the logic for checking whether the source is part of an\r\nincluded file to the main markbind repo, reducing potential code\r\nduplication and simplifying the api.",
            "insertions": 161,
            "deletions": 23
          }
        ]
      },
      {
        "insertions": 951,
        "deletions": 190,
        "date": "2020-02-01",
        "commitResults": [
          {
            "hash": "1b286173d924e9e34a94de4133eb32f88fc98ed5",
            "messageTitle": "Fix heading indexing for pure html headings",
            "messageBody": "",
            "insertions": 53,
            "deletions": 0
          },
          {
            "hash": "c0d6f3fff2af5c64186fcbe78fcb89c653bf1280",
            "messageTitle": "Update docs for fixing html heading indexing",
            "messageBody": "",
            "insertions": 25,
            "deletions": 18
          },
          {
            "hash": "18a89d9eababaa32d2459a274a4128aaa68c9cf2",
            "messageTitle": "Import markdown-it parser variant from /vue-strap",
            "messageBody": "Markdown-it in /vue-strap uses different plugins for parsing\nits markdown content inside component attributes.\n\nIn preparation for moving markdown-it parsing to /markbind, let\u0027s move\nthe markdown-it variant from /vue-strap over to maintain parity with the\npast markdown rendering behaviour for attributes in vue components.\nLet\u0027s also restructure the directory hierarchy for markdown-it in here,\nto reduce code duplication between the two variants.\n",
            "insertions": 93,
            "deletions": 19
          },
          {
            "hash": "0114e66f17aaba6fa1f242130f424120441756dd",
            "messageTitle": "Implement per component markdown attribute parsing",
            "messageBody": "Markdown passed in attributes are being rendered in the client.\n\nThis results in a dependency on the markdown parsing library\n(markdown-it) on the client, bloating the resulting client bundle size.\nIt also slows webpage loading, especially on older devices.\nMoreover, /markbind already parses some amount of markdown in attributes\nfor other purposes when building the site. This results in a less\ncohesive codebase.\n\nLet\u0027s move all markdown-it parsing from /vue-strap to /markbind,\npassing the rendered html into vue slots.\nAdditionally, let\u0027s conveniently standardise the attribute naming for\nthese components at the same time.\n",
            "insertions": 255,
            "deletions": 10
          },
          {
            "hash": "91804319a6b06172682b82b654bb102fb36f069d",
            "messageTitle": "Adapt panel header indexing",
            "messageBody": "Markdown in attributes are now being parsed at build time.\n\nLet’s adapt the panel header indexing, so that it appropriately\nindexes the header in the correct slot.\n",
            "insertions": 62,
            "deletions": 45
          },
          {
            "hash": "59e0a3eb80051035e479f2d03137b5dfdd7c63f0",
            "messageTitle": "Add unit tests for ComponentParser",
            "messageBody": "",
            "insertions": 349,
            "deletions": 0
          },
          {
            "hash": "c99bf2f5a5cd1d1a1b610afa42620f32ac7b3d1f",
            "messageTitle": "Update input test files for attribute names update",
            "messageBody": "",
            "insertions": 12,
            "deletions": 12
          },
          {
            "hash": "ba9ad886719e7f266a5d38ef97909cfe8db15f0d",
            "messageTitle": "Update expected test files",
            "messageBody": "Moving markdown parsing to build time results in markdown\nin attributes being parsed into html in the dom.\n\nLet’s update the expected test files to reflect these changes.\n",
            "insertions": 13,
            "deletions": 6
          },
          {
            "hash": "26c36a4835866950bbd2627620a38d624c8aaca1",
            "messageTitle": "Update docs for attribute name standardisation",
            "messageBody": "",
            "insertions": 89,
            "deletions": 80
          }
        ]
      },
      {
        "insertions": 202,
        "deletions": 156,
        "date": "2020-02-15",
        "commitResults": [
          {
            "hash": "a1458b2350bfb5a2c7597e91ecd73506cc7abc44",
            "messageTitle": "Remove extra blank lines from page.njk output (#1005)",
            "messageBody": "",
            "insertions": 12,
            "deletions": 21
          },
          {
            "hash": "0dde42daf237c1934952a7ba6f82666bce8830e3",
            "messageTitle": "Restructure generated site data for searchbar ui (#1006)",
            "messageBody": "Keywords tied to a heading are appended to the heading with a prepending\r\n\u0027|\u0027 character.\r\nThis is so that the \u0027|\u0027 character would serve as a visual separator\r\nbetween the heading and the keyword.\r\n\r\nHowever, it is thus not possible to extract a keyword from its heading\r\ndeterministically, as a heading can also include the \u0027|\u0027 character.\r\n\r\nLet\u0027s move the keywords to its own field, allowing the searchbar to\r\nextract a heading\u0027s keyword from it.",
            "insertions": 190,
            "deletions": 135
          }
        ]
      },
      {
        "insertions": 44,
        "deletions": 6,
        "date": "2020-02-22",
        "commitResults": [
          {
            "hash": "5a99762f37c3ff66b6ecd01fe6225c32779e6bb0",
            "messageTitle": "Implement box markdown header attributes parsing (#1025)",
            "messageBody": "",
            "insertions": 44,
            "deletions": 6
          }
        ]
      },
      {
        "insertions": 603,
        "deletions": 372,
        "date": "2020-03-03",
        "commitResults": [
          {
            "hash": "2eb7b7de8f510349e47447cdd7e7b92a25eeb7cc",
            "messageTitle": "Refactor preprocess and url processing functions (#1026)",
            "messageBody": "The parser class houses a large number of functions.\r\nThis can be daunting for newer developers to the project, and decreases\r\nmaintainability of the code.\r\n\r\nLet’s start by modularising the preprocess and url processing functions\r\ninto separate files.\r\nLet’s also enhance some in-code documentation for these functions.\r\nSome of these functions can also be abstracted into smaller units of\r\nfunctionality, increasing the maintainability of the code.",
            "insertions": 603,
            "deletions": 372
          }
        ]
      },
      {
        "insertions": 1404,
        "deletions": 63,
        "date": "2020-03-07",
        "commitResults": [
          {
            "hash": "c2b68e8fe54d801999022c6f4b9d2f982ab90495",
            "messageTitle": "Implement an api to ignore content in certain tags (#1047)",
            "messageBody": "The parsers MarkBind uses parses content in html tags as html\r\nor markdown respectively.\r\nThis makes it difficult to add custom components that utilize\r\nconflicting syntax.\r\n\r\nLet’s add an interface to ignore content in certain special tags.\r\nThis interface is also exposed to plugins as the getSpecialTags option.",
            "insertions": 1404,
            "deletions": 63
          }
        ]
      },
      {
        "insertions": 339,
        "deletions": 82,
        "date": "2020-03-08",
        "commitResults": [
          {
            "hash": "1451bd5d9594c414a4bfd3d800fbc493c44e7df7",
            "messageTitle": "Implement lazy page building for markbind serve (#1038)",
            "messageBody": "During live reload, changes to a source file rebuilds all files that are\r\ndependent on it.\r\n\r\nIn addition, rebuilding all dependent source files slows the live reload\r\nprocess, leading to a less pleasant user experience.\r\n\r\nIn addition, when running markbind serve, all pages are built and\r\nrendered initially.\r\nThis significantly slows down the time to first page load, which can\r\nbe substantial when the number of source files is huge.\r\n\r\nLet\u0027s implement lazy page building in these operations, which is opt-in\r\nusing the existing -o \u003cfile\u003e or --one-page \u003cfile\u003e flags for the markbind\r\nserve command.\r\n\r\nChanges to a source file will only rebuild pages that are dependent on\r\nit, and is currently being viewed by the author. Other pages not being\r\nviewed by the author are rebuilt when the author navigates to them.\r\nIn addition, only the landing page is built initially when serving.\r\nSubsequent pages are built when the author navigates to them.",
            "insertions": 337,
            "deletions": 79
          },
          {
            "hash": "940127ac06eb7f8aef25d9afec6c866510bb1fd3",
            "messageTitle": "Fix refactor to processDynamicResources (#1092)",
            "messageBody": "",
            "insertions": 2,
            "deletions": 3
          }
        ]
      },
      {
        "insertions": 1,
        "deletions": 1,
        "date": "2020-03-21",
        "commitResults": [
          {
            "hash": "d920fda26c6e87b1ca1a23f97aed4694a82e3527",
            "messageTitle": "Fix flex shrink not applying in content wrapper (#1135)",
            "messageBody": "",
            "insertions": 1,
            "deletions": 1
          }
        ]
      },
      {
        "insertions": 24,
        "deletions": 43,
        "date": "2020-03-22",
        "commitResults": [
          {
            "hash": "690bb6f2c767b04a60222199d622498ecfc1d160",
            "messageTitle": "Unify markdown-it parser variants (#1056)",
            "messageBody": "The markdown-it parser used for attributes in components\r\nuses a different set of plugins from the one used throughout markbind.\r\n\r\nLet\u0027s unify the two variants to reduce the potential amount of\r\nmaintainence needed, and standardise the usable markdown\r\nsyntax throughout markbind.",
            "insertions": 24,
            "deletions": 43
          }
        ]
      },
      {
        "insertions": 209,
        "deletions": 149,
        "date": "2020-03-23",
        "commitResults": [
          {
            "hash": "e88900f69c6604e8795d4fb2376520e517478381",
            "messageTitle": "Simplify baseUrl resolving process (#1087)",
            "messageBody": "BaseUrls for static includes are rendered once during pre-processing\r\nand another time during resolveBaseUrls.\r\nThe rebaseReference subroutine used during resolveBaseUrls also has\r\nsome unnecessary complexity.\r\nIn addition, in calculateNewBaseUrls, the relative baseUrl for doubly\r\nnested subsites are not resolved correctly.\r\n\r\nLet’s remove the rendering during pre-processing, unifying where baseUrl\r\nis resolved for statically included content.\r\nLet’s also refactor the rebaseReference method, simplifying its logic.\r\nAt the same time, we can standardise usages of the calculateNewBaseUrls\r\nmethod to calculateImmediateParentSitePath, and fix the relative baseUrl\r\nreturned for doubly nested subsites.",
            "insertions": 163,
            "deletions": 140
          },
          {
            "hash": "7850366398a00b4e1ecfdac63a1a472b292e9118",
            "messageTitle": "Allow special tags to be self-closing (#1101)",
            "messageBody": "Unlike the html script and style special tags, plugin authors may want\r\ninjected special tags to be able to be self-closing as well.\r\nThis can help unify the syntax used in the plugin, which makes for\r\nbetter author usability of the plugin.\r\n\r\nLet’s allow injected special tags to be self-closing.\r\nLet’s also do so for the script and style tags, which would be\r\nexpanded to their normal form after rendering.",
            "insertions": 39,
            "deletions": 2
          },
          {
            "hash": "2bbe32ba8bd14f30f3e23ff637ee412e7497bfeb",
            "messageTitle": "Update test files (#1138)",
            "messageBody": "",
            "insertions": 7,
            "deletions": 7
          }
        ]
      },
      {
        "insertions": 27,
        "deletions": 10,
        "date": "2020-03-27",
        "commitResults": [
          {
            "hash": "d3a07aa50e7a4889e3682156d2716931632a9b19",
            "messageTitle": "Fix lazy reload for urls without index (#1110)",
            "messageBody": "Lazy live reloading uses the file extension of the request url to\r\ndetermine whether the request is for a html page, and not from a\r\ndynamic include.\r\nHence, requests for index.html with urls that do not end with\r\nindex.html fail to be detected.\r\n\r\nLet’s add extra processing to detect such requests.",
            "insertions": 27,
            "deletions": 10
          }
        ]
      },
      {
        "insertions": 79,
        "deletions": 123,
        "date": "2020-03-28",
        "commitResults": [
          {
            "hash": "f7351af6af2bafdf09497a99971b1c3ef0c56816",
            "messageTitle": "Allow an array for specifying page src or glob (#1118)",
            "messageBody": "The site configuration does not allow using an array for specifying\r\npages in the src or glob property.\r\nThe method for collecting the addressable pages can also be\r\nmade slightly simpler in the process.\r\n\r\nLet’s do so, reducing the amount of repeated configuration the\r\nauthor potentially needs to write.\r\nLet’s also simplify the method for collecting addressable pages\r\nin the process.",
            "insertions": 79,
            "deletions": 123
          }
        ]
      },
      {
        "insertions": 42,
        "deletions": 3,
        "date": "2020-03-29",
        "commitResults": [
          {
            "hash": "13dc7b7d013e4d3781e9d5a68cc7710f22880807",
            "messageTitle": "Fix baseUrl not working in include src attribute (#1088)",
            "messageBody": "While pre-processing includes or panels, we have not yet resolved\r\nthe baseUrl of the src attribute.\r\nThis causes markbind to fail in finding the source file, since baseUrl\r\nremains in the src attribute.\r\n\r\nLet’s resolve the baseUrl for such cases first, allowing the user to use\r\nthe baseUrl attribute in include and panel src attributes.",
            "insertions": 42,
            "deletions": 3
          }
        ]
      }
    ],
    "geshuming": [],
    "alyip98": [
      {
        "insertions": 13,
        "deletions": 11,
        "date": "2020-02-15",
        "commitResults": [
          {
            "hash": "e22fb283cdacb78a7a98ca7eca84bc2e51dc1c86",
            "messageTitle": "Change number emoji to use unicode characters (#1016)",
            "messageBody": "",
            "insertions": 13,
            "deletions": 11
          }
        ]
      },
      {
        "insertions": 1,
        "deletions": 1,
        "date": "2020-02-22",
        "commitResults": [
          {
            "hash": "de991ba3b10197b39b3b1071a9845fc0c5c96025",
            "messageTitle": "Use path.join instead of string interpolation (#1052)",
            "messageBody": "Assuming forward slashes may cause errors on windows systems",
            "insertions": 1,
            "deletions": 1
          }
        ]
      }
    ],
    "nbriannl": [
      {
        "insertions": 180,
        "deletions": 5,
        "date": "2019-12-19",
        "commitResults": [
          {
            "hash": "c854937051f1222e4e68bf3659dc0b53196c4d8a",
            "messageTitle": "Add language indicator to code blocks (#957)",
            "messageBody": "",
            "insertions": 180,
            "deletions": 5
          }
        ]
      },
      {
        "insertions": 38,
        "deletions": 0,
        "date": "2020-03-03",
        "commitResults": [
          {
            "hash": "962ddd13d54811e1d330f9e0336285b695291bf0",
            "messageTitle": "Documentation for Implement no-* attributes for \u003cbox\u003e  (#1042)",
            "messageBody": "",
            "insertions": 38,
            "deletions": 0
          }
        ]
      },
      {
        "insertions": 341,
        "deletions": 12,
        "date": "2020-03-07",
        "commitResults": [
          {
            "hash": "3a4177373ea41f8ad66ffa7f70266d3c8d0c37b7",
            "messageTitle": "Add heading and line highlighting to code blocks (#1034)",
            "messageBody": "",
            "insertions": 341,
            "deletions": 12
          }
        ]
      },
      {
        "insertions": 91,
        "deletions": 10,
        "date": "2020-03-08",
        "commitResults": [
          {
            "hash": "ba7981362668e54d9216f0278ad82d49493dfaa5",
            "messageTitle": "Add warnings for conflicting/deprecated component attribs (#1057)",
            "messageBody": "",
            "insertions": 91,
            "deletions": 10
          }
        ]
      },
      {
        "insertions": 231,
        "deletions": 3,
        "date": "2020-03-28",
        "commitResults": [
          {
            "hash": "e1b292b4a3779d3be9a0367a905a70340854c7b0",
            "messageTitle": "Code blocks: Implement inline markdown support for heading (#1137)",
            "messageBody": "",
            "insertions": 70,
            "deletions": 1
          },
          {
            "hash": "2af279113846b00296ce5d58efaabbe8a328e8ea",
            "messageTitle": "Docs: Add contributing.md (#1139)",
            "messageBody": "",
            "insertions": 161,
            "deletions": 2
          }
        ]
      }
    ],
    "le0tan": [
      {
        "insertions": 17,
        "deletions": 0,
        "date": "2020-01-15",
        "commitResults": [
          {
            "hash": "146bbb46b7840dda97a44c928605b7eb6e4eb3b6",
            "messageTitle": "Mention development environment prerequisites in DG (#965)",
            "messageBody": "",
            "insertions": 17,
            "deletions": 0
          }
        ]
      },
      {
        "insertions": 2880,
        "deletions": 2734,
        "date": "2020-01-30",
        "commitResults": [
          {
            "hash": "2b378dbff80b12ab509bbd4c8b482e5ef887bfef",
            "messageTitle": "Remove dependency on EJS (#990)",
            "messageBody": "MarkBind is using two templating engines (i.e. EJS and Nunjucks) while\r\nNunjucks is essential to the functionality since it\u0027s user accessible,\r\nEJS seems a bit redundant and can be fully replaced by Nunjucks.\r\n\r\n* Re-write page.ejs with Nunjucks grammar\r\n* Make necessary changes to remove dependency on EJS\r\n* Change test on nested variable reference as initial Nunjucks renderer\r\n  is set to not auto-escape",
            "insertions": 143,
            "deletions": 72
          },
          {
            "hash": "af47ed018176216e10b8a7a510c85e9465714b41",
            "messageTitle": "Adopt ES6 class syntax (#979)",
            "messageBody": "",
            "insertions": 2737,
            "deletions": 2662
          }
        ]
      },
      {
        "insertions": 60,
        "deletions": 0,
        "date": "2020-02-08",
        "commitResults": [
          {
            "hash": "d6654485a5743cab146af00157d0b8bf68f1aa98",
            "messageTitle": "doc: Update seamless style boxes (#1019)",
            "messageBody": "",
            "insertions": 60,
            "deletions": 0
          }
        ]
      },
      {
        "insertions": 155,
        "deletions": 3,
        "date": "2020-02-22",
        "commitResults": [
          {
            "hash": "b9009625f73d16497ffda65a780b6cd65ae36a01",
            "messageTitle": "Make the position of top navbar fixed (#982)",
            "messageBody": "",
            "insertions": 39,
            "deletions": 0
          },
          {
            "hash": "b90f9aad108e23c1558fc40cfcc7dcc8f62a4723",
            "messageTitle": "Support markdown for header attr in dropdown (#1029)",
            "messageBody": "",
            "insertions": 116,
            "deletions": 3
          }
        ]
      },
      {
        "insertions": 1,
        "deletions": 1,
        "date": "2020-03-04",
        "commitResults": [
          {
            "hash": "f4036cc30bfb02439ef002072c3d537ef5284923",
            "messageTitle": "Fixed navbar no longer covers modals (#1070)",
            "messageBody": "",
            "insertions": 1,
            "deletions": 1
          }
        ]
      },
      {
        "insertions": 53,
        "deletions": 4,
        "date": "2020-03-21",
        "commitResults": [
          {
            "hash": "2ee765b6b5092b6fe80eb68069fa732f9b2c13fc",
            "messageTitle": "Update documentation on icon slot for boxes (#1123)",
            "messageBody": "* Update documentation on icon slot for boxes\r\n\r\n* Update the examples for using icon slot for boxes.\r\n\r\n* Resolve comments.",
            "insertions": 53,
            "deletions": 4
          }
        ]
      },
      {
        "insertions": 6,
        "deletions": 1,
        "date": "2020-03-29",
        "commitResults": [
          {
            "hash": "7c78b7722788de019519e85ac6344b7b79b92d32",
            "messageTitle": "Update navbar doc (#1146)",
            "messageBody": "",
            "insertions": 6,
            "deletions": 1
          }
        ]
      }
    ],
    "tiuweehan": [],
    "madanalogy": [
      {
        "insertions": 10,
        "deletions": 1,
        "date": "2019-12-13",
        "commitResults": [
          {
            "hash": "d85a54f56ae1deb8883c0d74ff7ce6254f0e35e2",
            "messageTitle": "Fix expected help message to show header (#946)",
            "messageBody": "",
            "insertions": 10,
            "deletions": 1
          }
        ]
      },
      {
        "insertions": 1,
        "deletions": 1,
        "date": "2020-02-04",
        "commitResults": [
          {
            "hash": "c3aac494affbb5a366c9d182a5501c663cc85c12",
            "messageTitle": "docs: Fix inconsistent navigation links whitespace (#1018)",
            "messageBody": "",
            "insertions": 1,
            "deletions": 1
          }
        ]
      },
      {
        "insertions": 103,
        "deletions": 81,
        "date": "2020-02-06",
        "commitResults": [
          {
            "hash": "6b44e3c9d9300e2f50566de94fa2da15a9088f2d",
            "messageTitle": "Add help usage to user guide (#996)",
            "messageBody": "",
            "insertions": 103,
            "deletions": 81
          }
        ]
      }
    ],
    "daekoon": []
  },
  "authorFinalContributionMap": {
    "ccyccyccy": 0,
    "Parcly-Taxel": 0,
    "niqiukun": 0,
    "openorclose": 1346,
    "yash-chowdhary": 1670,
    "Tejas2805": 83,
    "dvrylc": 76,
    "j-lum": 0,
    "iskandarzulkarnaien": 0,
    "xantho09": 0,
    "0blivious": 0,
    "hcwong": 60,
    "ang-zeyu": 3761,
    "geshuming": 0,
    "alyip98": 13,
    "nbriannl": 682,
    "le0tan": 960,
    "tiuweehan": 0,
    "madanalogy": 61,
    "daekoon": 0
  },
  "authorFileTypeContributionMap": {
    "ccyccyccy": {
      "java": 0,
      "js": 0,
      "css": 0,
      "json": 0,
      "md": 0,
      "mbd": 0,
      "mbdf": 0,
      "njk": 0,
      "py": 0,
      "yml": 0
    },
    "Parcly-Taxel": {
      "java": 0,
      "js": 0,
      "css": 0,
      "json": 0,
      "md": 0,
      "mbd": 0,
      "mbdf": 0,
      "njk": 0,
      "py": 0,
      "yml": 0
    },
    "niqiukun": {
      "java": 0,
      "js": 0,
      "css": 0,
      "json": 0,
      "md": 0,
      "mbd": 0,
      "mbdf": 0,
      "njk": 0,
      "py": 0,
      "yml": 0
    },
    "openorclose": {
      "java": 0,
      "js": 685,
      "css": 485,
      "json": 27,
      "md": 79,
      "mbd": 0,
      "mbdf": 70,
      "njk": 0,
      "py": 0,
      "yml": 0
    },
    "yash-chowdhary": {
      "java": 0,
      "js": 252,
      "css": 294,
      "json": 4,
      "md": 1041,
      "mbd": 0,
      "mbdf": 61,
      "njk": 0,
      "py": 0,
      "yml": 18
    },
    "Tejas2805": {
      "java": 0,
      "js": 3,
      "css": 1,
      "json": 0,
      "md": 4,
      "mbd": 0,
      "mbdf": 75,
      "njk": 0,
      "py": 0,
      "yml": 0
    },
    "dvrylc": {
      "java": 0,
      "js": 28,
      "css": 36,
      "json": 3,
      "md": 0,
      "mbd": 0,
      "mbdf": 8,
      "njk": 1,
      "py": 0,
      "yml": 0
    },
    "j-lum": {
      "java": 0,
      "js": 0,
      "css": 0,
      "json": 0,
      "md": 0,
      "mbd": 0,
      "mbdf": 0,
      "njk": 0,
      "py": 0,
      "yml": 0
    },
    "iskandarzulkarnaien": {
      "java": 0,
      "js": 0,
      "css": 0,
      "json": 0,
      "md": 0,
      "mbd": 0,
      "mbdf": 0,
      "njk": 0,
      "py": 0,
      "yml": 0
    },
    "xantho09": {
      "java": 0,
      "js": 0,
      "css": 0,
      "json": 0,
      "md": 0,
      "mbd": 0,
      "mbdf": 0,
      "njk": 0,
      "py": 0,
      "yml": 0
    },
    "0blivious": {
      "java": 0,
      "js": 0,
      "css": 0,
      "json": 0,
      "md": 0,
      "mbd": 0,
      "mbdf": 0,
      "njk": 0,
      "py": 0,
      "yml": 0
    },
    "hcwong": {
      "java": 0,
      "js": 0,
      "css": 2,
      "json": 0,
      "md": 2,
      "mbd": 0,
      "mbdf": 56,
      "njk": 0,
      "py": 0,
      "yml": 0
    },
    "ang-zeyu": {
      "java": 0,
      "js": 2309,
      "css": 687,
      "json": 309,
      "md": 326,
      "mbd": 0,
      "mbdf": 118,
      "njk": 12,
      "py": 0,
      "yml": 0
    },
    "geshuming": {
      "java": 0,
      "js": 0,
      "css": 0,
      "json": 0,
      "md": 0,
      "mbd": 0,
      "mbdf": 0,
      "njk": 0,
      "py": 0,
      "yml": 0
    },
    "alyip98": {
      "java": 0,
      "js": 13,
      "css": 0,
      "json": 0,
      "md": 0,
      "mbd": 0,
      "mbdf": 0,
      "njk": 0,
      "py": 0,
      "yml": 0
    },
    "nbriannl": {
      "java": 0,
      "js": 135,
      "css": 230,
      "json": 1,
      "md": 175,
      "mbd": 0,
      "mbdf": 141,
      "njk": 0,
      "py": 0,
      "yml": 0
    },
    "le0tan": {
      "java": 0,
      "js": 767,
      "css": 8,
      "json": 0,
      "md": 70,
      "mbd": 0,
      "mbdf": 68,
      "njk": 47,
      "py": 0,
      "yml": 0
    },
    "tiuweehan": {
      "java": 0,
      "js": 0,
      "css": 0,
      "json": 0,
      "md": 0,
      "mbd": 0,
      "mbdf": 0,
      "njk": 0,
      "py": 0,
      "yml": 0
    },
    "madanalogy": {
      "java": 0,
      "js": 27,
      "css": 0,
      "json": 0,
      "md": 33,
      "mbd": 0,
      "mbdf": 0,
      "njk": 1,
      "py": 0,
      "yml": 0
    },
    "daekoon": {
      "java": 0,
      "js": 0,
      "css": 0,
      "json": 0,
      "md": 0,
      "mbd": 0,
      "mbdf": 0,
      "njk": 0,
      "py": 0,
      "yml": 0
    }
  },
  "authorContributionVariance": {
    "ccyccyccy": 0.0,
    "Parcly-Taxel": 0.0,
    "niqiukun": 0.0,
    "openorclose": 6371.1904,
    "yash-chowdhary": 9244.068,
    "Tejas2805": 119.52282,
    "dvrylc": 48.91282,
    "j-lum": 0.0,
    "iskandarzulkarnaien": 0.0,
    "xantho09": 0.0,
    "0blivious": 0.0,
    "hcwong": 26.843658,
    "ang-zeyu": 38778.86,
    "geshuming": 0.0,
    "alyip98": 4.747206,
    "nbriannl": 1804.7614,
    "le0tan": 258347.25,
    "tiuweehan": 0.0,
    "madanalogy": 278.18472,
    "daekoon": 0.0
  },
  "authorDisplayNameMap": {
    "ccyccyccy": "CHON..YUAN",
    "Parcly-Taxel": "JERE..ERUI",
    "niqiukun": "NI T..ZHEN",
    "openorclose": "DARY.. TAN",
    "yash-chowdhary": "YASH..HARY",
    "Tejas2805": "TEJA..ANIA",
    "dvrylc": "CHAN..ARYL",
    "j-lum": "LUM ..FFRY",
    "iskandarzulkarnaien": "ISKA..AINI",
    "xantho09": "MUHA..INAL",
    "0blivious": "LIU ..IWEN",
    "hcwong": "JOSH..HIEN",
    "ang-zeyu": "ANG ..E YU",
    "geshuming": "GE S..MING",
    "alyip98": "YIP ..YEUN",
    "nbriannl": "LABA..RIDO",
    "le0tan": "TAN ..HONG",
    "tiuweehan": "TIU .. HAN",
    "madanalogy": "MUHA..JJAJ",
    "daekoon": "LIM ..KOON"
  }
}
