{
  "authorDailyContributionsMap": {
    "ccyccyccy": [
      {
        "insertions": 1,
        "deletions": 1,
        "date": "2020-05-14",
        "commitResults": [
          {
            "hash": "dd875b91fa4669f18b1ace576282e96868210bec",
            "messageTitle": "[#10042] Remove nowrap (#10048)",
            "messageBody": "",
            "fileTypesAndContributionMap": {
              "html": {
                "insertions": 1,
                "deletions": 1
              }
            }
          }
        ]
      },
      {
        "insertions": 3,
        "deletions": 8,
        "date": "2020-05-18",
        "commitResults": [
          {
            "hash": "311b248c3a28967dd16fe3102a80221a29478d78",
            "messageTitle": "[#10058] Fix inconsistent exception thrown in BasicFeedbackSubmissionAction#checkAccessControl* (#10060)",
            "messageBody": "* Make exception thrown by checkAccessControl* consistent\r\n\r\n* Remove unused import\r\n\r\n* Remove unused imports\r\n\r\n* Restore null check, but change type of exception thrown\r\n\r\nCo-authored-by: Ahmed Bahajjaj \u003cAhmed_Bahajjaj@u.nus.edu\u003e",
            "fileTypesAndContributionMap": {
              "java": {
                "insertions": 3,
                "deletions": 8
              }
            }
          }
        ]
      },
      {
        "insertions": 157,
        "deletions": 7,
        "date": "2020-05-19",
        "commitResults": [
          {
            "hash": "4cd584421b0021045e35674305f1d444af30f824",
            "messageTitle": "[#9382] Add tests for GetFeedbackSessionActionTest (#10057)",
            "messageBody": "* Add tests for GetFeedbackSessionActionTest\r\n\r\n* Fix other tests\r\n\r\n* Change description of test segments\r\n\r\n* Revert unrelated change\r\n\r\nCo-authored-by: Ahmed Bahajjaj \u003cAhmed_Bahajjaj@u.nus.edu\u003e",
            "fileTypesAndContributionMap": {
              "java": {
                "insertions": 34,
                "deletions": 1
              }
            }
          },
          {
            "hash": "46c3e9b8405f68c151aba51eeb4888018f89764a",
            "messageTitle": "[#9382] Add example components to instructor help questions MCQ (#10068)",
            "messageBody": "* Convert to use question-edit-form\r\n\r\n* Fix tests\r\n\r\n* Copy sample data directly\r\n\r\nCo-authored-by: Ahmed Bahajjaj \u003cAhmed_Bahajjaj@u.nus.edu\u003e",
            "fileTypesAndContributionMap": {
              "html": {
                "insertions": 14,
                "deletions": 2
              },
              "ts": {
                "insertions": 57,
                "deletions": 2
              }
            }
          },
          {
            "hash": "91e1fee42ef3c188b9ccd5cbf532a0e3b2ce701a",
            "messageTitle": "Add example component for adding questions to a session (#10075)",
            "messageBody": "Co-authored-by: Ahmed Bahajjaj \u003cAhmed_Bahajjaj@u.nus.edu\u003e",
            "fileTypesAndContributionMap": {
              "scss": {
                "insertions": 11,
                "deletions": 0
              },
              "html": {
                "insertions": 41,
                "deletions": 2
              }
            }
          }
        ]
      },
      {
        "insertions": 2,
        "deletions": 2,
        "date": "2020-05-20",
        "commitResults": [
          {
            "hash": "fcbd2bfd1d7e1cb2115664ff357885369f06db7b",
            "messageTitle": "[#10085] Increase height and make width auto (#10086)",
            "messageBody": "",
            "fileTypesAndContributionMap": {
              "scss": {
                "insertions": 2,
                "deletions": 2
              }
            }
          }
        ]
      },
      {
        "insertions": 88,
        "deletions": 2,
        "date": "2020-05-21",
        "commitResults": [
          {
            "hash": "4bdf35f222e4ee4560de22684b487cf266822ed9",
            "messageTitle": "[#9382] Add example box for rubric responder\u0027s view of question (#10082)",
            "messageBody": "* Add rubric responder\u0027s view of question\r\n\r\n* Disable example component\r\n\r\nCo-authored-by: Ahmed Bahajjaj \u003cAhmed_Bahajjaj@u.nus.edu\u003e",
            "fileTypesAndContributionMap": {
              "html": {
                "insertions": 6,
                "deletions": 1
              },
              "ts": {
                "insertions": 71,
                "deletions": 1
              }
            }
          },
          {
            "hash": "f4d22ade54920a7930ab765e3190b451558fddc9",
            "messageTitle": "Add style to make cursor become pointer (#10091)",
            "messageBody": "",
            "fileTypesAndContributionMap": {
              "scss": {
                "insertions": 8,
                "deletions": 0
              }
            }
          },
          {
            "hash": "f0884fc4739f21eb82ea5af2ea0be954de1b7426",
            "messageTitle": "[#10088] Check for empty array (#10093)",
            "messageBody": "Co-authored-by: Ahmed Bahajjaj \u003cAhmed_Bahajjaj@u.nus.edu\u003e",
            "fileTypesAndContributionMap": {
              "ts": {
                "insertions": 3,
                "deletions": 0
              }
            }
          }
        ]
      },
      {
        "insertions": 93,
        "deletions": 31,
        "date": "2020-05-28",
        "commitResults": [
          {
            "hash": "6e993c984f466f04d2ad683ba9ac14a86fc8782b",
            "messageTitle": "[#10102] Add participant comment to student session result (#10120)",
            "messageBody": "* Add participant comment to student session result\r\n\r\n* Fix test\r\n\r\n* Convert to use pipes\r\n\r\n* Add visibility for comments\r\n\r\n* Fix issues raised by review\r\n\r\n* Fix lint",
            "fileTypesAndContributionMap": {
              "html": {
                "insertions": 22,
                "deletions": 5
              },
              "ts": {
                "insertions": 71,
                "deletions": 26
              }
            }
          }
        ]
      },
      {
        "insertions": 2,
        "deletions": 2,
        "date": "2020-05-29",
        "commitResults": [
          {
            "hash": "012af961bfd6cba22918dbca733e9e3864736edb",
            "messageTitle": "[#10123] Remove removeAnonymousHash method (#10125)",
            "messageBody": "",
            "fileTypesAndContributionMap": {
              "java": {
                "insertions": 2,
                "deletions": 2
              }
            }
          }
        ]
      },
      {
        "insertions": 240,
        "deletions": 151,
        "date": "2020-05-31",
        "commitResults": [
          {
            "hash": "c2ce258fd591f3c983627cecc98b7f71426c315a",
            "messageTitle": "[#10124] Show instructor comments on student result page (#10136)",
            "messageBody": "* Rename participant-comment-to-comment-row-model pipe\r\n\r\n* Rename old pipe to better name\r\n\r\n* Add table for instructor comments\r\n\r\n* Rename pipe names to be more accurate\r\n\r\n* Add documentation\r\n\r\n* Add readonly mode to comment table model\r\n\r\n* Refactor pipe, add readonly option\r\n\r\n* Add test\r\n\r\n* Fix lint\r\n\r\n* Refactor to remove duplicate code\r\n\r\n* Add pipes to scope\r\n\r\n* Fix missing timezone param\r\n\r\n* Attempt to fix test\r\n\r\n* Update snapshot\r\n\r\n* Change isReadonly to isReadOnly",
            "fileTypesAndContributionMap": {
              "html": {
                "insertions": 26,
                "deletions": 9
              },
              "ts": {
                "insertions": 214,
                "deletions": 142
              }
            }
          }
        ]
      },
      {
        "insertions": 20,
        "deletions": 18,
        "date": "2020-06-02",
        "commitResults": [
          {
            "hash": "1c5c79e1ea9c7745fc86119d1a1bb4baad1ee335",
            "messageTitle": "[#10134] Remove nested subscription in instructor student records page (#10148)",
            "messageBody": "* Remove nested subscription\r\n\r\n* Rename getFeedbackSessionsResult to getFeedbackSessionResults for more clarity",
            "fileTypesAndContributionMap": {
              "ts": {
                "insertions": 20,
                "deletions": 18
              }
            }
          }
        ]
      },
      {
        "insertions": 97,
        "deletions": 27,
        "date": "2020-06-03",
        "commitResults": [
          {
            "hash": "a817e017cc66510d0cc1ee6863ce70f9e1eaa2eb",
            "messageTitle": "[#10143] Hide photo when student anonymous (#10151)",
            "messageBody": "* Hide photo for gqr and rqg\r\n\r\n* Hide photo for per question\r\n\r\n* Hide photo for grq and rgq\r\n\r\n* Hide photo for grouped response\r\n\r\n* Remove userToEmail field\r\n\r\n* Refactor all names with photo to use new componentt\r\n\r\n* Lint and test fix\r\n\r\n* Rename component to be more precise\r\n\r\n* Remove optional fields",
            "fileTypesAndContributionMap": {
              "scss": {
                "insertions": 0,
                "deletions": 0
              },
              "html": {
                "insertions": 37,
                "deletions": 18
              },
              "ts": {
                "insertions": 60,
                "deletions": 9
              }
            }
          }
        ]
      },
      {
        "insertions": 370,
        "deletions": 26,
        "date": "2020-06-05",
        "commitResults": [
          {
            "hash": "5bea3ab37d4579371be60bb2c27f3ffae7dbbd4c",
            "messageTitle": "[#10144] Add instructor view session result help example component (#10162)",
            "messageBody": "* Add example control box\r\n\r\n* Add example GRQ session result\r\n\r\n* Disabled buttons for instructor\u003dsession-no-response-panel\r\n\r\n* Add example component for student view\r\n\r\n* Lint and test fix\r\n\r\n* Remove unintended change\r\n\r\n* Reuse instructor\u003dsession-no-response-panel\r\n\r\n* Fix merge conflicts",
            "fileTypesAndContributionMap": {
              "scss": {
                "insertions": 4,
                "deletions": 0
              },
              "html": {
                "insertions": 107,
                "deletions": 5
              },
              "ts": {
                "insertions": 259,
                "deletions": 21
              }
            }
          }
        ]
      },
      {
        "insertions": 217,
        "deletions": 27,
        "date": "2020-06-06",
        "commitResults": [
          {
            "hash": "2c43261b7797e8dbcb9f9e96335cbcdc5a923431",
            "messageTitle": "[#10168] Fix checkbox ui at Instructor Session Result Page (#10169)",
            "messageBody": "* Modify checkbox to allow clicking on label to check the box\r\n\r\n* Fix formatting",
            "fileTypesAndContributionMap": {
              "html": {
                "insertions": 9,
                "deletions": 7
              }
            }
          },
          {
            "hash": "949d600b9703214f793e1d179b09b1803cd1baf6",
            "messageTitle": "[#10155] Add sortable table, with MCQ statistics calling it (#10166)",
            "messageBody": "* Add sortable table, with MCQ statistics calling it\r\n\r\n* Fix CSS\r\n\r\n* Refactor to use more of table comparator service\r\n\r\n* Fix doc\r\n\r\n* Clone original row instead of assigning\r\n\r\n* Fix enum casing, change enum placement\r\n\r\n* Make sortBy comment more concise",
            "fileTypesAndContributionMap": {
              "scss": {
                "insertions": 3,
                "deletions": 0
              },
              "html": {
                "insertions": 20,
                "deletions": 20
              },
              "ts": {
                "insertions": 185,
                "deletions": 0
              }
            }
          }
        ]
      },
      {
        "insertions": 143,
        "deletions": 61,
        "date": "2020-06-09",
        "commitResults": [
          {
            "hash": "37f1fcb803abdc3267518e3e2e7b0460a72143c5",
            "messageTitle": "[#10155] Add sortable statistics tables for instructor result page (#10177)",
            "messageBody": "* Add sortable table for rank-options-question-statistics\r\n\r\n* Add sortable table for rank-recipients-question-statistics\r\n\r\n* Add sortable table for rubric-question-statistics\r\n\r\n* Lint fix\r\n\r\n* Test fix\r\n\r\n* Make method public for testing\r\n\r\n* Rename loop variables to be more legible",
            "fileTypesAndContributionMap": {
              "html": {
                "insertions": 10,
                "deletions": 60
              },
              "ts": {
                "insertions": 133,
                "deletions": 1
              }
            }
          }
        ]
      },
      {
        "insertions": 250,
        "deletions": 100,
        "date": "2020-06-15",
        "commitResults": [
          {
            "hash": "9135b8b5e0dbaaa19dc412cbb6fd74b98f5159e9",
            "messageTitle": "[#10182] Add custom component for sortable table, with contribution statistics using it (#10183)",
            "messageBody": "* Modify sortable table to accept custom components to render within the table cell\r\n\r\n* Add sortable table for contribution statistics\r\n\r\n* Lint and test fix\r\n\r\n* Remove original table, add tooltips\r\n\r\n* Convert sortable table to accept a single interface type\r\n\r\n* Convert rest of statistics to use new API\r\n\r\n* Cleanup after refactoring sortable table row structure\r\n\r\n* Add reminder to register new dynamic components\r\n\r\n* Change comments for contribution question statistics module",
            "fileTypesAndContributionMap": {
              "scss": {
                "insertions": 0,
                "deletions": 0
              },
              "html": {
                "insertions": 17,
                "deletions": 46
              },
              "ts": {
                "insertions": 233,
                "deletions": 54
              }
            }
          }
        ]
      },
      {
        "insertions": 222,
        "deletions": 176,
        "date": "2020-06-17",
        "commitResults": [
          {
            "hash": "3ee4ac99450080d094f50939785fa82eea34389f",
            "messageTitle": "[#10155] Add sortable statistic table for MSQ, plus finishing up (#10194)",
            "messageBody": "* Add sortable statistics for MSQ\r\n\r\n* Add per recipient statistics for MCQ\r\n\r\n* Refactor num scale statistics to use sortable table\r\n\r\n* Add spacing between arrow and header\r\n\r\n* Change variable names to be more accurate\r\n\r\n* Use CSS instead of space to format sort icon\r\n\r\n* CSS lint fix",
            "fileTypesAndContributionMap": {
              "scss": {
                "insertions": 4,
                "deletions": 0
              },
              "html": {
                "insertions": 5,
                "deletions": 121
              },
              "ts": {
                "insertions": 213,
                "deletions": 55
              }
            }
          }
        ]
      },
      {
        "insertions": 173,
        "deletions": 130,
        "date": "2020-06-19",
        "commitResults": [
          {
            "hash": "cfe4f61e8c8f92a8fedd333f70d78058c948e3d6",
            "messageTitle": "[#10176] UAT: Session edit page fix (#10203)",
            "messageBody": "* Scroll to new question when new question is added\r\n\r\n* Add smooth drag and drop animations for MSQ and rank options, along with some refactoring of CSS\r\n\r\n* Fix numerical scale input box error checking\r\n\r\n* Fix rubric question delete modal mix up\r\n\r\n* Remove useless classes\r\n\r\n* Add smooth drag and drop for distribution points for options\r\n\r\n* Test fix\r\n\r\n* Refactor smooth dragging animation to use module level stylesheet",
            "fileTypesAndContributionMap": {
              "scss": {
                "insertions": 21,
                "deletions": 22
              },
              "html": {
                "insertions": 74,
                "deletions": 79
              },
              "ts": {
                "insertions": 22,
                "deletions": 4
              }
            }
          },
          {
            "hash": "d0036f43832f64bf9a83df43171e5a89a1cfe654",
            "messageTitle": "[#10176] Fixes for UAT: Instructor edit page (#10201)",
            "messageBody": "* Disable dropdown for feedback path when there is no alternatives\r\n\r\n* Remember previous input for toggling generate option\r\n\r\nMight have a better way to do this. But since the model have to be sync, I don\u0027t see a better way without introducing excessive overhead just for 2 components\r\n\r\n* Add cursor not-allowed styling to disabled input fields",
            "fileTypesAndContributionMap": {
              "scss": {
                "insertions": 6,
                "deletions": 0
              },
              "html": {
                "insertions": 1,
                "deletions": 1
              },
              "ts": {
                "insertions": 49,
                "deletions": 24
              }
            }
          }
        ]
      },
      {
        "insertions": 296,
        "deletions": 208,
        "date": "2020-06-24",
        "commitResults": [
          {
            "hash": "37a04f3e4b404a7c527a5e9e8bdd48e5ae7ca62c",
            "messageTitle": "[#10176] UAT fixes (#10226)",
            "messageBody": "* Restrict min and max values to integers\r\n\r\n* Make save warning less scary and more accurate\r\n\r\n* Indicate mcq msq comments are optional\r\n\r\n* Remove min value for min scale\r\n\r\n* Remove enum comment for Math",
            "fileTypesAndContributionMap": {
              "html": {
                "insertions": 5,
                "deletions": 5
              },
              "ts": {
                "insertions": 2,
                "deletions": 0
              }
            }
          },
          {
            "hash": "521027adecfc81b9d4329a80eb7ba6968fe26b94",
            "messageTitle": "[#10213] Add animations for all collapsable tabs (#10225)",
            "messageBody": "* Add animations for all collapsable tabs\r\n\r\n* Typo fix\r\n\r\n* Update snapshots\r\n\r\n* Rename animation more properly\r\n\r\n* Add collapse animation as well",
            "fileTypesAndContributionMap": {
              "scss": {
                "insertions": 46,
                "deletions": 1
              },
              "html": {
                "insertions": 221,
                "deletions": 197
              },
              "ts": {
                "insertions": 22,
                "deletions": 5
              }
            }
          }
        ]
      },
      {
        "insertions": 1,
        "deletions": 1,
        "date": "2020-06-25",
        "commitResults": [
          {
            "hash": "7a4a9ab22f884a03ef528749bbb1bc3906baad87",
            "messageTitle": "[#10176] Fix MCQ delete after reorder bug (#10230)",
            "messageBody": "",
            "fileTypesAndContributionMap": {
              "html": {
                "insertions": 1,
                "deletions": 1
              }
            }
          }
        ]
      }
    ],
    "Parcly-Taxel": [],
    "niqiukun": [
      {
        "insertions": 1,
        "deletions": 1,
        "date": "2020-01-19",
        "commitResults": [
          {
            "hash": "638fb374561659a1142421d81fe045bb73f08465",
            "messageTitle": "[#9841] Instructor/Courses: Courses recycle bin table overflow if text is too long (#9916)",
            "messageBody": "Co-authored-by: Xiao Pu \u003cxp.xiaopu@gmail.com\u003e\r\n",
            "fileTypesAndContributionMap": {
              "html": {
                "insertions": 1,
                "deletions": 1
              }
            }
          }
        ]
      },
      {
        "insertions": 6,
        "deletions": 2,
        "date": "2020-01-20",
        "commitResults": [
          {
            "hash": "3efc8fcc29e156d426765a4f38bfb2830fcff2d2",
            "messageTitle": "[#9920] Don\u0027t load all courses again when deleting/archiving courses in InstructorHomePageComponent (#9922)",
            "messageBody": "Co-authored-by: Xiao Pu \u003cxp.xiaopu@gmail.com\u003e\r\n",
            "fileTypesAndContributionMap": {
              "ts": {
                "insertions": 6,
                "deletions": 2
              }
            }
          }
        ]
      },
      {
        "insertions": 87,
        "deletions": 28,
        "date": "2020-02-01",
        "commitResults": [
          {
            "hash": "553956e58e38a6d73925ab51d6bee5f99c1752e5",
            "messageTitle": "[#9921] Don\u0027t load all courses again when deleting/archiving courses in InstructorCoursesPageComponent (#9923)",
            "messageBody": "* Prevent multiple loading of courses after archiving/deleting courses in courses page\r\n\r\n* Organise various model types into one CourseModel\r\n\r\n* Fix deletion date not assigned after moving the course into recycle bin\r\n\r\n* Make sorting persistent after courses restored from archive\r\n\r\n* Refactor and return deletion timestamp from backend\r\n\r\n* Add test to verify deletion timestamp has been set\r\n",
            "fileTypesAndContributionMap": {
              "java": {
                "insertions": 6,
                "deletions": 3
              },
              "ts": {
                "insertions": 81,
                "deletions": 25
              }
            }
          }
        ]
      },
      {
        "insertions": 25,
        "deletions": 2,
        "date": "2020-02-16",
        "commitResults": [
          {
            "hash": "569635f576a9e6e9b21581e105b70beb383e12ad",
            "messageTitle": "[#9948] Add Cancel Button for Course Editing (#9949)",
            "messageBody": "* Add cancel button for course editing\r\n\r\n* Center save changes button\r\n\r\n* Change variable name from savedCourse to originalCourse\r\n\r\n* Retry testing\r\n\r\nCo-authored-by: Xiao Pu \u003cxp.xiaopu@gmail.com\u003e\r\n",
            "fileTypesAndContributionMap": {
              "html": {
                "insertions": 8,
                "deletions": 2
              },
              "ts": {
                "insertions": 17,
                "deletions": 0
              }
            }
          }
        ]
      },
      {
        "insertions": 254,
        "deletions": 27,
        "date": "2020-02-27",
        "commitResults": [
          {
            "hash": "c8da11f601e6cb97b0660ad493b86a5f94e46556",
            "messageTitle": "[#9302] Support rich text for MCQ option text (#9944)",
            "messageBody": "* Add support for rich text for MCQ options\r\n\r\n* Fix failing tests\r\n\r\n* Fix drag and drop interfering with text editor\r\n\r\n* Fix failing test\r\n\r\n* Customise rich text editor panel for editing MCQ options\r\n\r\n* Fix display of MCQ responses on results page\r\n\r\n* Fix display of MCQ options in additional details\r\n\r\n* Change HTML strip rules for image and table\r\n\r\nCo-authored-by: Xiao Pu \u003cxp.xiaopu@gmail.com\u003e\r\n",
            "fileTypesAndContributionMap": {
              "scss": {
                "insertions": 43,
                "deletions": 1
              },
              "html": {
                "insertions": 32,
                "deletions": 24
              },
              "ts": {
                "insertions": 179,
                "deletions": 2
              }
            }
          }
        ]
      },
      {
        "insertions": 6,
        "deletions": 1,
        "date": "2020-03-30",
        "commitResults": [
          {
            "hash": "12f2d08634dcb4da5875613142706cc10d04f542",
            "messageTitle": "[#9950] Prevent form submission to backend when invalid fields defected in frontend (#9953)",
            "messageBody": "* Simple fix to disable submit button when form is invalid\r\n\r\n* Retry testing\r\n\r\nCo-authored-by: Xiao Pu \u003cxp.xiaopu@gmail.com\u003e",
            "fileTypesAndContributionMap": {
              "html": {
                "insertions": 6,
                "deletions": 1
              }
            }
          }
        ]
      },
      {
        "insertions": 801,
        "deletions": 13,
        "date": "2020-04-01",
        "commitResults": [
          {
            "hash": "cb7a01a88a91f96a515ffda4fea7df8e16622227",
            "messageTitle": "[#9382] Enable downloading of feedback session results as CSV (#9961)",
            "messageBody": "* Enable downloading of feedback session results as csv\r\n\r\n* Create runtime wrapper for ExceedingRangeException\r\n\r\n* Add GetSessionResultsAction Tests\r\n\r\n* Add tests for GetSessionResultsAsCsvAction\r\n\r\n* Enable downloading session results from instructor home page\r\n\r\n* Migrate tests from InstructorFeedbackResultsDownloadActionTest to GetSessionResultsAsCsvActionTest\r\n\r\n* Change return type of containsSectionDetail and group params\r\n\r\n* Remove hardcoded value of `section \u003d\u003d \"All\"`\r\n\r\n* Add test cases for statistics hidden and shown\r\n\r\n* Use custom data bundle for GetSessionResultsAsCsvActionTest\r\n\r\n* Remove param for `ExceedingRangeException` testing\r\n\r\n* Move helper methods to test and change accessibility of inner classes",
            "fileTypesAndContributionMap": {
              "java": {
                "insertions": 733,
                "deletions": 8
              },
              "html": {
                "insertions": 7,
                "deletions": 5
              },
              "ts": {
                "insertions": 61,
                "deletions": 0
              }
            }
          }
        ]
      },
      {
        "insertions": 1,
        "deletions": 1,
        "date": "2020-04-05",
        "commitResults": [
          {
            "hash": "5f35ee0592e69640fde47c735088f1d6d39fdd6b",
            "messageTitle": "Fix incorrect disabled flag for student view responses button (#10007)",
            "messageBody": "",
            "fileTypesAndContributionMap": {
              "html": {
                "insertions": 1,
                "deletions": 1
              }
            }
          }
        ]
      },
      {
        "insertions": 371,
        "deletions": 31,
        "date": "2020-04-23",
        "commitResults": [
          {
            "hash": "cc246d7292435237fbd750f43e64da222cd1739e",
            "messageTitle": "[#9382] Migrate features to session result page (#9992)",
            "messageBody": "* Add download results button UI to session result page\r\n\r\n* Add button to expand/collapse all questions/sections\r\n\r\n* Set timeout to give time for all tabs to expand\r\n\r\n* Add sortable headers to session result page per question view responses\r\n\r\n* Adjust download configuration based on page settings\r\n\r\n* Fix sorting order when a header is first clicked\r\n\r\n* Use table comparator service",
            "fileTypesAndContributionMap": {
              "scss": {
                "insertions": 18,
                "deletions": 0
              },
              "html": {
                "insertions": 51,
                "deletions": 13
              },
              "ts": {
                "insertions": 302,
                "deletions": 18
              }
            }
          }
        ]
      }
    ],
    "openorclose": [],
    "yash-chowdhary": [],
    "Tejas2805": [],
    "dvrylc": [
      {
        "insertions": 24,
        "deletions": 5,
        "date": "2020-01-14",
        "commitResults": [
          {
            "hash": "7619ce905d01c91f1371dd4dd8f6d1cc1b40df1e",
            "messageTitle": "[#9761] Feedback Session Edit: Button names should be more appropriate (#9910)",
            "messageBody": "* Improve button labels when editing feedback session questions\r\n\r\n* Add snapshot\r\n\r\nCo-authored-by: Xiao Pu \u003cacesscp@gmail.com\u003e\r\n",
            "fileTypesAndContributionMap": {
              "html": {
                "insertions": 5,
                "deletions": 5
              },
              "ts": {
                "insertions": 19,
                "deletions": 0
              }
            }
          }
        ]
      },
      {
        "insertions": 22,
        "deletions": 14,
        "date": "2020-02-05",
        "commitResults": [
          {
            "hash": "8d627b6a2c4c4fbc0380d19e39a6857e6eaf47e7",
            "messageTitle": "[#9688] Resolve TinyMCE conflicts with Snapshot tests (#9932)",
            "messageBody": "* Add helper for mocking TinyMCE UUID\r\n\r\n* Update app tsconfig to exclude test helpers\r\n\r\n* Refactor function import/export\r\n\r\nCo-authored-by: Xiao Pu \u003cxp.xiaopu@gmail.com\u003e\r\n",
            "fileTypesAndContributionMap": {
              "ts": {
                "insertions": 22,
                "deletions": 14
              }
            }
          }
        ]
      },
      {
        "insertions": 64,
        "deletions": 2,
        "date": "2020-02-06",
        "commitResults": [
          {
            "hash": "fcf52e5530b340f54bfb5ffc86ee9f802a49d34b",
            "messageTitle": "[#9382] Add tests for RestoreFeedbackSessionAction (#9934)",
            "messageBody": "* Add tests for RestoreFeedbackSessionAction\r\n\r\n* Improve test structure\r\n\r\nCo-authored-by: Xiao Pu \u003cxp.xiaopu@gmail.com\u003e\r\n",
            "fileTypesAndContributionMap": {
              "java": {
                "insertions": 64,
                "deletions": 2
              }
            }
          }
        ]
      },
      {
        "insertions": 443,
        "deletions": 16,
        "date": "2020-03-16",
        "commitResults": [
          {
            "hash": "8ce800938faed1da40baf7bea2d9795debfb3b80",
            "messageTitle": "[#9946] Migration to new RESTful search endpoints - Students (#9979)",
            "messageBody": "* Implement search student endpoint\r\n\r\n* Implement instructors search endpoint (#2)\r\n\r\n* Add instructor search endpoint\r\n\r\n* Add tests\r\n\r\n* Switch from SearchInstructorsData to InstructorsData (#6)\r\n\r\n* Switch from SearchStudentsData to StudentsData (#7)\r\n\r\n* Allow travis to build search migration branch (#5)\r\n\r\n* Implement sessions search endpoint (#3)\r\n\r\n* Add sessions search endpoint\r\n\r\n* Add tests\r\n\r\n* Fix lint errors\r\n\r\n* Add course endpoint (#8)\r\n\r\n* Implement Links Endpoint (#4)\r\n\r\n* Add googleId  field to StudentData (#9)\r\n\r\n* Add googleid to studentdata\r\n\r\n* Add nullable to student data\r\n\r\n* Improve search response classes (#12)\r\n\r\n* Improve students endpoint classes\r\n\r\n* Move joinState attribute from common to student\r\n\r\n* Improve instructors endpoint classes\r\n\r\n* Revert \"Add googleId  field to StudentData (#9)\"\r\n\r\nThis reverts commit b5d46cabc092bf3bedc429ae1c771515bf149606.\r\n\r\n* Revert unnecessary InstructorData changes\r\n\r\n* Fix typo\r\n\r\n* Make joinState common\r\n\r\n* Make names sane again\r\n\r\n* Remove unused setters\r\n\r\n* Standardize search endpoints (#13)\r\n\r\n* Improve course endpoint class names\r\n\r\n* Improve links endpoint class names\r\n\r\n* Improve sessions endpoint class names\r\n\r\n* Standardize comments\r\n\r\n* Fix import order\r\n\r\n* Revert travis config\r\n\r\n* Split PR\r\n\r\n* Revert to existing response classes\r\n\r\n* Allow some attributes to be optional\r\n\r\n* Improve information hiding logic\r\n\r\n* Improve resource name\r\n\r\nCo-authored-by: Joshua Wong \u003cjoshwonghc@gmail.com\u003e",
            "fileTypesAndContributionMap": {
              "java": {
                "insertions": 242,
                "deletions": 10
              }
            }
          },
          {
            "hash": "c2d26d4ae41381142beb72b3fda53eabab67bcfd",
            "messageTitle": "[#9946] Migration to new RESTful search endpoints - Instructors (#9982)",
            "messageBody": "* Implement search student endpoint\r\n\r\n* Implement instructors search endpoint (#2)\r\n\r\n* Add instructor search endpoint\r\n\r\n* Add tests\r\n\r\n* Switch from SearchInstructorsData to InstructorsData (#6)\r\n\r\n* Switch from SearchStudentsData to StudentsData (#7)\r\n\r\n* Allow travis to build search migration branch (#5)\r\n\r\n* Implement sessions search endpoint (#3)\r\n\r\n* Add sessions search endpoint\r\n\r\n* Add tests\r\n\r\n* Fix lint errors\r\n\r\n* Add course endpoint (#8)\r\n\r\n* Implement Links Endpoint (#4)\r\n\r\n* Add googleId  field to StudentData (#9)\r\n\r\n* Add googleid to studentdata\r\n\r\n* Add nullable to student data\r\n\r\n* Improve search response classes (#12)\r\n\r\n* Improve students endpoint classes\r\n\r\n* Move joinState attribute from common to student\r\n\r\n* Improve instructors endpoint classes\r\n\r\n* Revert \"Add googleId  field to StudentData (#9)\"\r\n\r\nThis reverts commit b5d46cabc092bf3bedc429ae1c771515bf149606.\r\n\r\n* Revert unnecessary InstructorData changes\r\n\r\n* Fix typo\r\n\r\n* Make joinState common\r\n\r\n* Make names sane again\r\n\r\n* Remove unused setters\r\n\r\n* Standardize search endpoints (#13)\r\n\r\n* Improve course endpoint class names\r\n\r\n* Improve links endpoint class names\r\n\r\n* Improve sessions endpoint class names\r\n\r\n* Standardize comments\r\n\r\n* Fix import order\r\n\r\n* Revert travis config\r\n\r\n* Split PR\r\n\r\n* Revert to existing response classes\r\n\r\n* Fix lint\r\n\r\n* Improve information hiding logic\r\n\r\n* Improve resource name\r\n\r\nCo-authored-by: Joshua Wong \u003cjoshwonghc@gmail.com\u003e\r\nCo-authored-by: Xiao Pu \u003cxp.xiaopu@gmail.com\u003e",
            "fileTypesAndContributionMap": {
              "java": {
                "insertions": 190,
                "deletions": 3
              },
              "ts": {
                "insertions": 11,
                "deletions": 3
              }
            }
          }
        ]
      },
      {
        "insertions": 344,
        "deletions": 111,
        "date": "2020-04-11",
        "commitResults": [
          {
            "hash": "e311529371a4cf273fc6e4d700e86c8f800e1920",
            "messageTitle": "[#9946] Migration to new RESTful search endpoints - Instructor search service (#9995)",
            "messageBody": "* Implement instructor search service\r\n\r\n* Add tests for instructor search service\r\n\r\n* Make privilege fetching deterministic\r\n\r\n* Update tests\r\n\r\n* Use instructor service instead of direct request",
            "fileTypesAndContributionMap": {
              "html": {
                "insertions": 0,
                "deletions": 18
              },
              "ts": {
                "insertions": 344,
                "deletions": 93
              }
            }
          }
        ]
      }
    ],
    "j-lum": [],
    "iskandarzulkarnaien": [],
    "xantho09": [],
    "0blivious": [],
    "hcwong": [
      {
        "insertions": 39,
        "deletions": 3,
        "date": "2020-01-14",
        "commitResults": [
          {
            "hash": "4955ddc8eb3450c196ea05a88669db891a0f65fc",
            "messageTitle": "[#9898] All records page does not show profile picture (#9901)",
            "messageBody": "* Fix bug\r\n\r\n* Fix lint error\r\n\r\n* Add snapshot\r\n\r\n* add assert statement for url\r\n\r\n* Fix bug\r\n\r\n* Add populated snapshot\r\n\r\n* Fix test\r\n\r\nCo-authored-by: Xiao Pu \u003cacesscp@gmail.com\u003e\r\n",
            "fileTypesAndContributionMap": {
              "ts": {
                "insertions": 39,
                "deletions": 3
              }
            }
          }
        ]
      },
      {
        "insertions": 6,
        "deletions": 10,
        "date": "2020-01-23",
        "commitResults": [
          {
            "hash": "3c8d6071f1bb9b54d4d2f8cde8cd7a6baf0643e7",
            "messageTitle": "[#9679] Instructor: Preview Sessions Submission Page\u0027s navbar covers some content on the page (#9926)",
            "messageBody": "* Fix the navbar covering content\r\n\r\n* Make navbar div to go into main content container\r\n\r\n* Remove unused variable\r\n",
            "fileTypesAndContributionMap": {
              "scss": {
                "insertions": 0,
                "deletions": 4
              },
              "html": {
                "insertions": 6,
                "deletions": 6
              }
            }
          }
        ]
      },
      {
        "insertions": 53,
        "deletions": 0,
        "date": "2020-02-02",
        "commitResults": [
          {
            "hash": "01a717c4b67fef90b8e18c8b36df1415a421cb36",
            "messageTitle": "[#9382] Add ActionFactoryTest (#9931)",
            "messageBody": "* WIP ActionFactoryTest\r\n\r\n* Add more tests for ActionFactory\r\n\r\n* Add newline at end\r\n\r\n* Add comment\r\n\r\n* Fix lint errors\r\n\r\n* Fix comments\r\n\r\nCo-authored-by: Xiao Pu \u003cxp.xiaopu@gmail.com\u003e\r\n",
            "fileTypesAndContributionMap": {
              "java": {
                "insertions": 53,
                "deletions": 0
              }
            }
          }
        ]
      },
      {
        "insertions": 55,
        "deletions": 23,
        "date": "2020-02-28",
        "commitResults": [
          {
            "hash": "3d63185659edd46eb457026d3b7212e05740c6b8",
            "messageTitle": "[#9642] Feedback sessions with # or ? in their name can\u0027t be edited. (#9925)",
            "messageBody": "",
            "fileTypesAndContributionMap": {
              "ts": {
                "insertions": 55,
                "deletions": 23
              }
            }
          }
        ]
      },
      {
        "insertions": 2,
        "deletions": 1,
        "date": "2020-03-07",
        "commitResults": [
          {
            "hash": "0d17cc55175c6edf9957af715748a455491133b9",
            "messageTitle": "[#9773] Student course detail page: Standardize picture size and title length (#9938)",
            "messageBody": "* Standardize profile picture on student view team\r\n\r\n* Add max-height element\r\n\r\nCo-authored-by: Xiao Pu \u003cxp.xiaopu@gmail.com\u003e",
            "fileTypesAndContributionMap": {
              "scss": {
                "insertions": 2,
                "deletions": 1
              }
            }
          }
        ]
      },
      {
        "insertions": 25,
        "deletions": 4,
        "date": "2020-03-20",
        "commitResults": [
          {
            "hash": "7961e89d556fa127d8854597b532a229fd4e9fd0",
            "messageTitle": "[#9939] View Team on Student Page does not show teammates details (#9942)",
            "messageBody": "* Fix names not showing\r\n\r\n* Fix lint\r\n\r\n* Update snapshot\r\n\r\n* Do not show long term email\r\n\r\n* Hide some fields that should not be shown to students\r\n\r\n* Fix lint error\r\n\r\n* Fix comments\r\n\r\n* Fix linter errors\r\n\r\n* Fix failing test\r\n\r\nCo-authored-by: Joanne Ong \u003cjoanneongcf@u.nus.edu\u003e",
            "fileTypesAndContributionMap": {
              "java": {
                "insertions": 15,
                "deletions": 0
              },
              "html": {
                "insertions": 3,
                "deletions": 1
              },
              "ts": {
                "insertions": 7,
                "deletions": 3
              }
            }
          }
        ]
      },
      {
        "insertions": 175,
        "deletions": 11,
        "date": "2020-04-07",
        "commitResults": [
          {
            "hash": "3f9494cfe77ed525084b26f7d8d62986adf37ce0",
            "messageTitle": "[#9946] Add additional fields for Instructor Search Migration  (#9991)",
            "messageBody": "* Add institute and key to InstructorData\r\n\r\n* Fix logic\r\n\r\n* Make institute nullable\r\n\r\n* Neaten code\r\n\r\n* Refactor code\r\n\r\nCo-authored-by: Daryl Chan \u003c6095637+dvrylc@users.noreply.github.com\u003e\r\n\r\n* Fix comments\r\n\r\n* Remove O(n^2) calls\r\n\r\n* Add comment on key\r\n\r\n* Fix comments\r\n\r\n* Fix comment\r\n\r\n* Fix comments\r\n\r\n* Retrigger travis\r\n\r\n* retrigger travis again again\r\n\r\n* Retrigger travis x3\r\n\r\nCo-authored-by: Daryl Chan \u003c6095637+dvrylc@users.noreply.github.com\u003e",
            "fileTypesAndContributionMap": {
              "java": {
                "insertions": 75,
                "deletions": 4
              }
            }
          },
          {
            "hash": "b4010c49d817d509c62760d075029c40e33e956b",
            "messageTitle": "[#9946] Add additional fields for Student Search Migration (#9990)",
            "messageBody": "* Implement search student endpoint\r\n\r\n* Implement instructors search endpoint (#2)\r\n\r\n* Add instructor search endpoint\r\n\r\n* Add tests\r\n\r\n* Switch from SearchInstructorsData to InstructorsData (#6)\r\n\r\n* Switch from SearchStudentsData to StudentsData (#7)\r\n\r\n* Allow travis to build search migration branch (#5)\r\n\r\n* Implement sessions search endpoint (#3)\r\n\r\n* Add sessions search endpoint\r\n\r\n* Add tests\r\n\r\n* Fix lint errors\r\n\r\n* Add course endpoint (#8)\r\n\r\n* Implement Links Endpoint (#4)\r\n\r\n* Add googleId  field to StudentData (#9)\r\n\r\n* Add googleid to studentdata\r\n\r\n* Add nullable to student data\r\n\r\n* Improve search response classes (#12)\r\n\r\n* Improve students endpoint classes\r\n\r\n* Move joinState attribute from common to student\r\n\r\n* Improve instructors endpoint classes\r\n\r\n* Revert \"Add googleId  field to StudentData (#9)\"\r\n\r\nThis reverts commit b5d46cabc092bf3bedc429ae1c771515bf149606.\r\n\r\n* Revert unnecessary InstructorData changes\r\n\r\n* Fix typo\r\n\r\n* Make joinState common\r\n\r\n* Make names sane again\r\n\r\n* Remove unused setters\r\n\r\n* Standardize search endpoints (#13)\r\n\r\n* Improve course endpoint class names\r\n\r\n* Improve links endpoint class names\r\n\r\n* Improve sessions endpoint class names\r\n\r\n* Standardize comments\r\n\r\n* Fix import order\r\n\r\n* Revert travis config\r\n\r\n* Split PR\r\n\r\n* Revert to existing response classes\r\n\r\n* Allow some attributes to be optional\r\n\r\n* Improve information hiding logic\r\n\r\n* Add key and institute field to students\r\n\r\n* Improve resource name\r\n\r\n* Fix rebase issues\r\n\r\n* lint\r\n\r\n* Fix str equality\r\n\r\nCo-authored-by: Daryl Chan \u003c6095637+dvrylc@users.noreply.github.com\u003e\r\n\r\n* Add mapping for courseId to instructorId\r\n\r\nCo-authored-by: Daryl Chan \u003c6095637+dvrylc@users.noreply.github.com\u003e\r\n\r\n* Fix some comments\r\n\r\n* Move key generation logic to studentData\r\n\r\n* Modify to avoid O(n^2) calls\r\n\r\n* Hide Key for instructor\r\n\r\n* Fix comments\r\n\r\n* Add helpful comment\r\n\r\n* Fix comments\r\n\r\n* Fix comments again\r\n\r\n* Rebuild travis\r\n\r\nCo-authored-by: Daryl Chan \u003c6095637+dvrylc@users.noreply.github.com\u003e\r\nCo-authored-by: Daryl Chan \u003cdckj95@gmail.com\u003e",
            "fileTypesAndContributionMap": {
              "java": {
                "insertions": 100,
                "deletions": 7
              }
            }
          }
        ]
      },
      {
        "insertions": 790,
        "deletions": 12,
        "date": "2020-04-12",
        "commitResults": [
          {
            "hash": "e01257fdd6870d5b9c569c26e55e33f6ad6a1875",
            "messageTitle": "[#9946] Migration to new RESTful search endpoints - Admin search service (#9998)",
            "messageBody": "",
            "fileTypesAndContributionMap": {
              "ts": {
                "insertions": 790,
                "deletions": 12
              }
            }
          }
        ]
      },
      {
        "insertions": 84,
        "deletions": 557,
        "date": "2020-04-21",
        "commitResults": [
          {
            "hash": "a6b826d357f0aa4b8236e877e2e7788c1168ece6",
            "messageTitle": "[#9946] Migrate to new admin search endpoint (#10018)",
            "messageBody": "",
            "fileTypesAndContributionMap": {
              "java": {
                "insertions": 28,
                "deletions": 523
              },
              "ts": {
                "insertions": 56,
                "deletions": 34
              }
            }
          }
        ]
      }
    ],
    "ang-zeyu": [],
    "geshuming": [],
    "alyip98": [],
    "nbriannl": [],
    "tiuweehan": [
      {
        "insertions": 20,
        "deletions": 46,
        "date": "2020-01-14",
        "commitResults": [
          {
            "hash": "3939686df39c47bf4920ef8919b07753a68456d2",
            "messageTitle": "[#9906] Refactor Intent to be a type (#9908)",
            "messageBody": "* Move Intent to types\r\n\r\n* Fix linting issues\r\n\r\nCo-authored-by: Xiao Pu \u003cacesscp@gmail.com\u003e\r\n",
            "fileTypesAndContributionMap": {
              "ts": {
                "insertions": 10,
                "deletions": 10
              }
            }
          },
          {
            "hash": "36944e6154c7595a681cd10b8850a022498a4315",
            "messageTitle": "[#9902] Replace src/web/types/gender.ts with Gender in api-output.ts (#9909)",
            "messageBody": "* Refactor Gender\r\n\r\n* Fix linting issues\r\n\r\nCo-authored-by: Xiao Pu \u003cacesscp@gmail.com\u003e\r\n",
            "fileTypesAndContributionMap": {
              "ts": {
                "insertions": 10,
                "deletions": 36
              }
            }
          }
        ]
      },
      {
        "insertions": 6,
        "deletions": 24,
        "date": "2020-01-23",
        "commitResults": [
          {
            "hash": "34b2d22e679451e5952ac394e4ff18fa21cc1a5f",
            "messageTitle": "[#9903] Replace src/web/app/pages-instructor/student-profile/student-profile.ts with StudentProfile in api-output.ts (#9928)",
            "messageBody": "",
            "fileTypesAndContributionMap": {
              "ts": {
                "insertions": 6,
                "deletions": 24
              }
            }
          }
        ]
      },
      {
        "insertions": 76,
        "deletions": 36,
        "date": "2020-02-06",
        "commitResults": [
          {
            "hash": "c0bf6a4e581b738a4b8be8c93989a2cd4fe3e829",
            "messageTitle": "[#9919] Remove HttpRequestService dependency from UploadEditProfilePictureModalComponent (#9937)",
            "messageBody": "* Remove HttpRequestDependency from UploadEditProfilePictureModalComponent\r\n\r\n* Flatten nesting of callbacks\r\n\r\n* Code cleanup\r\n\r\n* Update Student Profile Page Snapshot\r\n\r\n* Consolidate pipe\r\n\r\n* Migrate profile picture methods to student profile service\r\n\r\n* Fix failing tests\r\n\r\n* Refactor to throw error when image not uploaded\r\n\r\n* Fix linting issue\r\n\r\n* Use string literals\r\n",
            "fileTypesAndContributionMap": {
              "ts": {
                "insertions": 76,
                "deletions": 36
              }
            }
          }
        ]
      },
      {
        "insertions": 369,
        "deletions": 66,
        "date": "2020-02-16",
        "commitResults": [
          {
            "hash": "004e6a0e948941aef0a5fa0c9c08a4bb350266f9",
            "messageTitle": "[#9952] Standardize Student Api Endpoints (#9951)",
            "messageBody": "* Add Nationalities Service\r\n\r\n* Update tests for NationalitiesService\r\n\r\n* Remove HttpRequestService from student home page\r\n\r\n* Remove HttpRequestService from student course details\r\n\r\n* Add test for nationalities service\r\n\r\n* Remove HttpRequestService from course join page\r\n\r\n* Add API Endpoints for resources\r\n\r\n* Add tests for NationalitiesService\r\n\r\n* Add Instructor service tests\r\n\r\n* Fix java linting issues\r\n\r\n* Add tests for courses service\r\n\r\n* Refactor Course Service to use api-endpoints\r\n\r\n* Refactor URIs to use Resource Endpoints in api-endpoints\r\n\r\n* fix e2e tests\r\n",
            "fileTypesAndContributionMap": {
              "java": {
                "insertions": 76,
                "deletions": 0
              },
              "ts": {
                "insertions": 293,
                "deletions": 66
              }
            }
          }
        ]
      },
      {
        "insertions": 485,
        "deletions": 227,
        "date": "2020-03-07",
        "commitResults": [
          {
            "hash": "55f1f66cb2c74d266dcbdd5058703cfd6b3611f8",
            "messageTitle": "[#9940] Instructor module: standardize API endpoints, remove HttpRequestService (#9972)",
            "messageBody": "* Create unpublishFeedbackSession in feedback session service\r\n\r\n* Refactor URI string literals\r\n\r\n* Add all API endpoints\r\n\r\n* Remove HttpRequestService from instructor-student-list-page\r\n\r\n* Refactor load instructor privilege\r\n\r\n* Remove HttpRequestService from instructor-session-base-page\r\n\r\n* Remove HttpRequestService from instructor sessions\r\n\r\n* Add tests for course and questions service\r\n\r\n* Add sessions and instructor tests\r\n\r\n* Remove Cron job and Legacy API endpoints\r\n\r\n* Refactor to not pass model as parameter\r\n\r\n* Remove WebPageEndpoints\r\n\r\n* Move optionals to an object parameter",
            "fileTypesAndContributionMap": {
              "java": {
                "insertions": 1,
                "deletions": 0
              },
              "ts": {
                "insertions": 484,
                "deletions": 227
              }
            }
          }
        ]
      },
      {
        "insertions": 685,
        "deletions": 329,
        "date": "2020-03-25",
        "commitResults": [
          {
            "hash": "48fbb31c64826d2c5bca9e8f01a9cf7961b195c2",
            "messageTitle": "[#9940] Refactor remaining instructor endpoints (#9978)",
            "messageBody": "* Remove HttpRequestService from instructor course edit page\r\n\r\n* Remove HttpRequestService from instructor course details page\r\n\r\n* Remove HttpRequestService from instructor courses page\r\n\r\n* Remove HttpRequestService from course enroll and search pages\r\n\r\n* Remove HttpRequestService from student edit page\r\n\r\n* Add tests for CourseService\r\n\r\n* Add tests for FeedbackSessionsService\r\n\r\n* Add tests for InstructorService\r\n\r\n* Add tests for StudentService\r\n\r\n* Update params to be lowercase",
            "fileTypesAndContributionMap": {
              "ts": {
                "insertions": 685,
                "deletions": 329
              }
            }
          }
        ]
      },
      {
        "insertions": 499,
        "deletions": 213,
        "date": "2020-04-05",
        "commitResults": [
          {
            "hash": "23ea7c3b15640afe902e4366787c56779f71600d",
            "messageTitle": "[#9940] Refactor Admin Endpoints (#10004)",
            "messageBody": "* Refactor admin endpoints for sessions page\r\n\r\n* Refactor admin endpoints for submissions page\r\n\r\n* Add Error reporting service\r\n\r\n* Refactor admin endpoints for recovery and submissions page\r\n\r\n* Refactor admin DELETE endpoints\r\n\r\n* Add dummy value to test\r\n\r\n* Fix minor syntax issues",
            "fileTypesAndContributionMap": {
              "ts": {
                "insertions": 499,
                "deletions": 213
              }
            }
          }
        ]
      },
      {
        "insertions": 189,
        "deletions": 169,
        "date": "2020-04-19",
        "commitResults": [
          {
            "hash": "af1f53827a58ebff25f2319467d74f00b1f26376",
            "messageTitle": "[#9963] Typescript Utility Types and Resource Endpoints (#10014)",
            "messageBody": "* Refactor Account Service\r\n\r\n* Refactor Auth Service\r\n\r\n* Refactor Course Service\r\n\r\n* Refactor Feedback Services\r\n\r\n* Refactor HttpRequestService\r\n\r\n* Refactor Services\r\n\r\n* Refactor remaining files",
            "fileTypesAndContributionMap": {
              "ts": {
                "insertions": 189,
                "deletions": 169
              }
            }
          }
        ]
      }
    ],
    "madanalogy": [
      {
        "insertions": 1,
        "deletions": 5,
        "date": "2019-12-11",
        "commitResults": [
          {
            "hash": "e54f2d6bd7c27924cda4d3b57bac5cae7e3451b6",
            "messageTitle": "[#9740] Fix Instructor Homepage UI (#9893)",
            "messageBody": "* removed static height declaration\r\n\r\n* updated instructor-home-page test snapshot\r\n\r\n* removed height declaration in css\r\n",
            "fileTypesAndContributionMap": {
              "scss": {
                "insertions": 0,
                "deletions": 4
              },
              "html": {
                "insertions": 1,
                "deletions": 1
              }
            }
          }
        ]
      },
      {
        "insertions": 44,
        "deletions": 51,
        "date": "2020-01-16",
        "commitResults": [
          {
            "hash": "021db57bd3ee4cb25a7ad75bb3ad63c8aa053076",
            "messageTitle": "[#9911] Auto-sync API output type: ConfirmationResponse (#9914)",
            "messageBody": "",
            "fileTypesAndContributionMap": {
              "java": {
                "insertions": 42,
                "deletions": 31
              },
              "ts": {
                "insertions": 2,
                "deletions": 20
              }
            }
          }
        ]
      },
      {
        "insertions": 2,
        "deletions": 2,
        "date": "2020-01-28",
        "commitResults": [
          {
            "hash": "07fa66b5302f5ebb7d55e24b7c655a01da3e24eb",
            "messageTitle": "[#9886] Login Dropdown List is Not Positioned Properly (#9924)",
            "messageBody": "* Fix Login Dropdown List\r\n\r\n* Fix dropdown when logged in\r\n",
            "fileTypesAndContributionMap": {
              "html": {
                "insertions": 2,
                "deletions": 2
              }
            }
          }
        ]
      },
      {
        "insertions": 57,
        "deletions": 21,
        "date": "2020-02-01",
        "commitResults": [
          {
            "hash": "ec3456d086142482aa9fab4a942d82a698db182a",
            "messageTitle": "[#9918] Remove HttpRequestService dependency from StudentListComponent (#9927)",
            "messageBody": "* Remove HttpRequestService dependency from StudentList\r\n\r\n* Move method invocation to StudentService\r\n\r\n* Move student deletion to courseService\r\n\r\n* Move removeStudentFromCourse method invocation to parent component\r\n\r\nCo-authored-by: Xiao Pu \u003cxp.xiaopu@gmail.com\u003e\r\n",
            "fileTypesAndContributionMap": {
              "html": {
                "insertions": 6,
                "deletions": 3
              },
              "ts": {
                "insertions": 51,
                "deletions": 18
              }
            }
          }
        ]
      },
      {
        "insertions": 428,
        "deletions": 14,
        "date": "2020-02-11",
        "commitResults": [
          {
            "hash": "87f9c7180f17083161986b3311cf3785e32a8494",
            "messageTitle": "[#9382] Add Access Control Tests for UpdateFeedbackResponseAction (#9930)",
            "messageBody": "* Prepare draft test code\r\n\r\n* Implement generic access control tests\r\n\r\n* Implement access control tests with update requests\r\n\r\n* Refactor test helpers and test cases\r\n\r\n* Add additional test cases\r\n\r\n* Refactor static variables to local scope\r\n\r\n* Edit containsQuestionNotForInstructor for clarity\r\n\r\n* Refactor verifyAccess method signatures to more generic request\r\n",
            "fileTypesAndContributionMap": {
              "java": {
                "insertions": 428,
                "deletions": 14
              }
            }
          }
        ]
      },
      {
        "insertions": 83,
        "deletions": 6,
        "date": "2020-02-27",
        "commitResults": [
          {
            "hash": "6b16f366e9085b5e0ae889f7f8edd4935a652886",
            "messageTitle": "[#9382] Add AccountService Tests (#9964)",
            "messageBody": "* Add AccountService Tests\r\n\r\n* Reorder test cases\r\n\r\n* Remove node modules for travis\r\n\r\n* Revert commit 4d62b49a \"Remove node modules for travis\"\r\n",
            "fileTypesAndContributionMap": {
              "ts": {
                "insertions": 83,
                "deletions": 6
              }
            }
          }
        ]
      },
      {
        "insertions": 30,
        "deletions": 7,
        "date": "2020-02-28",
        "commitResults": [
          {
            "hash": "87980378a4f0575c3fe3066bc94a41e683757929",
            "messageTitle": "[#9382] Add MasqueradeModeService Tests (#9955)",
            "messageBody": "",
            "fileTypesAndContributionMap": {
              "ts": {
                "insertions": 30,
                "deletions": 7
              }
            }
          }
        ]
      },
      {
        "insertions": 45,
        "deletions": 9,
        "date": "2020-03-16",
        "commitResults": [
          {
            "hash": "85cda0bd6ef5ec058dd8f592acbba424d38efe02",
            "messageTitle": "[#9419] Add form validation to course edit (#9975)",
            "messageBody": "* Initial Implementation\r\n\r\n* Working Implementation\r\n\r\n* Fix lint error\r\n\r\n* Changed look and feel of error message\r\n\r\n* Removed validation from timezone\r\n\r\n* Removed validation from Course ID\r\n\r\nCo-authored-by: Xiao Pu \u003cxp.xiaopu@gmail.com\u003e",
            "fileTypesAndContributionMap": {
              "scss": {
                "insertions": 4,
                "deletions": 0
              },
              "html": {
                "insertions": 17,
                "deletions": 8
              },
              "ts": {
                "insertions": 24,
                "deletions": 1
              }
            }
          }
        ]
      },
      {
        "insertions": 80,
        "deletions": 6,
        "date": "2020-03-18",
        "commitResults": [
          {
            "hash": "f208a3a6690e913581d69096335d5f3213e0f2dc",
            "messageTitle": "[#9382] Add StudentProfileService Tests (#9985)",
            "messageBody": "* Draft Implementation\r\n\r\n* Add all test cases\r\n\r\n* Add test case",
            "fileTypesAndContributionMap": {
              "ts": {
                "insertions": 80,
                "deletions": 6
              }
            }
          }
        ]
      },
      {
        "insertions": 190,
        "deletions": 28,
        "date": "2020-03-23",
        "commitResults": [
          {
            "hash": "dcac5dad2da0654e013a52959992170b41e385ba",
            "messageTitle": "[#4854] Add Instructor Institution Validation (#9912)",
            "messageBody": "",
            "fileTypesAndContributionMap": {
              "java": {
                "insertions": 170,
                "deletions": 20
              },
              "html": {
                "insertions": 7,
                "deletions": 4
              },
              "ts": {
                "insertions": 13,
                "deletions": 4
              }
            }
          }
        ]
      },
      {
        "insertions": 178,
        "deletions": 2,
        "date": "2020-04-10",
        "commitResults": [
          {
            "hash": "440051d789678bb732533241f182d9876dbd04a6",
            "messageTitle": "[#9382] Add CourseService Tests (#10005)",
            "messageBody": "* Initial addition of test cases\r\n\r\n* Add test cases to cover all service methods",
            "fileTypesAndContributionMap": {
              "ts": {
                "insertions": 178,
                "deletions": 2
              }
            }
          }
        ]
      },
      {
        "insertions": 1,
        "deletions": 1,
        "date": "2020-05-18",
        "commitResults": [
          {
            "hash": "d45824aca164bc783f148ea7d1de03b41dd7c340",
            "messageTitle": "[#9382] Fix typo (#10063)",
            "messageBody": "",
            "fileTypesAndContributionMap": {
              "html": {
                "insertions": 1,
                "deletions": 1
              }
            }
          }
        ]
      },
      {
        "insertions": 59,
        "deletions": 3,
        "date": "2020-05-19",
        "commitResults": [
          {
            "hash": "2b4e2e5e987750a877a429c4241eef3884518083",
            "messageTitle": "[#9382] Add essay question example box (#10071)",
            "messageBody": "* Fix typo\r\n\r\n* Add example essay question\r\n\r\n* Add test dependencies",
            "fileTypesAndContributionMap": {
              "html": {
                "insertions": 7,
                "deletions": 1
              },
              "ts": {
                "insertions": 52,
                "deletions": 2
              }
            }
          }
        ]
      },
      {
        "insertions": 9,
        "deletions": 4,
        "date": "2020-05-20",
        "commitResults": [
          {
            "hash": "71126bfc516a065afac2988f057c257bbfab95dd",
            "messageTitle": "[#9382] Add TODO for Tests (Java) (#10039)",
            "messageBody": "* Add todo for java tests\r\n\r\n* Revert auto changes\r\n\r\n* Reflect addition in #10061\r\n\r\n* Fix typo",
            "fileTypesAndContributionMap": {
              "java": {
                "insertions": 9,
                "deletions": 4
              }
            }
          }
        ]
      },
      {
        "insertions": 17,
        "deletions": 179,
        "date": "2020-05-23",
        "commitResults": [
          {
            "hash": "361f5753b809574fe61f8dcebd4c3405f8965119",
            "messageTitle": "[#9989] Migrate GET /courses/enroll/students to RESTful API (#10095)",
            "messageBody": "* Migrate course enroll students endpoint\r\n\r\n* Remove endpoint references\r\n\r\n* Move method to student.service.ts\r\n\r\n* Remove unused import\r\n\r\n* Remove use of StudentAttributes",
            "fileTypesAndContributionMap": {
              "java": {
                "insertions": 1,
                "deletions": 131
              },
              "ts": {
                "insertions": 16,
                "deletions": 48
              }
            }
          }
        ]
      },
      {
        "insertions": 25,
        "deletions": 11,
        "date": "2020-05-26",
        "commitResults": [
          {
            "hash": "0e168752753ffdd1f1a85e71c15878edb5ae9a1d",
            "messageTitle": "[#10104] Append team name to participants name (#10117)",
            "messageBody": "* Add usersToTeams map for grq-rgq-view-responses.component\r\n\r\n* Fix empty bracket bug\r\n\r\n* Convert string literals to template string\r\n\r\n* Move formatting to html\r\n\r\n* Move fromTo logic to ts file\r\n\r\n* Apply suggestions from code review\r\n\r\n* Fix lint errors\r\n\r\n* Update src/web/app/components/question-responses/grq-rgq-view-responses/grq-rgq-view-responses.component.html\r\n\r\nCo-authored-by: Xiao Pu \u003cxp.xiaopu@gmail.com\u003e\r\n\r\nCo-authored-by: Xiao Pu \u003cxp.xiaopu@gmail.com\u003e",
            "fileTypesAndContributionMap": {
              "html": {
                "insertions": 3,
                "deletions": 3
              },
              "ts": {
                "insertions": 22,
                "deletions": 8
              }
            }
          }
        ]
      },
      {
        "insertions": 157,
        "deletions": 8,
        "date": "2020-05-29",
        "commitResults": [
          {
            "hash": "54ac9c7d070594f062a174c83f2e7ef7dc2c8f0a",
            "messageTitle": "[#10109] Add all responses for student in records page (#10129)",
            "messageBody": "* Initial implementation from #9798\r\n\r\n* Add additional grq-rgq-view\r\n\r\n* Add instructor comments\r\n\r\n* Revert to single question set\r\n\r\n* Revert to double question set\r\n\r\n* Remove unnecessary initial filter\r\n\r\n* Apply suggestions from code review\r\n\r\nCo-authored-by: Xiao Pu \u003cxp.xiaopu@gmail.com\u003e",
            "fileTypesAndContributionMap": {
              "html": {
                "insertions": 18,
                "deletions": 3
              },
              "ts": {
                "insertions": 139,
                "deletions": 5
              }
            }
          }
        ]
      },
      {
        "insertions": 165,
        "deletions": 123,
        "date": "2020-06-01",
        "commitResults": [
          {
            "hash": "db2dde3e7cab67837132ca908ac9ae04e11c929e",
            "messageTitle": "[#10109] Add response comment CRUD operations (#10138)",
            "messageBody": "* Add response comment CRUD operations\r\n\r\n* Extract duplicate functions into common parent class\r\n\r\n* Fix typo in preprocessComments\r\n\r\n* Fix method documentation alignment\r\n\r\n* Remove access modifiers for inherited services\r\n\r\n* Fix tslint comment indentations",
            "fileTypesAndContributionMap": {
              "html": {
                "insertions": 2,
                "deletions": 0
              },
              "ts": {
                "insertions": 163,
                "deletions": 123
              }
            }
          }
        ]
      },
      {
        "insertions": 310,
        "deletions": 244,
        "date": "2020-06-05",
        "commitResults": [
          {
            "hash": "331664bd87c176b2a69a27e616d94a0bdc285d40",
            "messageTitle": "[#10140] Add comment search functionality in the backend (#10150)",
            "messageBody": "* Refactor resource endpoints and define API output format\r\n\r\n* Utilise FeedbackResponseCommentSearchResultBundle to build CommentSearchResultsData\r\n\r\n* Add documentation to searchComments method\r\n\r\n* Implement SearchCommentsAction and clean up unused action\r\n\r\n* Implement logical skeleton for data transform\r\n\r\n* Implement data transform to output logic\r\n\r\n* Fix checkstyle errors for SearchCommentsAction\r\n\r\n* Fix non executing test cases\r\n\r\n* Clean up code style and documentation\r\n\r\n* Fix imports for search action test files\r\n\r\n* Add documentation to explain null CommentOutput\r\n\r\n* Add response details when building ResponseOutput\r\n\r\n* Convert code comments to javadocs and fix name email mismatch\r\n\r\n* Add unit tests, change access to instructors only",
            "fileTypesAndContributionMap": {
              "java": {
                "insertions": 295,
                "deletions": 242
              },
              "ts": {
                "insertions": 15,
                "deletions": 2
              }
            }
          }
        ]
      },
      {
        "insertions": 45,
        "deletions": 5,
        "date": "2020-06-08",
        "commitResults": [
          {
            "hash": "632ed5dc1c24cdebd60b3c1395f005ee311da01c",
            "messageTitle": "[#10144] Add comment search result example box (#10175)",
            "messageBody": "",
            "fileTypesAndContributionMap": {
              "html": {
                "insertions": 4,
                "deletions": 2
              },
              "ts": {
                "insertions": 41,
                "deletions": 3
              }
            }
          }
        ]
      },
      {
        "insertions": 215,
        "deletions": 26,
        "date": "2020-06-20",
        "commitResults": [
          {
            "hash": "c98e6b1a1f0860a61d86356117497557f093e652",
            "messageTitle": "[#10176] Fix Admin Search Issues from UAT (#10199)",
            "messageBody": "* Implement all fixes for UAT issues\n\n* Add admin-search-page.component.spec.ts tests\n\n* Add modal confirmation to e2e test\n\n* Fix getStudentRow and getInstructorRow xpath format\n\n* Fix indentation and add course tooltip\n\n* Fix e2e test for tooltip addition\n\n* Fix import order for lint",
            "fileTypesAndContributionMap": {
              "java": {
                "insertions": 22,
                "deletions": 4
              },
              "scss": {
                "insertions": 0,
                "deletions": 0
              },
              "html": {
                "insertions": 52,
                "deletions": 7
              },
              "ts": {
                "insertions": 124,
                "deletions": 13
              }
            }
          },
          {
            "hash": "95ec1381dde069b965606b28283920a57e63e1e3",
            "messageTitle": "[#10176] UAT: Fix Instructor Search Page (#10207)",
            "messageBody": "* Add input validation to instructor-search-bar\r\n\r\n* Add open in new tab for action buttons\r\n\r\n* Move validation to parent and update snapshot\r\n\r\n* Update snapshots and instructor-search-bar.component.scss\r\n\r\n* Fix guard clause indentation",
            "fileTypesAndContributionMap": {
              "scss": {
                "insertions": 4,
                "deletions": 0
              },
              "html": {
                "insertions": 9,
                "deletions": 2
              },
              "ts": {
                "insertions": 4,
                "deletions": 0
              }
            }
          }
        ]
      }
    ],
    "daekoon": [
      {
        "insertions": 896,
        "deletions": 58,
        "date": "2020-03-29",
        "commitResults": [
          {
            "hash": "44e08946ca0b1f3cbc91a1d8f2d758449dfda925",
            "messageTitle": "[#9956] Make dataBundle return the json of actual objects created in backend (#9967)",
            "messageBody": "* Make persistDataBundle return updated databundle\r\n\r\n* Add test for dataBundle updating its values\r\n\r\n* Make putDataBundle return updated json\r\n\r\n* Make LnP tests use updated data bundles\r\n\r\n* Add hashcode method for related attributes\r\n\r\n* Add hash and equal method for attributes\r\n\r\n* Update removeAndRestoreDataBundle to throw exception when request fails\r\n\r\n* Compress all updateXXX methods into a single generic method\r\n\r\n* Update BaseLnPTestCase to use FileHelper\r\n\r\n* Move custom equals class to EntityAttribute class\r\n\r\n* Add test for equals method\r\n\r\n* Change nullableObjectEquals to java\u0027s Objects.equal method\r\n\r\n* Add tests for xxxAttributes\u0027 hash code\r\n\r\nCo-authored-by: Wang Junming \u003c905760127@qq.com\u003e",
            "fileTypesAndContributionMap": {
              "java": {
                "insertions": 896,
                "deletions": 58
              }
            }
          }
        ]
      },
      {
        "insertions": 532,
        "deletions": 1,
        "date": "2020-04-03",
        "commitResults": [
          {
            "hash": "0bc073e2f84edb1b7c9aa0e1925000246f973814",
            "messageTitle": "[#9646] Add L\u0026P tests for backend endpoints (#9958)",
            "messageBody": "* Add skeleton for Feedback Session load testing\r\n\r\n* Add method to generate feedback session\r\n\r\n* Add method to generate feedback questions\r\n\r\n* Complete feedback view lnp test\r\n\r\n* Change test to use login method\r\n\r\n* Fix lnp test for viewing feedback form not working properly\r\n\r\n* Add more HTTP request to simulate real case scenario better\r\n\r\n* Fix FeedbackSessionQuestion giving errors\r\n\r\n* Create new lnp test for submitting feedback session form\r\n\r\n* Attempt to fix regexMatcher\r\n\r\n* Fix lnp testing for Feedback session submit response\r\n\r\n* Remove debugging code and stray character\r\n\r\n* Disable standard output stream for lnp tests\r\n\r\n* Revert ordering of data bundle generation in lnp test\r\n\r\n* Add comments and documentation to explain new backdoor API\r\n\r\n* Update LnP tests to work with new BaseLNPTestCase\r\n\r\n* Update FeedbackSessionView LnP test to handle multiple questions per feedbackSession\r\n\r\n* Update FeedbackSessionSubmit LnP to support multiple questions, and remove dependency on backdoor",
            "fileTypesAndContributionMap": {
              "java": {
                "insertions": 532,
                "deletions": 1
              }
            }
          }
        ]
      },
      {
        "insertions": 12,
        "deletions": 34,
        "date": "2020-04-14",
        "commitResults": [
          {
            "hash": "f7ce51f19738970c251abbd049ec789ffd6d4b3b",
            "messageTitle": "[#10008] Deprecate getfeedbackquestionid method from Backdoor (#10009)",
            "messageBody": "* Remove getFeedbackQuestionId method from Backdoor\r\n\r\n* Rename misleading variable\r\n\r\n* Modify LnP tests to not use getFeedbackQuestionId method",
            "fileTypesAndContributionMap": {
              "java": {
                "insertions": 12,
                "deletions": 34
              }
            }
          }
        ]
      },
      {
        "insertions": 247,
        "deletions": 12,
        "date": "2020-05-10",
        "commitResults": [
          {
            "hash": "2918cc169ceb9f6d585c1cc6d645b9a6f2ea7593",
            "messageTitle": "[#9651] Enhance Jmeter result population upon running test (#10022)",
            "messageBody": "* add default version of jmetergenerator.properties for populating result analysis\r\n\r\n* update on generating result in the console\r\n\r\n* generate and delete from a statistics.json file\r\n\r\n* update table to take into account threshold\r\n\r\n* update method of populating result\r\n\r\n* fix styling and add java docs\r\n\r\n* add assert error when any tests fails\r\n\r\n* update ReportAnalysis location being generated\r\n\r\n* add @override method and refactor names\r\n\r\n* add an abstract method to handle filename\r\n\r\n* add a renaming function of the default statistics flle so that we can keep unique files\r\n\r\n* update result analysis and rename function\r\n\r\n* update naming conventions\r\n\r\n* update test cases to show in seconds and percentage instead\r\n\r\n* fix errors from solving merge conflict\r\n\r\n* update errorPct, naming conventions and remove testName\r\n\r\n* update exceptions caught\r\n\r\n* update displayLnpResults method to populate in gradlew\r\n\r\n* minor comment changes and set summariser to false\r\n\r\n* Update LnP test files to override limit methods\r\n\r\n* Add timeStamp to LnP test data files to prevent concurrency issues\r\n\r\n* Fix a bug which caused error messages to be displayed when the results were within limit\r\n\r\n* Update errorRateLimit and menRespTimeLimit to a more realistic value\r\n\r\n* Make LnP tests clean up previous results as specified\r\n\r\n* Abstract out specification and result verification logic to LNPSpecification\r\n\r\n* Add comment to LNPSpecification class regarding Builder pattern\r\n\r\nCo-authored-by: Jacob Li Peng Cheng \u003clipech@hotmail.com\u003e",
            "fileTypesAndContributionMap": {
              "java": {
                "insertions": 247,
                "deletions": 12
              }
            }
          }
        ]
      }
    ]
  },
  "authorFinalContributionMap": {
    "ccyccyccy": 1969,
    "Parcly-Taxel": 0,
    "niqiukun": 1289,
    "openorclose": 0,
    "yash-chowdhary": 0,
    "Tejas2805": 0,
    "dvrylc": 830,
    "j-lum": 0,
    "iskandarzulkarnaien": 0,
    "xantho09": 0,
    "0blivious": 0,
    "hcwong": 1196,
    "ang-zeyu": 0,
    "geshuming": 0,
    "alyip98": 0,
    "nbriannl": 0,
    "tiuweehan": 1786,
    "madanalogy": 1970,
    "daekoon": 1653
  },
  "authorFileTypeContributionMap": {
    "ccyccyccy": {
      "java": 37,
      "js": 0,
      "scss": 105,
      "md": 0,
      "py": 0,
      "tag": 0,
      "html": 380,
      "ts": 1447
    },
    "Parcly-Taxel": {
      "java": 0,
      "js": 0,
      "scss": 0,
      "md": 0,
      "py": 0,
      "tag": 0,
      "html": 0,
      "ts": 0
    },
    "niqiukun": {
      "java": 687,
      "js": 0,
      "scss": 46,
      "md": 0,
      "py": 0,
      "tag": 0,
      "html": 77,
      "ts": 479
    },
    "openorclose": {
      "java": 0,
      "js": 0,
      "scss": 0,
      "md": 0,
      "py": 0,
      "tag": 0,
      "html": 0,
      "ts": 0
    },
    "yash-chowdhary": {
      "java": 0,
      "js": 0,
      "scss": 0,
      "md": 0,
      "py": 0,
      "tag": 0,
      "html": 0,
      "ts": 0
    },
    "Tejas2805": {
      "java": 0,
      "js": 0,
      "scss": 0,
      "md": 0,
      "py": 0,
      "tag": 0,
      "html": 0,
      "ts": 0
    },
    "dvrylc": {
      "java": 481,
      "js": 0,
      "scss": 0,
      "md": 0,
      "py": 0,
      "tag": 0,
      "html": 5,
      "ts": 344
    },
    "j-lum": {
      "java": 0,
      "js": 0,
      "scss": 0,
      "md": 0,
      "py": 0,
      "tag": 0,
      "html": 0,
      "ts": 0
    },
    "iskandarzulkarnaien": {
      "java": 0,
      "js": 0,
      "scss": 0,
      "md": 0,
      "py": 0,
      "tag": 0,
      "html": 0,
      "ts": 0
    },
    "xantho09": {
      "java": 0,
      "js": 0,
      "scss": 0,
      "md": 0,
      "py": 0,
      "tag": 0,
      "html": 0,
      "ts": 0
    },
    "0blivious": {
      "java": 0,
      "js": 0,
      "scss": 0,
      "md": 0,
      "py": 0,
      "tag": 0,
      "html": 0,
      "ts": 0
    },
    "hcwong": {
      "java": 268,
      "js": 0,
      "scss": 2,
      "md": 0,
      "py": 0,
      "tag": 0,
      "html": 9,
      "ts": 917
    },
    "ang-zeyu": {
      "java": 0,
      "js": 0,
      "scss": 0,
      "md": 0,
      "py": 0,
      "tag": 0,
      "html": 0,
      "ts": 0
    },
    "geshuming": {
      "java": 0,
      "js": 0,
      "scss": 0,
      "md": 0,
      "py": 0,
      "tag": 0,
      "html": 0,
      "ts": 0
    },
    "alyip98": {
      "java": 0,
      "js": 0,
      "scss": 0,
      "md": 0,
      "py": 0,
      "tag": 0,
      "html": 0,
      "ts": 0
    },
    "nbriannl": {
      "java": 0,
      "js": 0,
      "scss": 0,
      "md": 0,
      "py": 0,
      "tag": 0,
      "html": 0,
      "ts": 0
    },
    "tiuweehan": {
      "java": 74,
      "js": 0,
      "scss": 0,
      "md": 0,
      "py": 0,
      "tag": 0,
      "html": 0,
      "ts": 1712
    },
    "madanalogy": {
      "java": 958,
      "js": 0,
      "scss": 7,
      "md": 0,
      "py": 0,
      "tag": 0,
      "html": 116,
      "ts": 889
    },
    "daekoon": {
      "java": 1653,
      "js": 0,
      "scss": 0,
      "md": 0,
      "py": 0,
      "tag": 0,
      "html": 0,
      "ts": 0
    }
  },
  "authorContributionVariance": {
    "ccyccyccy": 5052.309,
    "Parcly-Taxel": 0.0,
    "niqiukun": 4346.2583,
    "openorclose": 0.0,
    "yash-chowdhary": 0.0,
    "Tejas2805": 0.0,
    "dvrylc": 2014.1797,
    "j-lum": 0.0,
    "iskandarzulkarnaien": 0.0,
    "xantho09": 0.0,
    "0blivious": 0.0,
    "hcwong": 5211.495,
    "ang-zeyu": 0.0,
    "geshuming": 0.0,
    "alyip98": 0.0,
    "nbriannl": 0.0,
    "tiuweehan": 11155.795,
    "madanalogy": 3803.4849,
    "daekoon": 5999.834
  },
  "authorDisplayNameMap": {
    "ccyccyccy": "CHON..YUAN",
    "Parcly-Taxel": "JERE..ERUI",
    "niqiukun": "NI T..ZHEN",
    "openorclose": "DARY.. TAN",
    "yash-chowdhary": "YASH..HARY",
    "Tejas2805": "TEJA..ANIA",
    "dvrylc": "CHAN..ARYL",
    "j-lum": "LUM ..FFRY",
    "iskandarzulkarnaien": "ISKA..AINI",
    "xantho09": "MUHA..INAL",
    "0blivious": "LIU ..IWEN",
    "hcwong": "JOSH..HIEN",
    "ang-zeyu": "ANG ..E YU",
    "geshuming": "GE S..MING",
    "alyip98": "YIP ..YEUN",
    "nbriannl": "LABA..RIDO",
    "tiuweehan": "TIU .. HAN",
    "madanalogy": "MUHA..JJAJ",
    "daekoon": "LIM ..KOON"
  }
}
