{
  "authorDailyContributionsMap": {
    "ccyccyccy": [],
    "Parcly-Taxel": [],
    "niqiukun": [
      {
        "insertions": 1,
        "deletions": 1,
        "date": "2020-01-19",
        "commitResults": [
          {
            "hash": "638fb374561659a1142421d81fe045bb73f08465",
            "messageTitle": "[#9841] Instructor/Courses: Courses recycle bin table overflow if text is too long (#9916)",
            "messageBody": "Co-authored-by: Xiao Pu \u003cxp.xiaopu@gmail.com\u003e\r\n",
            "insertions": 1,
            "deletions": 1
          }
        ]
      },
      {
        "insertions": 6,
        "deletions": 2,
        "date": "2020-01-20",
        "commitResults": [
          {
            "hash": "3efc8fcc29e156d426765a4f38bfb2830fcff2d2",
            "messageTitle": "[#9920] Don\u0027t load all courses again when deleting/archiving courses in InstructorHomePageComponent (#9922)",
            "messageBody": "Co-authored-by: Xiao Pu \u003cxp.xiaopu@gmail.com\u003e\r\n",
            "insertions": 6,
            "deletions": 2
          }
        ]
      },
      {
        "insertions": 87,
        "deletions": 28,
        "date": "2020-02-01",
        "commitResults": [
          {
            "hash": "553956e58e38a6d73925ab51d6bee5f99c1752e5",
            "messageTitle": "[#9921] Don\u0027t load all courses again when deleting/archiving courses in InstructorCoursesPageComponent (#9923)",
            "messageBody": "* Prevent multiple loading of courses after archiving/deleting courses in courses page\r\n\r\n* Organise various model types into one CourseModel\r\n\r\n* Fix deletion date not assigned after moving the course into recycle bin\r\n\r\n* Make sorting persistent after courses restored from archive\r\n\r\n* Refactor and return deletion timestamp from backend\r\n\r\n* Add test to verify deletion timestamp has been set\r\n",
            "insertions": 87,
            "deletions": 28
          }
        ]
      },
      {
        "insertions": 25,
        "deletions": 2,
        "date": "2020-02-16",
        "commitResults": [
          {
            "hash": "569635f576a9e6e9b21581e105b70beb383e12ad",
            "messageTitle": "[#9948] Add Cancel Button for Course Editing (#9949)",
            "messageBody": "* Add cancel button for course editing\r\n\r\n* Center save changes button\r\n\r\n* Change variable name from savedCourse to originalCourse\r\n\r\n* Retry testing\r\n\r\nCo-authored-by: Xiao Pu \u003cxp.xiaopu@gmail.com\u003e\r\n",
            "insertions": 25,
            "deletions": 2
          }
        ]
      },
      {
        "insertions": 254,
        "deletions": 27,
        "date": "2020-02-27",
        "commitResults": [
          {
            "hash": "c8da11f601e6cb97b0660ad493b86a5f94e46556",
            "messageTitle": "[#9302] Support rich text for MCQ option text (#9944)",
            "messageBody": "* Add support for rich text for MCQ options\r\n\r\n* Fix failing tests\r\n\r\n* Fix drag and drop interfering with text editor\r\n\r\n* Fix failing test\r\n\r\n* Customise rich text editor panel for editing MCQ options\r\n\r\n* Fix display of MCQ responses on results page\r\n\r\n* Fix display of MCQ options in additional details\r\n\r\n* Change HTML strip rules for image and table\r\n\r\nCo-authored-by: Xiao Pu \u003cxp.xiaopu@gmail.com\u003e\r\n",
            "insertions": 254,
            "deletions": 27
          }
        ]
      }
    ],
    "openorclose": [],
    "yash-chowdhary": [],
    "Tejas2805": [],
    "dvrylc": [
      {
        "insertions": 24,
        "deletions": 5,
        "date": "2020-01-14",
        "commitResults": [
          {
            "hash": "7619ce905d01c91f1371dd4dd8f6d1cc1b40df1e",
            "messageTitle": "[#9761] Feedback Session Edit: Button names should be more appropriate (#9910)",
            "messageBody": "* Improve button labels when editing feedback session questions\r\n\r\n* Add snapshot\r\n\r\nCo-authored-by: Xiao Pu \u003cacesscp@gmail.com\u003e\r\n",
            "insertions": 24,
            "deletions": 5
          }
        ]
      },
      {
        "insertions": 22,
        "deletions": 14,
        "date": "2020-02-05",
        "commitResults": [
          {
            "hash": "8d627b6a2c4c4fbc0380d19e39a6857e6eaf47e7",
            "messageTitle": "[#9688] Resolve TinyMCE conflicts with Snapshot tests (#9932)",
            "messageBody": "* Add helper for mocking TinyMCE UUID\r\n\r\n* Update app tsconfig to exclude test helpers\r\n\r\n* Refactor function import/export\r\n\r\nCo-authored-by: Xiao Pu \u003cxp.xiaopu@gmail.com\u003e\r\n",
            "insertions": 22,
            "deletions": 14
          }
        ]
      },
      {
        "insertions": 64,
        "deletions": 2,
        "date": "2020-02-06",
        "commitResults": [
          {
            "hash": "fcf52e5530b340f54bfb5ffc86ee9f802a49d34b",
            "messageTitle": "[#9382] Add tests for RestoreFeedbackSessionAction (#9934)",
            "messageBody": "* Add tests for RestoreFeedbackSessionAction\r\n\r\n* Improve test structure\r\n\r\nCo-authored-by: Xiao Pu \u003cxp.xiaopu@gmail.com\u003e\r\n",
            "insertions": 64,
            "deletions": 2
          }
        ]
      },
      {
        "insertions": 443,
        "deletions": 16,
        "date": "2020-03-16",
        "commitResults": [
          {
            "hash": "8ce800938faed1da40baf7bea2d9795debfb3b80",
            "messageTitle": "[#9946] Migration to new RESTful search endpoints - Students (#9979)",
            "messageBody": "* Implement search student endpoint\r\n\r\n* Implement instructors search endpoint (#2)\r\n\r\n* Add instructor search endpoint\r\n\r\n* Add tests\r\n\r\n* Switch from SearchInstructorsData to InstructorsData (#6)\r\n\r\n* Switch from SearchStudentsData to StudentsData (#7)\r\n\r\n* Allow travis to build search migration branch (#5)\r\n\r\n* Implement sessions search endpoint (#3)\r\n\r\n* Add sessions search endpoint\r\n\r\n* Add tests\r\n\r\n* Fix lint errors\r\n\r\n* Add course endpoint (#8)\r\n\r\n* Implement Links Endpoint (#4)\r\n\r\n* Add googleId  field to StudentData (#9)\r\n\r\n* Add googleid to studentdata\r\n\r\n* Add nullable to student data\r\n\r\n* Improve search response classes (#12)\r\n\r\n* Improve students endpoint classes\r\n\r\n* Move joinState attribute from common to student\r\n\r\n* Improve instructors endpoint classes\r\n\r\n* Revert \"Add googleId  field to StudentData (#9)\"\r\n\r\nThis reverts commit b5d46cabc092bf3bedc429ae1c771515bf149606.\r\n\r\n* Revert unnecessary InstructorData changes\r\n\r\n* Fix typo\r\n\r\n* Make joinState common\r\n\r\n* Make names sane again\r\n\r\n* Remove unused setters\r\n\r\n* Standardize search endpoints (#13)\r\n\r\n* Improve course endpoint class names\r\n\r\n* Improve links endpoint class names\r\n\r\n* Improve sessions endpoint class names\r\n\r\n* Standardize comments\r\n\r\n* Fix import order\r\n\r\n* Revert travis config\r\n\r\n* Split PR\r\n\r\n* Revert to existing response classes\r\n\r\n* Allow some attributes to be optional\r\n\r\n* Improve information hiding logic\r\n\r\n* Improve resource name\r\n\r\nCo-authored-by: Joshua Wong \u003cjoshwonghc@gmail.com\u003e",
            "insertions": 242,
            "deletions": 10
          },
          {
            "hash": "c2d26d4ae41381142beb72b3fda53eabab67bcfd",
            "messageTitle": "[#9946] Migration to new RESTful search endpoints - Instructors (#9982)",
            "messageBody": "* Implement search student endpoint\r\n\r\n* Implement instructors search endpoint (#2)\r\n\r\n* Add instructor search endpoint\r\n\r\n* Add tests\r\n\r\n* Switch from SearchInstructorsData to InstructorsData (#6)\r\n\r\n* Switch from SearchStudentsData to StudentsData (#7)\r\n\r\n* Allow travis to build search migration branch (#5)\r\n\r\n* Implement sessions search endpoint (#3)\r\n\r\n* Add sessions search endpoint\r\n\r\n* Add tests\r\n\r\n* Fix lint errors\r\n\r\n* Add course endpoint (#8)\r\n\r\n* Implement Links Endpoint (#4)\r\n\r\n* Add googleId  field to StudentData (#9)\r\n\r\n* Add googleid to studentdata\r\n\r\n* Add nullable to student data\r\n\r\n* Improve search response classes (#12)\r\n\r\n* Improve students endpoint classes\r\n\r\n* Move joinState attribute from common to student\r\n\r\n* Improve instructors endpoint classes\r\n\r\n* Revert \"Add googleId  field to StudentData (#9)\"\r\n\r\nThis reverts commit b5d46cabc092bf3bedc429ae1c771515bf149606.\r\n\r\n* Revert unnecessary InstructorData changes\r\n\r\n* Fix typo\r\n\r\n* Make joinState common\r\n\r\n* Make names sane again\r\n\r\n* Remove unused setters\r\n\r\n* Standardize search endpoints (#13)\r\n\r\n* Improve course endpoint class names\r\n\r\n* Improve links endpoint class names\r\n\r\n* Improve sessions endpoint class names\r\n\r\n* Standardize comments\r\n\r\n* Fix import order\r\n\r\n* Revert travis config\r\n\r\n* Split PR\r\n\r\n* Revert to existing response classes\r\n\r\n* Fix lint\r\n\r\n* Improve information hiding logic\r\n\r\n* Improve resource name\r\n\r\nCo-authored-by: Joshua Wong \u003cjoshwonghc@gmail.com\u003e\r\nCo-authored-by: Xiao Pu \u003cxp.xiaopu@gmail.com\u003e",
            "insertions": 201,
            "deletions": 6
          }
        ]
      }
    ],
    "j-lum": [],
    "iskandarzulkarnaien": [],
    "xantho09": [],
    "0blivious": [],
    "hcwong": [
      {
        "insertions": 39,
        "deletions": 3,
        "date": "2020-01-14",
        "commitResults": [
          {
            "hash": "4955ddc8eb3450c196ea05a88669db891a0f65fc",
            "messageTitle": "[#9898] All records page does not show profile picture (#9901)",
            "messageBody": "* Fix bug\r\n\r\n* Fix lint error\r\n\r\n* Add snapshot\r\n\r\n* add assert statement for url\r\n\r\n* Fix bug\r\n\r\n* Add populated snapshot\r\n\r\n* Fix test\r\n\r\nCo-authored-by: Xiao Pu \u003cacesscp@gmail.com\u003e\r\n",
            "insertions": 39,
            "deletions": 3
          }
        ]
      },
      {
        "insertions": 6,
        "deletions": 10,
        "date": "2020-01-23",
        "commitResults": [
          {
            "hash": "3c8d6071f1bb9b54d4d2f8cde8cd7a6baf0643e7",
            "messageTitle": "[#9679] Instructor: Preview Sessions Submission Page\u0027s navbar covers some content on the page (#9926)",
            "messageBody": "* Fix the navbar covering content\r\n\r\n* Make navbar div to go into main content container\r\n\r\n* Remove unused variable\r\n",
            "insertions": 6,
            "deletions": 10
          }
        ]
      },
      {
        "insertions": 53,
        "deletions": 0,
        "date": "2020-02-02",
        "commitResults": [
          {
            "hash": "01a717c4b67fef90b8e18c8b36df1415a421cb36",
            "messageTitle": "[#9382] Add ActionFactoryTest (#9931)",
            "messageBody": "* WIP ActionFactoryTest\r\n\r\n* Add more tests for ActionFactory\r\n\r\n* Add newline at end\r\n\r\n* Add comment\r\n\r\n* Fix lint errors\r\n\r\n* Fix comments\r\n\r\nCo-authored-by: Xiao Pu \u003cxp.xiaopu@gmail.com\u003e\r\n",
            "insertions": 53,
            "deletions": 0
          }
        ]
      },
      {
        "insertions": 55,
        "deletions": 23,
        "date": "2020-02-28",
        "commitResults": [
          {
            "hash": "3d63185659edd46eb457026d3b7212e05740c6b8",
            "messageTitle": "[#9642] Feedback sessions with # or ? in their name can\u0027t be edited. (#9925)",
            "messageBody": "",
            "insertions": 55,
            "deletions": 23
          }
        ]
      },
      {
        "insertions": 2,
        "deletions": 1,
        "date": "2020-03-07",
        "commitResults": [
          {
            "hash": "0d17cc55175c6edf9957af715748a455491133b9",
            "messageTitle": "[#9773] Student course detail page: Standardize picture size and title length (#9938)",
            "messageBody": "* Standardize profile picture on student view team\r\n\r\n* Add max-height element\r\n\r\nCo-authored-by: Xiao Pu \u003cxp.xiaopu@gmail.com\u003e",
            "insertions": 2,
            "deletions": 1
          }
        ]
      },
      {
        "insertions": 25,
        "deletions": 4,
        "date": "2020-03-20",
        "commitResults": [
          {
            "hash": "7961e89d556fa127d8854597b532a229fd4e9fd0",
            "messageTitle": "[#9939] View Team on Student Page does not show teammates details (#9942)",
            "messageBody": "* Fix names not showing\r\n\r\n* Fix lint\r\n\r\n* Update snapshot\r\n\r\n* Do not show long term email\r\n\r\n* Hide some fields that should not be shown to students\r\n\r\n* Fix lint error\r\n\r\n* Fix comments\r\n\r\n* Fix linter errors\r\n\r\n* Fix failing test\r\n\r\nCo-authored-by: Joanne Ong \u003cjoanneongcf@u.nus.edu\u003e",
            "insertions": 25,
            "deletions": 4
          }
        ]
      }
    ],
    "ang-zeyu": [],
    "geshuming": [],
    "alyip98": [],
    "nbriannl": [],
    "tiuweehan": [
      {
        "insertions": 20,
        "deletions": 46,
        "date": "2020-01-14",
        "commitResults": [
          {
            "hash": "3939686df39c47bf4920ef8919b07753a68456d2",
            "messageTitle": "[#9906] Refactor Intent to be a type (#9908)",
            "messageBody": "* Move Intent to types\r\n\r\n* Fix linting issues\r\n\r\nCo-authored-by: Xiao Pu \u003cacesscp@gmail.com\u003e\r\n",
            "insertions": 10,
            "deletions": 10
          },
          {
            "hash": "36944e6154c7595a681cd10b8850a022498a4315",
            "messageTitle": "[#9902] Replace src/web/types/gender.ts with Gender in api-output.ts (#9909)",
            "messageBody": "* Refactor Gender\r\n\r\n* Fix linting issues\r\n\r\nCo-authored-by: Xiao Pu \u003cacesscp@gmail.com\u003e\r\n",
            "insertions": 10,
            "deletions": 36
          }
        ]
      },
      {
        "insertions": 6,
        "deletions": 24,
        "date": "2020-01-23",
        "commitResults": [
          {
            "hash": "34b2d22e679451e5952ac394e4ff18fa21cc1a5f",
            "messageTitle": "[#9903] Replace src/web/app/pages-instructor/student-profile/student-profile.ts with StudentProfile in api-output.ts (#9928)",
            "messageBody": "",
            "insertions": 6,
            "deletions": 24
          }
        ]
      },
      {
        "insertions": 76,
        "deletions": 36,
        "date": "2020-02-06",
        "commitResults": [
          {
            "hash": "c0bf6a4e581b738a4b8be8c93989a2cd4fe3e829",
            "messageTitle": "[#9919] Remove HttpRequestService dependency from UploadEditProfilePictureModalComponent (#9937)",
            "messageBody": "* Remove HttpRequestDependency from UploadEditProfilePictureModalComponent\r\n\r\n* Flatten nesting of callbacks\r\n\r\n* Code cleanup\r\n\r\n* Update Student Profile Page Snapshot\r\n\r\n* Consolidate pipe\r\n\r\n* Migrate profile picture methods to student profile service\r\n\r\n* Fix failing tests\r\n\r\n* Refactor to throw error when image not uploaded\r\n\r\n* Fix linting issue\r\n\r\n* Use string literals\r\n",
            "insertions": 76,
            "deletions": 36
          }
        ]
      },
      {
        "insertions": 369,
        "deletions": 66,
        "date": "2020-02-16",
        "commitResults": [
          {
            "hash": "004e6a0e948941aef0a5fa0c9c08a4bb350266f9",
            "messageTitle": "[#9952] Standardize Student Api Endpoints (#9951)",
            "messageBody": "* Add Nationalities Service\r\n\r\n* Update tests for NationalitiesService\r\n\r\n* Remove HttpRequestService from student home page\r\n\r\n* Remove HttpRequestService from student course details\r\n\r\n* Add test for nationalities service\r\n\r\n* Remove HttpRequestService from course join page\r\n\r\n* Add API Endpoints for resources\r\n\r\n* Add tests for NationalitiesService\r\n\r\n* Add Instructor service tests\r\n\r\n* Fix java linting issues\r\n\r\n* Add tests for courses service\r\n\r\n* Refactor Course Service to use api-endpoints\r\n\r\n* Refactor URIs to use Resource Endpoints in api-endpoints\r\n\r\n* fix e2e tests\r\n",
            "insertions": 369,
            "deletions": 66
          }
        ]
      },
      {
        "insertions": 485,
        "deletions": 227,
        "date": "2020-03-07",
        "commitResults": [
          {
            "hash": "55f1f66cb2c74d266dcbdd5058703cfd6b3611f8",
            "messageTitle": "[#9940] Instructor module: standardize API endpoints, remove HttpRequestService (#9972)",
            "messageBody": "* Create unpublishFeedbackSession in feedback session service\r\n\r\n* Refactor URI string literals\r\n\r\n* Add all API endpoints\r\n\r\n* Remove HttpRequestService from instructor-student-list-page\r\n\r\n* Refactor load instructor privilege\r\n\r\n* Remove HttpRequestService from instructor-session-base-page\r\n\r\n* Remove HttpRequestService from instructor sessions\r\n\r\n* Add tests for course and questions service\r\n\r\n* Add sessions and instructor tests\r\n\r\n* Remove Cron job and Legacy API endpoints\r\n\r\n* Refactor to not pass model as parameter\r\n\r\n* Remove WebPageEndpoints\r\n\r\n* Move optionals to an object parameter",
            "insertions": 485,
            "deletions": 227
          }
        ]
      },
      {
        "insertions": 685,
        "deletions": 329,
        "date": "2020-03-25",
        "commitResults": [
          {
            "hash": "48fbb31c64826d2c5bca9e8f01a9cf7961b195c2",
            "messageTitle": "[#9940] Refactor remaining instructor endpoints (#9978)",
            "messageBody": "* Remove HttpRequestService from instructor course edit page\r\n\r\n* Remove HttpRequestService from instructor course details page\r\n\r\n* Remove HttpRequestService from instructor courses page\r\n\r\n* Remove HttpRequestService from course enroll and search pages\r\n\r\n* Remove HttpRequestService from student edit page\r\n\r\n* Add tests for CourseService\r\n\r\n* Add tests for FeedbackSessionsService\r\n\r\n* Add tests for InstructorService\r\n\r\n* Add tests for StudentService\r\n\r\n* Update params to be lowercase",
            "insertions": 685,
            "deletions": 329
          }
        ]
      }
    ],
    "madanalogy": [
      {
        "insertions": 1,
        "deletions": 5,
        "date": "2019-12-11",
        "commitResults": [
          {
            "hash": "e54f2d6bd7c27924cda4d3b57bac5cae7e3451b6",
            "messageTitle": "[#9740] Fix Instructor Homepage UI (#9893)",
            "messageBody": "* removed static height declaration\r\n\r\n* updated instructor-home-page test snapshot\r\n\r\n* removed height declaration in css\r\n",
            "insertions": 1,
            "deletions": 5
          }
        ]
      },
      {
        "insertions": 44,
        "deletions": 51,
        "date": "2020-01-16",
        "commitResults": [
          {
            "hash": "021db57bd3ee4cb25a7ad75bb3ad63c8aa053076",
            "messageTitle": "[#9911] Auto-sync API output type: ConfirmationResponse (#9914)",
            "messageBody": "",
            "insertions": 44,
            "deletions": 51
          }
        ]
      },
      {
        "insertions": 2,
        "deletions": 2,
        "date": "2020-01-28",
        "commitResults": [
          {
            "hash": "07fa66b5302f5ebb7d55e24b7c655a01da3e24eb",
            "messageTitle": "[#9886] Login Dropdown List is Not Positioned Properly (#9924)",
            "messageBody": "* Fix Login Dropdown List\r\n\r\n* Fix dropdown when logged in\r\n",
            "insertions": 2,
            "deletions": 2
          }
        ]
      },
      {
        "insertions": 57,
        "deletions": 21,
        "date": "2020-02-01",
        "commitResults": [
          {
            "hash": "ec3456d086142482aa9fab4a942d82a698db182a",
            "messageTitle": "[#9918] Remove HttpRequestService dependency from StudentListComponent (#9927)",
            "messageBody": "* Remove HttpRequestService dependency from StudentList\r\n\r\n* Move method invocation to StudentService\r\n\r\n* Move student deletion to courseService\r\n\r\n* Move removeStudentFromCourse method invocation to parent component\r\n\r\nCo-authored-by: Xiao Pu \u003cxp.xiaopu@gmail.com\u003e\r\n",
            "insertions": 57,
            "deletions": 21
          }
        ]
      },
      {
        "insertions": 428,
        "deletions": 14,
        "date": "2020-02-11",
        "commitResults": [
          {
            "hash": "87f9c7180f17083161986b3311cf3785e32a8494",
            "messageTitle": "[#9382] Add Access Control Tests for UpdateFeedbackResponseAction (#9930)",
            "messageBody": "* Prepare draft test code\r\n\r\n* Implement generic access control tests\r\n\r\n* Implement access control tests with update requests\r\n\r\n* Refactor test helpers and test cases\r\n\r\n* Add additional test cases\r\n\r\n* Refactor static variables to local scope\r\n\r\n* Edit containsQuestionNotForInstructor for clarity\r\n\r\n* Refactor verifyAccess method signatures to more generic request\r\n",
            "insertions": 428,
            "deletions": 14
          }
        ]
      },
      {
        "insertions": 83,
        "deletions": 6,
        "date": "2020-02-27",
        "commitResults": [
          {
            "hash": "6b16f366e9085b5e0ae889f7f8edd4935a652886",
            "messageTitle": "[#9382] Add AccountService Tests (#9964)",
            "messageBody": "* Add AccountService Tests\r\n\r\n* Reorder test cases\r\n\r\n* Remove node modules for travis\r\n\r\n* Revert commit 4d62b49a \"Remove node modules for travis\"\r\n",
            "insertions": 83,
            "deletions": 6
          }
        ]
      },
      {
        "insertions": 30,
        "deletions": 7,
        "date": "2020-02-28",
        "commitResults": [
          {
            "hash": "87980378a4f0575c3fe3066bc94a41e683757929",
            "messageTitle": "[#9382] Add MasqueradeModeService Tests (#9955)",
            "messageBody": "",
            "insertions": 30,
            "deletions": 7
          }
        ]
      },
      {
        "insertions": 45,
        "deletions": 9,
        "date": "2020-03-16",
        "commitResults": [
          {
            "hash": "85cda0bd6ef5ec058dd8f592acbba424d38efe02",
            "messageTitle": "[#9419] Add form validation to course edit (#9975)",
            "messageBody": "* Initial Implementation\r\n\r\n* Working Implementation\r\n\r\n* Fix lint error\r\n\r\n* Changed look and feel of error message\r\n\r\n* Removed validation from timezone\r\n\r\n* Removed validation from Course ID\r\n\r\nCo-authored-by: Xiao Pu \u003cxp.xiaopu@gmail.com\u003e",
            "insertions": 45,
            "deletions": 9
          }
        ]
      },
      {
        "insertions": 80,
        "deletions": 6,
        "date": "2020-03-18",
        "commitResults": [
          {
            "hash": "f208a3a6690e913581d69096335d5f3213e0f2dc",
            "messageTitle": "[#9382] Add StudentProfileService Tests (#9985)",
            "messageBody": "* Draft Implementation\r\n\r\n* Add all test cases\r\n\r\n* Add test case",
            "insertions": 80,
            "deletions": 6
          }
        ]
      },
      {
        "insertions": 190,
        "deletions": 28,
        "date": "2020-03-23",
        "commitResults": [
          {
            "hash": "dcac5dad2da0654e013a52959992170b41e385ba",
            "messageTitle": "[#4854] Add Instructor Institution Validation (#9912)",
            "messageBody": "",
            "insertions": 190,
            "deletions": 28
          }
        ]
      }
    ],
    "daekoon": []
  },
  "authorFinalContributionMap": {
    "ccyccyccy": 0,
    "Parcly-Taxel": 0,
    "niqiukun": 357,
    "openorclose": 0,
    "yash-chowdhary": 0,
    "Tejas2805": 0,
    "dvrylc": 539,
    "j-lum": 0,
    "iskandarzulkarnaien": 0,
    "xantho09": 0,
    "0blivious": 0,
    "hcwong": 180,
    "ang-zeyu": 0,
    "geshuming": 0,
    "alyip98": 0,
    "nbriannl": 0,
    "tiuweehan": 1383,
    "madanalogy": 942,
    "daekoon": 0
  },
  "authorFileTypeContributionMap": {
    "ccyccyccy": {
      "java": 0,
      "js": 0,
      "scss": 0,
      "md": 0,
      "py": 0,
      "tag": 0,
      "html": 0,
      "ts": 0
    },
    "Parcly-Taxel": {
      "java": 0,
      "js": 0,
      "scss": 0,
      "md": 0,
      "py": 0,
      "tag": 0,
      "html": 0,
      "ts": 0
    },
    "niqiukun": {
      "java": 6,
      "js": 0,
      "scss": 43,
      "md": 0,
      "py": 0,
      "tag": 0,
      "html": 29,
      "ts": 279
    },
    "openorclose": {
      "java": 0,
      "js": 0,
      "scss": 0,
      "md": 0,
      "py": 0,
      "tag": 0,
      "html": 0,
      "ts": 0
    },
    "yash-chowdhary": {
      "java": 0,
      "js": 0,
      "scss": 0,
      "md": 0,
      "py": 0,
      "tag": 0,
      "html": 0,
      "ts": 0
    },
    "Tejas2805": {
      "java": 0,
      "js": 0,
      "scss": 0,
      "md": 0,
      "py": 0,
      "tag": 0,
      "html": 0,
      "ts": 0
    },
    "dvrylc": {
      "java": 496,
      "js": 0,
      "scss": 0,
      "md": 0,
      "py": 0,
      "tag": 0,
      "html": 5,
      "ts": 38
    },
    "j-lum": {
      "java": 0,
      "js": 0,
      "scss": 0,
      "md": 0,
      "py": 0,
      "tag": 0,
      "html": 0,
      "ts": 0
    },
    "iskandarzulkarnaien": {
      "java": 0,
      "js": 0,
      "scss": 0,
      "md": 0,
      "py": 0,
      "tag": 0,
      "html": 0,
      "ts": 0
    },
    "xantho09": {
      "java": 0,
      "js": 0,
      "scss": 0,
      "md": 0,
      "py": 0,
      "tag": 0,
      "html": 0,
      "ts": 0
    },
    "0blivious": {
      "java": 0,
      "js": 0,
      "scss": 0,
      "md": 0,
      "py": 0,
      "tag": 0,
      "html": 0,
      "ts": 0
    },
    "hcwong": {
      "java": 68,
      "js": 0,
      "scss": 2,
      "md": 0,
      "py": 0,
      "tag": 0,
      "html": 9,
      "ts": 101
    },
    "ang-zeyu": {
      "java": 0,
      "js": 0,
      "scss": 0,
      "md": 0,
      "py": 0,
      "tag": 0,
      "html": 0,
      "ts": 0
    },
    "geshuming": {
      "java": 0,
      "js": 0,
      "scss": 0,
      "md": 0,
      "py": 0,
      "tag": 0,
      "html": 0,
      "ts": 0
    },
    "alyip98": {
      "java": 0,
      "js": 0,
      "scss": 0,
      "md": 0,
      "py": 0,
      "tag": 0,
      "html": 0,
      "ts": 0
    },
    "nbriannl": {
      "java": 0,
      "js": 0,
      "scss": 0,
      "md": 0,
      "py": 0,
      "tag": 0,
      "html": 0,
      "ts": 0
    },
    "tiuweehan": {
      "java": 77,
      "js": 0,
      "scss": 0,
      "md": 0,
      "py": 0,
      "tag": 0,
      "html": 0,
      "ts": 1306
    },
    "madanalogy": {
      "java": 640,
      "js": 0,
      "scss": 3,
      "md": 0,
      "py": 0,
      "tag": 0,
      "html": 30,
      "ts": 269
    },
    "daekoon": {
      "java": 0,
      "js": 0,
      "scss": 0,
      "md": 0,
      "py": 0,
      "tag": 0,
      "html": 0,
      "ts": 0
    }
  },
  "authorContributionVariance": {
    "ccyccyccy": 0.0,
    "Parcly-Taxel": 0.0,
    "niqiukun": 787.64325,
    "openorclose": 0.0,
    "yash-chowdhary": 0.0,
    "Tejas2805": 0.0,
    "dvrylc": 1846.3206,
    "j-lum": 0.0,
    "iskandarzulkarnaien": 0.0,
    "xantho09": 0.0,
    "0blivious": 0.0,
    "hcwong": 97.775566,
    "ang-zeyu": 0.0,
    "geshuming": 0.0,
    "alyip98": 0.0,
    "nbriannl": 0.0,
    "tiuweehan": 14601.587,
    "madanalogy": 2302.145,
    "daekoon": 0.0
  },
  "authorDisplayNameMap": {
    "ccyccyccy": "CHON..YUAN",
    "Parcly-Taxel": "JERE..ERUI",
    "niqiukun": "NI T..ZHEN",
    "openorclose": "DARY.. TAN",
    "yash-chowdhary": "YASH..HARY",
    "Tejas2805": "TEJA..ANIA",
    "dvrylc": "CHAN..ARYL",
    "j-lum": "LUM ..FFRY",
    "iskandarzulkarnaien": "ISKA..AINI",
    "xantho09": "MUHA..INAL",
    "0blivious": "LIU ..IWEN",
    "hcwong": "JOSH..HIEN",
    "ang-zeyu": "ANG ..E YU",
    "geshuming": "GE S..MING",
    "alyip98": "YIP ..YEUN",
    "nbriannl": "LABA..RIDO",
    "tiuweehan": "TIU .. HAN",
    "madanalogy": "MUHA..JJAJ",
    "daekoon": "LIM ..KOON"
  }
}
