{"authorDailyContributionsMap":{"ccyccyccy":[{"date":"2020-05-14","commitResults":[{"hash":"dd875b91fa4669f18b1ace576282e96868210bec","messageTitle":"[#10042] Remove nowrap (#10048)","messageBody":"","fileTypesAndContributionMap":{"html":{"insertions":1,"deletions":1}}}]},{"date":"2020-05-18","commitResults":[{"hash":"311b248c3a28967dd16fe3102a80221a29478d78","messageTitle":"[#10058] Fix inconsistent exception thrown in BasicFeedbackSubmissionAction#checkAccessControl* (#10060)","messageBody":"* Make exception thrown by checkAccessControl* consistent\r\n\r\n* Remove unused import\r\n\r\n* Remove unused imports\r\n\r\n* Restore null check, but change type of exception thrown\r\n\r\nCo-authored-by: Ahmed Bahajjaj \u003cAhmed_Bahajjaj@u.nus.edu\u003e","fileTypesAndContributionMap":{"java":{"insertions":3,"deletions":8}}}]},{"date":"2020-05-19","commitResults":[{"hash":"4cd584421b0021045e35674305f1d444af30f824","messageTitle":"[#9382] Add tests for GetFeedbackSessionActionTest (#10057)","messageBody":"* Add tests for GetFeedbackSessionActionTest\r\n\r\n* Fix other tests\r\n\r\n* Change description of test segments\r\n\r\n* Revert unrelated change\r\n\r\nCo-authored-by: Ahmed Bahajjaj \u003cAhmed_Bahajjaj@u.nus.edu\u003e","fileTypesAndContributionMap":{"java":{"insertions":34,"deletions":1}}},{"hash":"46c3e9b8405f68c151aba51eeb4888018f89764a","messageTitle":"[#9382] Add example components to instructor help questions MCQ (#10068)","messageBody":"* Convert to use question-edit-form\r\n\r\n* Fix tests\r\n\r\n* Copy sample data directly\r\n\r\nCo-authored-by: Ahmed Bahajjaj \u003cAhmed_Bahajjaj@u.nus.edu\u003e","fileTypesAndContributionMap":{"html":{"insertions":14,"deletions":2},"ts":{"insertions":57,"deletions":2}}},{"hash":"91e1fee42ef3c188b9ccd5cbf532a0e3b2ce701a","messageTitle":"Add example component for adding questions to a session (#10075)","messageBody":"Co-authored-by: Ahmed Bahajjaj \u003cAhmed_Bahajjaj@u.nus.edu\u003e","fileTypesAndContributionMap":{"scss":{"insertions":11,"deletions":0},"html":{"insertions":41,"deletions":2}}}]},{"date":"2020-05-20","commitResults":[{"hash":"fcbd2bfd1d7e1cb2115664ff357885369f06db7b","messageTitle":"[#10085] Increase height and make width auto (#10086)","messageBody":"","fileTypesAndContributionMap":{"scss":{"insertions":2,"deletions":2}}}]},{"date":"2020-05-21","commitResults":[{"hash":"4bdf35f222e4ee4560de22684b487cf266822ed9","messageTitle":"[#9382] Add example box for rubric responder\u0027s view of question (#10082)","messageBody":"* Add rubric responder\u0027s view of question\r\n\r\n* Disable example component\r\n\r\nCo-authored-by: Ahmed Bahajjaj \u003cAhmed_Bahajjaj@u.nus.edu\u003e","fileTypesAndContributionMap":{"html":{"insertions":6,"deletions":1},"ts":{"insertions":71,"deletions":1}}},{"hash":"f4d22ade54920a7930ab765e3190b451558fddc9","messageTitle":"Add style to make cursor become pointer (#10091)","messageBody":"","fileTypesAndContributionMap":{"scss":{"insertions":8,"deletions":0}}},{"hash":"f0884fc4739f21eb82ea5af2ea0be954de1b7426","messageTitle":"[#10088] Check for empty array (#10093)","messageBody":"Co-authored-by: Ahmed Bahajjaj \u003cAhmed_Bahajjaj@u.nus.edu\u003e","fileTypesAndContributionMap":{"ts":{"insertions":3,"deletions":0}}}]},{"date":"2020-05-28","commitResults":[{"hash":"6e993c984f466f04d2ad683ba9ac14a86fc8782b","messageTitle":"[#10102] Add participant comment to student session result (#10120)","messageBody":"* Add participant comment to student session result\r\n\r\n* Fix test\r\n\r\n* Convert to use pipes\r\n\r\n* Add visibility for comments\r\n\r\n* Fix issues raised by review\r\n\r\n* Fix lint","fileTypesAndContributionMap":{"html":{"insertions":22,"deletions":5},"ts":{"insertions":71,"deletions":26}}}]},{"date":"2020-05-29","commitResults":[{"hash":"012af961bfd6cba22918dbca733e9e3864736edb","messageTitle":"[#10123] Remove removeAnonymousHash method (#10125)","messageBody":"","fileTypesAndContributionMap":{"java":{"insertions":2,"deletions":2}}}]},{"date":"2020-05-31","commitResults":[{"hash":"c2ce258fd591f3c983627cecc98b7f71426c315a","messageTitle":"[#10124] Show instructor comments on student result page (#10136)","messageBody":"* Rename participant-comment-to-comment-row-model pipe\r\n\r\n* Rename old pipe to better name\r\n\r\n* Add table for instructor comments\r\n\r\n* Rename pipe names to be more accurate\r\n\r\n* Add documentation\r\n\r\n* Add readonly mode to comment table model\r\n\r\n* Refactor pipe, add readonly option\r\n\r\n* Add test\r\n\r\n* Fix lint\r\n\r\n* Refactor to remove duplicate code\r\n\r\n* Add pipes to scope\r\n\r\n* Fix missing timezone param\r\n\r\n* Attempt to fix test\r\n\r\n* Update snapshot\r\n\r\n* Change isReadonly to isReadOnly","fileTypesAndContributionMap":{"html":{"insertions":26,"deletions":9},"ts":{"insertions":214,"deletions":142}}}]},{"date":"2020-06-02","commitResults":[{"hash":"1c5c79e1ea9c7745fc86119d1a1bb4baad1ee335","messageTitle":"[#10134] Remove nested subscription in instructor student records page (#10148)","messageBody":"* Remove nested subscription\r\n\r\n* Rename getFeedbackSessionsResult to getFeedbackSessionResults for more clarity","fileTypesAndContributionMap":{"ts":{"insertions":20,"deletions":18}}}]},{"date":"2020-06-03","commitResults":[{"hash":"a817e017cc66510d0cc1ee6863ce70f9e1eaa2eb","messageTitle":"[#10143] Hide photo when student anonymous (#10151)","messageBody":"* Hide photo for gqr and rqg\r\n\r\n* Hide photo for per question\r\n\r\n* Hide photo for grq and rgq\r\n\r\n* Hide photo for grouped response\r\n\r\n* Remove userToEmail field\r\n\r\n* Refactor all names with photo to use new componentt\r\n\r\n* Lint and test fix\r\n\r\n* Rename component to be more precise\r\n\r\n* Remove optional fields","fileTypesAndContributionMap":{"scss":{"insertions":0,"deletions":0},"html":{"insertions":37,"deletions":18},"ts":{"insertions":60,"deletions":9}}}]},{"date":"2020-06-05","commitResults":[{"hash":"5bea3ab37d4579371be60bb2c27f3ffae7dbbd4c","messageTitle":"[#10144] Add instructor view session result help example component (#10162)","messageBody":"* Add example control box\r\n\r\n* Add example GRQ session result\r\n\r\n* Disabled buttons for instructor\u003dsession-no-response-panel\r\n\r\n* Add example component for student view\r\n\r\n* Lint and test fix\r\n\r\n* Remove unintended change\r\n\r\n* Reuse instructor\u003dsession-no-response-panel\r\n\r\n* Fix merge conflicts","fileTypesAndContributionMap":{"scss":{"insertions":4,"deletions":0},"html":{"insertions":107,"deletions":5},"ts":{"insertions":259,"deletions":21}}}]},{"date":"2020-06-06","commitResults":[{"hash":"2c43261b7797e8dbcb9f9e96335cbcdc5a923431","messageTitle":"[#10168] Fix checkbox ui at Instructor Session Result Page (#10169)","messageBody":"* Modify checkbox to allow clicking on label to check the box\r\n\r\n* Fix formatting","fileTypesAndContributionMap":{"html":{"insertions":9,"deletions":7}}},{"hash":"949d600b9703214f793e1d179b09b1803cd1baf6","messageTitle":"[#10155] Add sortable table, with MCQ statistics calling it (#10166)","messageBody":"* Add sortable table, with MCQ statistics calling it\r\n\r\n* Fix CSS\r\n\r\n* Refactor to use more of table comparator service\r\n\r\n* Fix doc\r\n\r\n* Clone original row instead of assigning\r\n\r\n* Fix enum casing, change enum placement\r\n\r\n* Make sortBy comment more concise","fileTypesAndContributionMap":{"scss":{"insertions":3,"deletions":0},"html":{"insertions":20,"deletions":20},"ts":{"insertions":185,"deletions":0}}}]},{"date":"2020-06-09","commitResults":[{"hash":"37f1fcb803abdc3267518e3e2e7b0460a72143c5","messageTitle":"[#10155] Add sortable statistics tables for instructor result page (#10177)","messageBody":"* Add sortable table for rank-options-question-statistics\r\n\r\n* Add sortable table for rank-recipients-question-statistics\r\n\r\n* Add sortable table for rubric-question-statistics\r\n\r\n* Lint fix\r\n\r\n* Test fix\r\n\r\n* Make method public for testing\r\n\r\n* Rename loop variables to be more legible","fileTypesAndContributionMap":{"html":{"insertions":10,"deletions":60},"ts":{"insertions":133,"deletions":1}}}]},{"date":"2020-06-15","commitResults":[{"hash":"9135b8b5e0dbaaa19dc412cbb6fd74b98f5159e9","messageTitle":"[#10182] Add custom component for sortable table, with contribution statistics using it (#10183)","messageBody":"* Modify sortable table to accept custom components to render within the table cell\r\n\r\n* Add sortable table for contribution statistics\r\n\r\n* Lint and test fix\r\n\r\n* Remove original table, add tooltips\r\n\r\n* Convert sortable table to accept a single interface type\r\n\r\n* Convert rest of statistics to use new API\r\n\r\n* Cleanup after refactoring sortable table row structure\r\n\r\n* Add reminder to register new dynamic components\r\n\r\n* Change comments for contribution question statistics module","fileTypesAndContributionMap":{"scss":{"insertions":0,"deletions":0},"html":{"insertions":17,"deletions":46},"ts":{"insertions":233,"deletions":54}}}]},{"date":"2020-06-17","commitResults":[{"hash":"3ee4ac99450080d094f50939785fa82eea34389f","messageTitle":"[#10155] Add sortable statistic table for MSQ, plus finishing up (#10194)","messageBody":"* Add sortable statistics for MSQ\r\n\r\n* Add per recipient statistics for MCQ\r\n\r\n* Refactor num scale statistics to use sortable table\r\n\r\n* Add spacing between arrow and header\r\n\r\n* Change variable names to be more accurate\r\n\r\n* Use CSS instead of space to format sort icon\r\n\r\n* CSS lint fix","fileTypesAndContributionMap":{"scss":{"insertions":4,"deletions":0},"html":{"insertions":5,"deletions":121},"ts":{"insertions":213,"deletions":55}}}]},{"date":"2020-06-19","commitResults":[{"hash":"cfe4f61e8c8f92a8fedd333f70d78058c948e3d6","messageTitle":"[#10176] UAT: Session edit page fix (#10203)","messageBody":"* Scroll to new question when new question is added\r\n\r\n* Add smooth drag and drop animations for MSQ and rank options, along with some refactoring of CSS\r\n\r\n* Fix numerical scale input box error checking\r\n\r\n* Fix rubric question delete modal mix up\r\n\r\n* Remove useless classes\r\n\r\n* Add smooth drag and drop for distribution points for options\r\n\r\n* Test fix\r\n\r\n* Refactor smooth dragging animation to use module level stylesheet","fileTypesAndContributionMap":{"scss":{"insertions":21,"deletions":22},"html":{"insertions":74,"deletions":79},"ts":{"insertions":22,"deletions":4}}},{"hash":"d0036f43832f64bf9a83df43171e5a89a1cfe654","messageTitle":"[#10176] Fixes for UAT: Instructor edit page (#10201)","messageBody":"* Disable dropdown for feedback path when there is no alternatives\r\n\r\n* Remember previous input for toggling generate option\r\n\r\nMight have a better way to do this. But since the model have to be sync, I don\u0027t see a better way without introducing excessive overhead just for 2 components\r\n\r\n* Add cursor not-allowed styling to disabled input fields","fileTypesAndContributionMap":{"scss":{"insertions":6,"deletions":0},"html":{"insertions":1,"deletions":1},"ts":{"insertions":49,"deletions":24}}}]},{"date":"2020-06-24","commitResults":[{"hash":"37a04f3e4b404a7c527a5e9e8bdd48e5ae7ca62c","messageTitle":"[#10176] UAT fixes (#10226)","messageBody":"* Restrict min and max values to integers\r\n\r\n* Make save warning less scary and more accurate\r\n\r\n* Indicate mcq msq comments are optional\r\n\r\n* Remove min value for min scale\r\n\r\n* Remove enum comment for Math","fileTypesAndContributionMap":{"html":{"insertions":5,"deletions":5},"ts":{"insertions":2,"deletions":0}}},{"hash":"521027adecfc81b9d4329a80eb7ba6968fe26b94","messageTitle":"[#10213] Add animations for all collapsable tabs (#10225)","messageBody":"* Add animations for all collapsable tabs\r\n\r\n* Typo fix\r\n\r\n* Update snapshots\r\n\r\n* Rename animation more properly\r\n\r\n* Add collapse animation as well","fileTypesAndContributionMap":{"scss":{"insertions":46,"deletions":1},"html":{"insertions":221,"deletions":197},"ts":{"insertions":22,"deletions":5}}}]},{"date":"2020-06-25","commitResults":[{"hash":"7a4a9ab22f884a03ef528749bbb1bc3906baad87","messageTitle":"[#10176] Fix MCQ delete after reorder bug (#10230)","messageBody":"","fileTypesAndContributionMap":{"html":{"insertions":1,"deletions":1}}}]},{"date":"2020-07-04","commitResults":[{"hash":"9d1a44fbf2afcc02507a57482ae39ccabdc200fd","messageTitle":"[#10213] Fix instructor session edit UI UX (#10259)","messageBody":"* Add collapsing for editing question\r\n\r\n* Reduce size of optional description box\r\n\r\n* Add click on hover submenu not dismiss menu\r\n\r\n* Add stricter typing for some functions\r\n\r\n* Add no modal saving and cancelling if no change detected. Side-effect include hasResponse modal for saving popping up more than once for multiple saves\"\r\n\r\n* Add red highlight on click for delete option buttons\r\n\r\n* Add divider below \u0027Choose from template questions\u0027\r\n\r\n* Add some space between questions to more distinctly separate them\r\n\r\n* Add icon for \u0027Save Changes\u0027 button to make it more similar to the other save button\r\n\r\n* Rename cancel to discard\r\n\r\n* Add cancel to the bottom of the question beside \u0027Save Changes\u0027\r\n\r\n* Lint and test fix\r\n\r\n* Change direct assignment to triggerModelChange for isCollapsed\r\n\r\nCo-authored-by: Ahmed Bahajjaj \u003cAhmed_Bahajjaj@u.nus.edu\u003e","fileTypesAndContributionMap":{"scss":{"insertions":28,"deletions":2},"html":{"insertions":208,"deletions":190},"ts":{"insertions":79,"deletions":14}}}]},{"date":"2020-07-06","commitResults":[{"hash":"3f076d08d495186d3c506500768b03ec794a30a7","messageTitle":"[#10213] Fix clickable area / cursor related issues (#10275)","messageBody":"* Fix clickable area / cursor related issues\r\n* Update snapshot","fileTypesAndContributionMap":{"html":{"insertions":25,"deletions":25}}}]},{"date":"2020-07-08","commitResults":[{"hash":"5da3cd22e793f69c461c540cff9893692ddc778d","messageTitle":"[#10245] Add send email feature for admin search (#10270)","messageBody":"* Add API for email request\r\n\r\n* Add frontend buttons for email feature\r\n\r\n* Test fix\r\n\r\n* Rename generateemail endpoint to email\r\n\r\n* Change auth type\r\n\r\nCo-authored-by: Ahmed Bahajjaj \u003cAhmed_Bahajjaj@u.nus.edu\u003e\r\n\r\n* Link EmailType from backend to frontend\r\n\r\n* Change params of getEmail\r\n\r\n* Fix year not showing\r\n\r\n* Refactor data shape returned by generating strings to display\r\n\r\n* Remove comment\r\n\r\n* Move formatProperties to searchservice.ts\r\n\r\n* Change error message for unaccepted email type\r\n\r\n* Abstration for email opening link\r\n\r\n* Lint fix\r\n\r\n* Fix bad merge\r\n\r\n* Remove useless enum\r\n\r\nCo-authored-by: Ahmed Bahajjaj \u003cAhmed_Bahajjaj@u.nus.edu\u003e","fileTypesAndContributionMap":{"java":{"insertions":111,"deletions":0},"scss":{"insertions":4,"deletions":0},"html":{"insertions":10,"deletions":6},"ts":{"insertions":203,"deletions":61}}}]},{"date":"2020-07-09","commitResults":[{"hash":"8461a63ce7ab065b11c457cd7f56810d5f66ab99","messageTitle":"[#10245] Add and refactor collapse animations (#10281)","messageBody":"* Add skeleton for new collapse\r\n\r\n* Convert old collapse animations to use new ones\r\n\r\n* Add collapse animations for multiple places\r\n\r\n* Update snapshots\r\n\r\n* Lint fix\r\n\r\n* Fix E2E by adding timer for animation to play\r\n\r\n* Indentation fix\r\n\r\n* Change animation waiting method","fileTypesAndContributionMap":{"java":{"insertions":9,"deletions":0},"scss":{"insertions":0,"deletions":45},"html":{"insertions":147,"deletions":143},"ts":{"insertions":79,"deletions":0}}},{"hash":"f3cbea3481e5a12cb55ad3f2d64754e89bf63a25","messageTitle":"[#10245] Show error details on submit feedback (#10291)","messageBody":"* Show error details on submit\r\n\r\n* Change map type to be more accurate, add comment to explain map\r\n\r\nCo-authored-by: Ahmed Bahajjaj \u003cAhmed_Bahajjaj@u.nus.edu\u003e","fileTypesAndContributionMap":{"html":{"insertions":12,"deletions":8},"ts":{"insertions":14,"deletions":7}}}]},{"date":"2020-07-20","commitResults":[{"hash":"2f0dfb7c717d751148b2b35ede2e9713f9f6af61","messageTitle":"[#9551] Standardize modals (#10293)","messageBody":"* Partial working port of old PR\r\n\r\n* Add notification only modal\r\n\r\n* Replace confirm-delete-comment-modal\r\n\r\n* Add custom text options for modal\r\n\r\n* Refactor modals for student-profile-page.component\r\n\r\n* Refactor modals for contribution-question-edit-answer-form\r\n\r\n* Refactor modals for contribution-question-statistics\r\n\r\n* Refactor modals for more-info\r\n\r\n* Rename service to simpleModal from confirmationModal, and fixes from review\r\n\r\n* Refactor modals for instructor-course-enroll-page.component\r\n\r\n* Refactor modals for instructor-course-student-edit-page.component\r\n\r\nDid not convert resendPastLinksModal as it have 3 buttons\r\n\r\n* Refactor modals for instructor-help-questions-section.component\r\n\r\n* Refactor modals for student-list.component\r\n\r\n* Refactor modals for instructor-session-edit-page.component\r\n\r\n* Refactor modals for instructor-courses-page.component\r\n\r\n* Refactor modals for instructor-course-edit-page.component\r\n\r\n* Refactor modals for session-submission-page.component\r\n\r\n* Refactor modals for admin-search-page.component\r\n\r\n* Refactor modals for rubric-question-edit-details-form.component\r\n\r\n* Refactor modals for session-edit-form.component\r\n\r\n* Remove unused components and update snapshots\r\n\r\n* Fix bad commits\r\n\r\n* Add error catcher to .then calls\r\n\r\n* Reword confirmation modal headers to be questions, as well as bolding variables\r\n\r\n* Use TemplateRef for large HTML modals\r\n\r\n* Remove PRIMARY modal type as it is very similar to INFO\r\n\r\n* e2e test fix\r\n\r\n* Make modalContents a bit more detailed\r\n\r\n* Refactor complex html to TemplateRef\r\n\r\n* Refactor modals for instructor-course-detail-page.component\r\n\r\n* miscellaneous fixes from review\r\n\r\n* Rename all modalService to ngbModal\r\n\r\n* Convert template to be passed in as argument instead of using ViewChild","fileTypesAndContributionMap":{"java":{"insertions":3,"deletions":9},"scss":{"insertions":3,"deletions":0},"html":{"insertions":270,"deletions":815},"ts":{"insertions":602,"deletions":1190}}}]},{"date":"2020-07-21","commitResults":[{"hash":"99436f3bb6fb0679ebc8dfcce6bed213f3e31495","messageTitle":"[#10299] UAT Round 3 fixes (#10326)","messageBody":"* Fix comments not available on MCQ questions\r\n\r\n* Prevent users from typing in floating point numbers\r\n\r\n* Move allowedToHaveParticipantComment to set on model change\r\n\r\nCo-authored-by: Ahmed Bahajjaj \u003cAhmed_Bahajjaj@u.nus.edu\u003e\r\nCo-authored-by: t-cheepeng \u003ctcp97@hotmail.com\u003e","fileTypesAndContributionMap":{"html":{"insertions":1,"deletions":1},"ts":{"insertions":6,"deletions":4}}}]},{"date":"2020-07-22","commitResults":[{"hash":"c9d43b3f687ab56868f597219723e1026e719561","messageTitle":"Add ordering prefix to rubric choices and sort them (#10378)","messageBody":"Co-authored-by: Ahmed Bahajjaj \u003cAhmed_Bahajjaj@u.nus.edu\u003e","fileTypesAndContributionMap":{"html":{"insertions":2,"deletions":2},"ts":{"insertions":9,"deletions":3}}},{"hash":"d0d9c0b4c8885c7bb38ae1d7257a4d095c692c11","messageTitle":"[#10347] Fix inconsistency in indicating end of the day (#10377)","messageBody":"* Change usage of time 00:00 to use 23:59\r\n\r\n* Add option for 23:00","fileTypesAndContributionMap":{"html":{"insertions":1,"deletions":1},"ts":{"insertions":12,"deletions":12}}},{"hash":"dbc978ddc5a2b31add2a34b1de4da698a6280276","messageTitle":"[#10297] Tooltips behaviour improvement (#10321)","messageBody":"* Set global config for tooltip delay\r\n\r\n* Fix tooltips for comment-edit-form.component.html\r\n\r\n* Updated tooltip behavior\r\n\r\n* Fix tooltips for question-edit-form.component.html\r\n\r\n* Fix tooltips for question-submission-form.component.html\r\n\r\n* Fix tooltips for constsum-options-question-edit-details-form.component.html\r\n\r\n* Fix tooltips for constsum-recipients-question-edit-details-form.component.html\r\n\r\n* Fix tooltips for contribution-question-edit-details-form.component.html\r\n\r\n* Fix tooltips for session-edit-form-component.html\r\n\r\n* Fix tooltips for sesssions-recycle-bin-table.component.html\r\n\r\n* Fix tooltips for sessions-table.component.html\r\n\r\n* Fix tooltips for instructor-course-edit-page.component.html\r\n\r\n* Fix tooltips for instructor-edit-panel.component.html\r\n\r\n* Fix tooltips for instructor-courses-page.component.html\r\n\r\n* Fix tooltips for add-course-form.component.html\r\n\r\n* Fix tooltips for instructor-home-page.component.html\r\n\r\n* Fix tooltips for instructor-session-edit-page.component.html\r\n\r\n* Fix tooltips for instructor-session-result-page.component.html\r\n\r\n* Fix tooltips for student-home-page.component.html\r\n\r\n* Fix tooltips for student-profile-page.component.html\r\n\r\n* Fix tooltips for instructor-help-sessions-section.component.html\r\n\r\n* Lint and test fix","fileTypesAndContributionMap":{"scss":{"insertions":21,"deletions":19},"html":{"insertions":116,"deletions":135},"ts":{"insertions":7,"deletions":1}}},{"hash":"a29a80e962055f007a3a72435df71fed43d246ac","messageTitle":"[#10384] Fix loading spinner blocked by navbar (#10385)","messageBody":"","fileTypesAndContributionMap":{"html":{"insertions":59,"deletions":57}}}]},{"date":"2020-07-23","commitResults":[{"hash":"fd47435c0190cf9e3b66aa9fcc3680da7cbea2ff","messageTitle":"[#10336] Make instructor course details page table styling more consistent (#10386)","messageBody":"* Make student list tables more in line with rest of tables\r\n\r\n* Update snapshots","fileTypesAndContributionMap":{"html":{"insertions":4,"deletions":4}}},{"hash":"be19ce3a14ed6c132e47499e817b08c4f717a5af","messageTitle":"[#10341] Set panel to expand on load #10389","messageBody":"","fileTypesAndContributionMap":{"html":{"insertions":2,"deletions":0}}}]},{"date":"2020-07-24","commitResults":[{"hash":"189ce0a3ad6c93f8f9a4068bb7abd4dcc88f64af","messageTitle":"[#10350] Change filename of csv file downloaded (#10394)","messageBody":"","fileTypesAndContributionMap":{"ts":{"insertions":5,"deletions":5}}},{"hash":"39013a40280b004a6c639efb4c4fa348719655e9","messageTitle":"[#10299] UAT round 3 fixes (#10316)","messageBody":"* Fix clicking on the menu items collapsing table\r\n\r\n* Empty recommended words box if 0\r\n\r\n* Set floating point calculation for statistics table to 2dp\r\n\r\n* Update snapshot\r\n\r\n* Show integers without dp, truncate fractions to 2dp\r\n\r\n* Change default value of recommendedLength for text questions to be undefined instead of 0","fileTypesAndContributionMap":{"java":{"insertions":14,"deletions":13},"html":{"insertions":9,"deletions":9},"ts":{"insertions":6,"deletions":9}}},{"hash":"1d25a3b87333e1b5834cb52b4be7e2d2dc908cbb","messageTitle":"[#10368] Instructor home page: Fix changing sort by results in duplicate tables (#10387)","messageBody":"","fileTypesAndContributionMap":{"ts":{"insertions":3,"deletions":1}}},{"hash":"33d28f8400bc3d904910975dc3d71f0c1198fd52","messageTitle":"[#10243] Change multi level panel color to match V6 (#10395)","messageBody":"* Change stacked panel color to match V6\r\n\r\n* Add background color for alert-warning\r\n\r\n* Add border colors for panels\r\n\r\n* Remove horizontal line below heading","fileTypesAndContributionMap":{"scss":{"insertions":32,"deletions":0},"html":{"insertions":20,"deletions":22}}}]},{"date":"2020-07-28","commitResults":[{"hash":"d8667b1d21b77ea42fdebeb9a043a6fa887801e4","messageTitle":"[#10427] Fix formatting for answer constraints (#10479)","messageBody":"* Fix formatting for answer constrains\r\n\r\n* Change wording of constrains to sound similar\r\n\r\n* Make lower bound appear first","fileTypesAndContributionMap":{"scss":{"insertions":31,"deletions":26},"html":{"insertions":36,"deletions":28}}},{"hash":"a9fedef75c183b754e54ed15b557ecb6b155781f","messageTitle":"[#10466] Instructor enroll students: Make table span entire panel (#10474)","messageBody":"","fileTypesAndContributionMap":{"html":{"insertions":1,"deletions":1}}}]},{"date":"2020-07-29","commitResults":[{"hash":"eea9a6806e71188a29fcac16c1625bf25b20db1f","messageTitle":"[#10462] CSV: Split rank received into multiple cells (#10485)","messageBody":"* Split rank received into multiple cells\r\n\r\n* Split points received into multiple cells\r\n\r\n* Test fix\r\n\r\n* Split contribution received into multiple cells\r\n\r\nCo-authored-by: Ahmed Bahajjaj \u003cAhmed_Bahajjaj@u.nus.edu\u003e","fileTypesAndContributionMap":{"ts":{"insertions":14,"deletions":15}}},{"hash":"1c3bddf3a06c05c948cb8f9e586a4bbd1b0a27d4","messageTitle":"[#10333] Make tooltip more readable (#10486)","messageBody":"","fileTypesAndContributionMap":{"html":{"insertions":2,"deletions":2}}},{"hash":"53c465c7f13d058df4b627868edbe95f4dd3fabc","messageTitle":"[#10458] Make input fields more compact (#10487)","messageBody":"","fileTypesAndContributionMap":{"html":{"insertions":9,"deletions":9}}},{"hash":"4a2855b14362f64e183387edda023676aa1b1fa4","messageTitle":"[#10429] Remove comment save button for question submission form (#10478)","messageBody":"* Remove save button for question submission form\r\n\r\n* Remove unused updateParticipantComment\r\n\r\nCo-authored-by: Ahmed Bahajjaj \u003cAhmed_Bahajjaj@u.nus.edu\u003e","fileTypesAndContributionMap":{"html":{"insertions":1,"deletions":3},"ts":{"insertions":0,"deletions":38}}},{"hash":"1dfc7df94f42675648f33764fa5392659c264404","messageTitle":"[#10467] Instructor courses page: Fix courses default sorting not working as intended (#10477)","messageBody":"* Fix courses default sorting not working as intended\r\n\r\n* Test fix\r\n\r\nCo-authored-by: Ahmed Bahajjaj \u003cAhmed_Bahajjaj@u.nus.edu\u003e","fileTypesAndContributionMap":{"java":{"insertions":5,"deletions":4},"ts":{"insertions":45,"deletions":7}}},{"hash":"0281ff8e25008b2a09100bafb12f87d41d6320dc","messageTitle":"[#10410] Increase duration of toast to 10 seconds (#10489)","messageBody":"* Increase duration of toast to 10 seconds\r\n\r\n* Add \u0027X\u0027 button to toast","fileTypesAndContributionMap":{"scss":{"insertions":6,"deletions":0},"html":{"insertions":3,"deletions":2},"ts":{"insertions":3,"deletions":3}}},{"hash":"854c7cdb6e2a6d700201b1bfd70e8271bd52f6c9","messageTitle":"[#10332] Sorting arrow icon change (#10492)","messageBody":"* Initial mockup\r\n\r\n* Convert remaining tables to use new sorting icons\r\n\r\n* Lint and test fix\r\n\r\nCo-authored-by: Ahmed Bahajjaj \u003cAhmed_Bahajjaj@u.nus.edu\u003e","fileTypesAndContributionMap":{"scss":{"insertions":19,"deletions":0},"html":{"insertions":160,"deletions":96}}}]},{"date":"2020-07-30","commitResults":[{"hash":"38e58c024d73ce12fcf99aacbab06823628a96b9","messageTitle":"[#10493] Fix tooltip placements (#10494)","messageBody":"","fileTypesAndContributionMap":{"html":{"insertions":24,"deletions":14}}},{"hash":"27a301ce22a80147b3e2b1bf91874bd884543be1","messageTitle":"[#10437] [#10430] [#10434] [#10457] Layout changes for question editing and submission (#10495)","messageBody":"* Change layout for editing constsum-recipients question\r\n\r\n* Submit MCQ response layout tweak\r\n\r\n* Edit rank-options question layout tweak\r\n\r\n* Submit num-scale response layout tweak\r\n\r\n* Set indentation of all answer forms\r\n\r\n* Lint fix\r\n\r\nCo-authored-by: Ahmed Bahajjaj \u003cAhmed_Bahajjaj@u.nus.edu\u003e","fileTypesAndContributionMap":{"scss":{"insertions":31,"deletions":0},"html":{"insertions":81,"deletions":89}}}]},{"date":"2020-08-03","commitResults":[{"hash":"a479e4ede98680819ee67050bb8962d0d6709311","messageTitle":"[#10243] Button style changes (#10399)","messageBody":"* Add border to btn-light, and convert most btn-secondary to btn-light\r\n\r\n* Change appropriate buttons to success buttons\r\n\r\n* Margin adjustment to all buttons\r\n\r\n* Standardize most button margins\r\n\r\n* Standardize button on panel colors\r\n\r\n* lint and test fix\r\n\r\n* E2E test fix\r\n\r\n* Merge conflict fixes","fileTypesAndContributionMap":{"scss":{"insertions":45,"deletions":43},"html":{"insertions":76,"deletions":77},"ts":{"insertions":3,"deletions":0}}}]},{"date":"2020-08-04","commitResults":[{"hash":"10b7b133f3229b7e78dcf6d2600a3efca4c8e2c8","messageTitle":"[#10537] Fix respondent list sort (#10538)","messageBody":"* Fix bug with existing sorting\r\n\r\n* Add new sorting icon\r\n\r\n* Add margin for modal that calls it","fileTypesAndContributionMap":{"scss":{"insertions":4,"deletions":0},"html":{"insertions":41,"deletions":25},"ts":{"insertions":2,"deletions":0}}},{"hash":"1a2558d5e9a7454fd0b41a478762efc721a85aa9","messageTitle":"[#10526] Make delete session tooltips more detailed (#10539)","messageBody":"Co-authored-by: Ahmed Bahajjaj \u003cAhmed_Bahajjaj@u.nus.edu\u003e","fileTypesAndContributionMap":{"ts":{"insertions":6,"deletions":4}}}]},{"date":"2020-08-05","commitResults":[{"hash":"b05e7823c6a0eaec3aecfd627473ab4d534181c5","messageTitle":"Prevent tooltip from showing on focus (#10540)","messageBody":"Co-authored-by: t-cheepeng \u003ctcp97@hotmail.com\u003e","fileTypesAndContributionMap":{"ts":{"insertions":1,"deletions":0}}},{"hash":"f59ac546e43c105410126a0a7827cc2aafcf3b16","messageTitle":"[#10446] Course instructor edit detail: Styling fixes (#10542)","messageBody":"* Add animation for new instructor panel\r\n\r\n* Fix class doing nothing\r\n\r\n* Adjust google id not available text styling","fileTypesAndContributionMap":{"scss":{"insertions":8,"deletions":0},"html":{"insertions":2,"deletions":2},"ts":{"insertions":2,"deletions":0}}},{"hash":"699ee2b71c231b864c01ccdf0eeac57bb70a2d65","messageTitle":"[#10522] Manually add underline to tooltips (#10546)","messageBody":"* Manually add underline to tooltips\r\n\r\n* Add missing underline to tooltip","fileTypesAndContributionMap":{"scss":{"insertions":1,"deletions":19},"html":{"insertions":65,"deletions":63}}},{"hash":"a34204835f095ec49748575056d114860bf20447","messageTitle":"[#10510][#10346][#10463] Styling fixes (#10547)","messageBody":"* Change dropdown button colors\r\n\r\n* Change blue-text in instructor search page to use standard text color\r\n\r\n* Make fa-stack icons take up less width\r\n\r\n* Submission panel color fix\r\n\r\n* Add gap between recipients for responses\r\n\r\n* Test fix\r\n\r\n* Use margin instead of br","fileTypesAndContributionMap":{"scss":{"insertions":8,"deletions":9},"html":{"insertions":8,"deletions":7}}}]},{"date":"2020-08-06","commitResults":[{"hash":"d612b64fa3dfc5c66e9401d27c073275d1cc9502","messageTitle":"[#10518] [#10391] Animation fixes (#10551)","messageBody":"* Add loading for link recovery\r\n\r\n* Add animation for student record page results\r\n\r\n* Test fix","fileTypesAndContributionMap":{"html":{"insertions":2,"deletions":2},"ts":{"insertions":14,"deletions":1}}},{"hash":"2dd02dd3ff418c914e85851d0fef4dfa9bbca76b","messageTitle":"[#10533] Fix animation at instructor help page (#10554)","messageBody":"","fileTypesAndContributionMap":{"html":{"insertions":34,"deletions":34},"ts":{"insertions":2,"deletions":2}}}]},{"date":"2020-12-06","commitResults":[{"hash":"85cdd9abc46642b46f295e1853d23adfa570d06b","messageTitle":"[#10662] Fix masquerade mode not working for new tabs (#10694)","messageBody":"","fileTypesAndContributionMap":{"java":{"insertions":0,"deletions":32},"html":{"insertions":115,"deletions":115},"ts":{"insertions":225,"deletions":165}}}]}],"Parcly-Taxel":[],"niqiukun":[{"date":"2020-01-19","commitResults":[{"hash":"638fb374561659a1142421d81fe045bb73f08465","messageTitle":"[#9841] Instructor/Courses: Courses recycle bin table overflow if text is too long (#9916)","messageBody":"Co-authored-by: Xiao Pu \u003cxp.xiaopu@gmail.com\u003e\r\n","fileTypesAndContributionMap":{"html":{"insertions":1,"deletions":1}}}]},{"date":"2020-01-20","commitResults":[{"hash":"3efc8fcc29e156d426765a4f38bfb2830fcff2d2","messageTitle":"[#9920] Don\u0027t load all courses again when deleting/archiving courses in InstructorHomePageComponent (#9922)","messageBody":"Co-authored-by: Xiao Pu \u003cxp.xiaopu@gmail.com\u003e\r\n","fileTypesAndContributionMap":{"ts":{"insertions":6,"deletions":2}}}]},{"date":"2020-02-01","commitResults":[{"hash":"553956e58e38a6d73925ab51d6bee5f99c1752e5","messageTitle":"[#9921] Don\u0027t load all courses again when deleting/archiving courses in InstructorCoursesPageComponent (#9923)","messageBody":"* Prevent multiple loading of courses after archiving/deleting courses in courses page\r\n\r\n* Organise various model types into one CourseModel\r\n\r\n* Fix deletion date not assigned after moving the course into recycle bin\r\n\r\n* Make sorting persistent after courses restored from archive\r\n\r\n* Refactor and return deletion timestamp from backend\r\n\r\n* Add test to verify deletion timestamp has been set\r\n","fileTypesAndContributionMap":{"java":{"insertions":6,"deletions":3},"ts":{"insertions":81,"deletions":25}}}]},{"date":"2020-02-16","commitResults":[{"hash":"569635f576a9e6e9b21581e105b70beb383e12ad","messageTitle":"[#9948] Add Cancel Button for Course Editing (#9949)","messageBody":"* Add cancel button for course editing\r\n\r\n* Center save changes button\r\n\r\n* Change variable name from savedCourse to originalCourse\r\n\r\n* Retry testing\r\n\r\nCo-authored-by: Xiao Pu \u003cxp.xiaopu@gmail.com\u003e\r\n","fileTypesAndContributionMap":{"html":{"insertions":8,"deletions":2},"ts":{"insertions":17,"deletions":0}}}]},{"date":"2020-02-27","commitResults":[{"hash":"c8da11f601e6cb97b0660ad493b86a5f94e46556","messageTitle":"[#9302] Support rich text for MCQ option text (#9944)","messageBody":"* Add support for rich text for MCQ options\r\n\r\n* Fix failing tests\r\n\r\n* Fix drag and drop interfering with text editor\r\n\r\n* Fix failing test\r\n\r\n* Customise rich text editor panel for editing MCQ options\r\n\r\n* Fix display of MCQ responses on results page\r\n\r\n* Fix display of MCQ options in additional details\r\n\r\n* Change HTML strip rules for image and table\r\n\r\nCo-authored-by: Xiao Pu \u003cxp.xiaopu@gmail.com\u003e\r\n","fileTypesAndContributionMap":{"scss":{"insertions":43,"deletions":1},"html":{"insertions":32,"deletions":24},"ts":{"insertions":179,"deletions":2}}}]},{"date":"2020-03-30","commitResults":[{"hash":"12f2d08634dcb4da5875613142706cc10d04f542","messageTitle":"[#9950] Prevent form submission to backend when invalid fields defected in frontend (#9953)","messageBody":"* Simple fix to disable submit button when form is invalid\r\n\r\n* Retry testing\r\n\r\nCo-authored-by: Xiao Pu \u003cxp.xiaopu@gmail.com\u003e","fileTypesAndContributionMap":{"html":{"insertions":6,"deletions":1}}}]},{"date":"2020-04-01","commitResults":[{"hash":"cb7a01a88a91f96a515ffda4fea7df8e16622227","messageTitle":"[#9382] Enable downloading of feedback session results as CSV (#9961)","messageBody":"* Enable downloading of feedback session results as csv\r\n\r\n* Create runtime wrapper for ExceedingRangeException\r\n\r\n* Add GetSessionResultsAction Tests\r\n\r\n* Add tests for GetSessionResultsAsCsvAction\r\n\r\n* Enable downloading session results from instructor home page\r\n\r\n* Migrate tests from InstructorFeedbackResultsDownloadActionTest to GetSessionResultsAsCsvActionTest\r\n\r\n* Change return type of containsSectionDetail and group params\r\n\r\n* Remove hardcoded value of `section \u003d\u003d \"All\"`\r\n\r\n* Add test cases for statistics hidden and shown\r\n\r\n* Use custom data bundle for GetSessionResultsAsCsvActionTest\r\n\r\n* Remove param for `ExceedingRangeException` testing\r\n\r\n* Move helper methods to test and change accessibility of inner classes","fileTypesAndContributionMap":{"java":{"insertions":733,"deletions":8},"html":{"insertions":7,"deletions":5},"ts":{"insertions":61,"deletions":0}}}]},{"date":"2020-04-05","commitResults":[{"hash":"5f35ee0592e69640fde47c735088f1d6d39fdd6b","messageTitle":"Fix incorrect disabled flag for student view responses button (#10007)","messageBody":"","fileTypesAndContributionMap":{"html":{"insertions":1,"deletions":1}}}]},{"date":"2020-04-23","commitResults":[{"hash":"cc246d7292435237fbd750f43e64da222cd1739e","messageTitle":"[#9382] Migrate features to session result page (#9992)","messageBody":"* Add download results button UI to session result page\r\n\r\n* Add button to expand/collapse all questions/sections\r\n\r\n* Set timeout to give time for all tabs to expand\r\n\r\n* Add sortable headers to session result page per question view responses\r\n\r\n* Adjust download configuration based on page settings\r\n\r\n* Fix sorting order when a header is first clicked\r\n\r\n* Use table comparator service","fileTypesAndContributionMap":{"scss":{"insertions":18,"deletions":0},"html":{"insertions":51,"deletions":13},"ts":{"insertions":302,"deletions":18}}}]},{"date":"2020-07-20","commitResults":[{"hash":"ffceb18d29bc691230bbef5de14bd0b9051bb9df","messageTitle":"[#10330] Sort newest courses on top on instructor home page (#10361)","messageBody":"","fileTypesAndContributionMap":{"ts":{"insertions":6,"deletions":1}}},{"hash":"67a6636b910e28729491d02adf8d5327f20622d6","messageTitle":"[#10337] Fix instructor edit student details: form fields are not aligned (#10360)","messageBody":"* Fix instructor edit student page label alignment\r\n\r\n* Match snapshot\r\n\r\n* Empty commit","fileTypesAndContributionMap":{"html":{"insertions":6,"deletions":6}}},{"hash":"1ac404a6d199ff19d8c860cde865fad81ddaadc5","messageTitle":"[#10370] Remove extra border around rich text editor (#10371)","messageBody":"","fileTypesAndContributionMap":{"scss":{"insertions":0,"deletions":3}}}]},{"date":"2020-07-21","commitResults":[{"hash":"5b516ce6b98c889a85866c27510cdbde8c14d1a5","messageTitle":"[#10355] Use default order for MCQ response summary (#10369)","messageBody":"","fileTypesAndContributionMap":{"html":{"insertions":1,"deletions":1},"ts":{"insertions":2,"deletions":5}}}]},{"date":"2020-07-22","commitResults":[{"hash":"cba514ec8086caa93f86e1fcc414694bb91f8624","messageTitle":"[#10335] Instructor course details page: add initial sorting to student table (#10363)","messageBody":"* Add initial sorting to student table\r\n\r\n* Update snapshot\r\n\r\n* Update snapshot of instructor course details page\r\n\r\n* Update snapshot of instructor search page\r\n\r\n* Copy students array from input property\r\n\r\n* Move sorting to instructor student list page\r\n\r\n* Add default sort order to sortby function\r\n\r\n* Retry test","fileTypesAndContributionMap":{"html":{"insertions":11,"deletions":6},"ts":{"insertions":70,"deletions":58}}},{"hash":"69fc0b9804067957644130c55f151d9498558f5f","messageTitle":"[#10331] Instructor course page: add sorting to archived/deleted courses (#10362)","messageBody":"* Add sorting to instructor course page archived/deleted courses\r\n\r\n* Update snapshot\r\n\r\n* Fix a bug where newly archived/deleted courses not sorted\r\n\r\n* Update snapshot\r\n\r\nCo-authored-by: Ahmed Bahajjaj \u003cAhmed_Bahajjaj@u.nus.edu\u003e","fileTypesAndContributionMap":{"html":{"insertions":57,"deletions":22},"ts":{"insertions":42,"deletions":10}}},{"hash":"77e35f3b6656ce07bc567e8c101c0750dc4b50de","messageTitle":"[#10372] Remove modal padding and outline around close button while on focus (#10383)","messageBody":"","fileTypesAndContributionMap":{"scss":{"insertions":2,"deletions":26}}},{"hash":"6931510dcf8debae5a68b9cef29fde66af726580","messageTitle":"[#10345] Add header for view role privileges modal (#10373)","messageBody":"* Add header for view role privileges modal\r\n\r\n* Fix tests\r\n\r\n* Remove InstructorRoleTitlePipe and use InstructorRoleNamePipe\r\n\r\n* Move InstructorRoleDescriptionPipe to teammates-common","fileTypesAndContributionMap":{"html":{"insertions":1,"deletions":1},"ts":{"insertions":14,"deletions":9}}},{"hash":"9746ef834a32a72a4c43f58298071e411348b7c4","messageTitle":"[#10351] Instructor session results page: allow entering editing mode directly (#10381)","messageBody":"* Add url param to allow entering edit mode directly\r\n\r\n* Fix lint error\r\n\r\n* Prevent isEditingMode from being undefined","fileTypesAndContributionMap":{"html":{"insertions":1,"deletions":1},"ts":{"insertions":5,"deletions":3}}}]},{"date":"2020-08-11","commitResults":[{"hash":"8125949fc1d2372648f520e4afb495deeef29f1f","messageTitle":"[#10565] Instructor course details page: fix sortable header for student table (#10566)","messageBody":"* Enable sortable header and set initial sorting order\r\n\r\n* Update snapshot","fileTypesAndContributionMap":{"html":{"insertions":2,"deletions":0},"ts":{"insertions":67,"deletions":1}}}]},{"date":"2020-08-13","commitResults":[{"hash":"c30e09f503a96f587848adb8b50ab2809fcacb64","messageTitle":"[#10562][#10520][#10514][#10515][#10513][#10512][#10536] Minor UI fixes (#10567)","messageBody":"* Add icon to add new course button\r\n\r\n* Change student list header to a lighter colour\r\n\r\n* Remove search bar border for instructor home page\r\n\r\n* Tweak layout for instructor student list page\r\n\r\n* Improve instructor session result buttons\r\n\r\n* Use similar style for search bar\r\n\r\n* Update snapshot\r\n\r\n* Tweak spacing in report configuration\r\n","fileTypesAndContributionMap":{"scss":{"insertions":18,"deletions":0},"html":{"insertions":37,"deletions":35}}}]},{"date":"2020-08-17","commitResults":[{"hash":"8765a96b1f652977a1a9453fff1e64c057e44511","messageTitle":"[#10593] Disable view/download session results button according to instructor privilege (#10611)","messageBody":"* Set disabled for view/download session results according to privilege\r\n\r\n* Use ngClass\r\n\r\nCo-authored-by: Ahmed Bahajjaj \u003cAhmed_Bahajjaj@u.nus.edu\u003e","fileTypesAndContributionMap":{"html":{"insertions":4,"deletions":2}}}]},{"date":"2020-08-18","commitResults":[{"hash":"f48c9579da351f9bc68edede51186e004208eb11","messageTitle":"[#10614][#10616] Fix session results page issues (#10617)","messageBody":"* Fix session results page issues\r\n\r\n* Fix lint\r\n\r\n* Use response from endpoint\r\n\r\n* Move TIME_FORMAT outside class and remove if\r\n\r\nCo-authored-by: Ahmed Bahajjaj \u003cAhmed_Bahajjaj@u.nus.edu\u003e","fileTypesAndContributionMap":{"scss":{"insertions":9,"deletions":0},"html":{"insertions":5,"deletions":3},"ts":{"insertions":16,"deletions":5}}}]}],"openorclose":[],"yash-chowdhary":[],"Tejas2805":[],"dvrylc":[{"date":"2020-01-14","commitResults":[{"hash":"7619ce905d01c91f1371dd4dd8f6d1cc1b40df1e","messageTitle":"[#9761] Feedback Session Edit: Button names should be more appropriate (#9910)","messageBody":"* Improve button labels when editing feedback session questions\r\n\r\n* Add snapshot\r\n\r\nCo-authored-by: Xiao Pu \u003cacesscp@gmail.com\u003e\r\n","fileTypesAndContributionMap":{"html":{"insertions":5,"deletions":5},"ts":{"insertions":19,"deletions":0}}}]},{"date":"2020-02-05","commitResults":[{"hash":"8d627b6a2c4c4fbc0380d19e39a6857e6eaf47e7","messageTitle":"[#9688] Resolve TinyMCE conflicts with Snapshot tests (#9932)","messageBody":"* Add helper for mocking TinyMCE UUID\r\n\r\n* Update app tsconfig to exclude test helpers\r\n\r\n* Refactor function import/export\r\n\r\nCo-authored-by: Xiao Pu \u003cxp.xiaopu@gmail.com\u003e\r\n","fileTypesAndContributionMap":{"ts":{"insertions":22,"deletions":14}}}]},{"date":"2020-02-06","commitResults":[{"hash":"fcf52e5530b340f54bfb5ffc86ee9f802a49d34b","messageTitle":"[#9382] Add tests for RestoreFeedbackSessionAction (#9934)","messageBody":"* Add tests for RestoreFeedbackSessionAction\r\n\r\n* Improve test structure\r\n\r\nCo-authored-by: Xiao Pu \u003cxp.xiaopu@gmail.com\u003e\r\n","fileTypesAndContributionMap":{"java":{"insertions":64,"deletions":2}}}]},{"date":"2020-03-16","commitResults":[{"hash":"8ce800938faed1da40baf7bea2d9795debfb3b80","messageTitle":"[#9946] Migration to new RESTful search endpoints - Students (#9979)","messageBody":"* Implement search student endpoint\r\n\r\n* Implement instructors search endpoint (#2)\r\n\r\n* Add instructor search endpoint\r\n\r\n* Add tests\r\n\r\n* Switch from SearchInstructorsData to InstructorsData (#6)\r\n\r\n* Switch from SearchStudentsData to StudentsData (#7)\r\n\r\n* Allow travis to build search migration branch (#5)\r\n\r\n* Implement sessions search endpoint (#3)\r\n\r\n* Add sessions search endpoint\r\n\r\n* Add tests\r\n\r\n* Fix lint errors\r\n\r\n* Add course endpoint (#8)\r\n\r\n* Implement Links Endpoint (#4)\r\n\r\n* Add googleId  field to StudentData (#9)\r\n\r\n* Add googleid to studentdata\r\n\r\n* Add nullable to student data\r\n\r\n* Improve search response classes (#12)\r\n\r\n* Improve students endpoint classes\r\n\r\n* Move joinState attribute from common to student\r\n\r\n* Improve instructors endpoint classes\r\n\r\n* Revert \"Add googleId  field to StudentData (#9)\"\r\n\r\nThis reverts commit b5d46cabc092bf3bedc429ae1c771515bf149606.\r\n\r\n* Revert unnecessary InstructorData changes\r\n\r\n* Fix typo\r\n\r\n* Make joinState common\r\n\r\n* Make names sane again\r\n\r\n* Remove unused setters\r\n\r\n* Standardize search endpoints (#13)\r\n\r\n* Improve course endpoint class names\r\n\r\n* Improve links endpoint class names\r\n\r\n* Improve sessions endpoint class names\r\n\r\n* Standardize comments\r\n\r\n* Fix import order\r\n\r\n* Revert travis config\r\n\r\n* Split PR\r\n\r\n* Revert to existing response classes\r\n\r\n* Allow some attributes to be optional\r\n\r\n* Improve information hiding logic\r\n\r\n* Improve resource name\r\n\r\nCo-authored-by: Joshua Wong \u003cjoshwonghc@gmail.com\u003e","fileTypesAndContributionMap":{"java":{"insertions":242,"deletions":10}}},{"hash":"c2d26d4ae41381142beb72b3fda53eabab67bcfd","messageTitle":"[#9946] Migration to new RESTful search endpoints - Instructors (#9982)","messageBody":"* Implement search student endpoint\r\n\r\n* Implement instructors search endpoint (#2)\r\n\r\n* Add instructor search endpoint\r\n\r\n* Add tests\r\n\r\n* Switch from SearchInstructorsData to InstructorsData (#6)\r\n\r\n* Switch from SearchStudentsData to StudentsData (#7)\r\n\r\n* Allow travis to build search migration branch (#5)\r\n\r\n* Implement sessions search endpoint (#3)\r\n\r\n* Add sessions search endpoint\r\n\r\n* Add tests\r\n\r\n* Fix lint errors\r\n\r\n* Add course endpoint (#8)\r\n\r\n* Implement Links Endpoint (#4)\r\n\r\n* Add googleId  field to StudentData (#9)\r\n\r\n* Add googleid to studentdata\r\n\r\n* Add nullable to student data\r\n\r\n* Improve search response classes (#12)\r\n\r\n* Improve students endpoint classes\r\n\r\n* Move joinState attribute from common to student\r\n\r\n* Improve instructors endpoint classes\r\n\r\n* Revert \"Add googleId  field to StudentData (#9)\"\r\n\r\nThis reverts commit b5d46cabc092bf3bedc429ae1c771515bf149606.\r\n\r\n* Revert unnecessary InstructorData changes\r\n\r\n* Fix typo\r\n\r\n* Make joinState common\r\n\r\n* Make names sane again\r\n\r\n* Remove unused setters\r\n\r\n* Standardize search endpoints (#13)\r\n\r\n* Improve course endpoint class names\r\n\r\n* Improve links endpoint class names\r\n\r\n* Improve sessions endpoint class names\r\n\r\n* Standardize comments\r\n\r\n* Fix import order\r\n\r\n* Revert travis config\r\n\r\n* Split PR\r\n\r\n* Revert to existing response classes\r\n\r\n* Fix lint\r\n\r\n* Improve information hiding logic\r\n\r\n* Improve resource name\r\n\r\nCo-authored-by: Joshua Wong \u003cjoshwonghc@gmail.com\u003e\r\nCo-authored-by: Xiao Pu \u003cxp.xiaopu@gmail.com\u003e","fileTypesAndContributionMap":{"java":{"insertions":190,"deletions":3},"ts":{"insertions":11,"deletions":3}}}]},{"date":"2020-04-11","commitResults":[{"hash":"e311529371a4cf273fc6e4d700e86c8f800e1920","messageTitle":"[#9946] Migration to new RESTful search endpoints - Instructor search service (#9995)","messageBody":"* Implement instructor search service\r\n\r\n* Add tests for instructor search service\r\n\r\n* Make privilege fetching deterministic\r\n\r\n* Update tests\r\n\r\n* Use instructor service instead of direct request","fileTypesAndContributionMap":{"html":{"insertions":0,"deletions":18},"ts":{"insertions":344,"deletions":93}}}]}],"j-lum":[],"iskandarzulkarnaien":[],"xantho09":[],"0blivious":[],"hcwong":[{"date":"2020-01-14","commitResults":[{"hash":"4955ddc8eb3450c196ea05a88669db891a0f65fc","messageTitle":"[#9898] All records page does not show profile picture (#9901)","messageBody":"* Fix bug\r\n\r\n* Fix lint error\r\n\r\n* Add snapshot\r\n\r\n* add assert statement for url\r\n\r\n* Fix bug\r\n\r\n* Add populated snapshot\r\n\r\n* Fix test\r\n\r\nCo-authored-by: Xiao Pu \u003cacesscp@gmail.com\u003e\r\n","fileTypesAndContributionMap":{"ts":{"insertions":39,"deletions":3}}}]},{"date":"2020-01-23","commitResults":[{"hash":"3c8d6071f1bb9b54d4d2f8cde8cd7a6baf0643e7","messageTitle":"[#9679] Instructor: Preview Sessions Submission Page\u0027s navbar covers some content on the page (#9926)","messageBody":"* Fix the navbar covering content\r\n\r\n* Make navbar div to go into main content container\r\n\r\n* Remove unused variable\r\n","fileTypesAndContributionMap":{"scss":{"insertions":0,"deletions":4},"html":{"insertions":6,"deletions":6}}}]},{"date":"2020-02-02","commitResults":[{"hash":"01a717c4b67fef90b8e18c8b36df1415a421cb36","messageTitle":"[#9382] Add ActionFactoryTest (#9931)","messageBody":"* WIP ActionFactoryTest\r\n\r\n* Add more tests for ActionFactory\r\n\r\n* Add newline at end\r\n\r\n* Add comment\r\n\r\n* Fix lint errors\r\n\r\n* Fix comments\r\n\r\nCo-authored-by: Xiao Pu \u003cxp.xiaopu@gmail.com\u003e\r\n","fileTypesAndContributionMap":{"java":{"insertions":53,"deletions":0}}}]},{"date":"2020-02-28","commitResults":[{"hash":"3d63185659edd46eb457026d3b7212e05740c6b8","messageTitle":"[#9642] Feedback sessions with # or ? in their name can\u0027t be edited. (#9925)","messageBody":"","fileTypesAndContributionMap":{"ts":{"insertions":55,"deletions":23}}}]},{"date":"2020-03-07","commitResults":[{"hash":"0d17cc55175c6edf9957af715748a455491133b9","messageTitle":"[#9773] Student course detail page: Standardize picture size and title length (#9938)","messageBody":"* Standardize profile picture on student view team\r\n\r\n* Add max-height element\r\n\r\nCo-authored-by: Xiao Pu \u003cxp.xiaopu@gmail.com\u003e","fileTypesAndContributionMap":{"scss":{"insertions":2,"deletions":1}}}]},{"date":"2020-03-20","commitResults":[{"hash":"7961e89d556fa127d8854597b532a229fd4e9fd0","messageTitle":"[#9939] View Team on Student Page does not show teammates details (#9942)","messageBody":"* Fix names not showing\r\n\r\n* Fix lint\r\n\r\n* Update snapshot\r\n\r\n* Do not show long term email\r\n\r\n* Hide some fields that should not be shown to students\r\n\r\n* Fix lint error\r\n\r\n* Fix comments\r\n\r\n* Fix linter errors\r\n\r\n* Fix failing test\r\n\r\nCo-authored-by: Joanne Ong \u003cjoanneongcf@u.nus.edu\u003e","fileTypesAndContributionMap":{"java":{"insertions":15,"deletions":0},"html":{"insertions":3,"deletions":1},"ts":{"insertions":7,"deletions":3}}}]},{"date":"2020-04-07","commitResults":[{"hash":"3f9494cfe77ed525084b26f7d8d62986adf37ce0","messageTitle":"[#9946] Add additional fields for Instructor Search Migration  (#9991)","messageBody":"* Add institute and key to InstructorData\r\n\r\n* Fix logic\r\n\r\n* Make institute nullable\r\n\r\n* Neaten code\r\n\r\n* Refactor code\r\n\r\nCo-authored-by: Daryl Chan \u003c6095637+dvrylc@users.noreply.github.com\u003e\r\n\r\n* Fix comments\r\n\r\n* Remove O(n^2) calls\r\n\r\n* Add comment on key\r\n\r\n* Fix comments\r\n\r\n* Fix comment\r\n\r\n* Fix comments\r\n\r\n* Retrigger travis\r\n\r\n* retrigger travis again again\r\n\r\n* Retrigger travis x3\r\n\r\nCo-authored-by: Daryl Chan \u003c6095637+dvrylc@users.noreply.github.com\u003e","fileTypesAndContributionMap":{"java":{"insertions":75,"deletions":4}}},{"hash":"b4010c49d817d509c62760d075029c40e33e956b","messageTitle":"[#9946] Add additional fields for Student Search Migration (#9990)","messageBody":"* Implement search student endpoint\r\n\r\n* Implement instructors search endpoint (#2)\r\n\r\n* Add instructor search endpoint\r\n\r\n* Add tests\r\n\r\n* Switch from SearchInstructorsData to InstructorsData (#6)\r\n\r\n* Switch from SearchStudentsData to StudentsData (#7)\r\n\r\n* Allow travis to build search migration branch (#5)\r\n\r\n* Implement sessions search endpoint (#3)\r\n\r\n* Add sessions search endpoint\r\n\r\n* Add tests\r\n\r\n* Fix lint errors\r\n\r\n* Add course endpoint (#8)\r\n\r\n* Implement Links Endpoint (#4)\r\n\r\n* Add googleId  field to StudentData (#9)\r\n\r\n* Add googleid to studentdata\r\n\r\n* Add nullable to student data\r\n\r\n* Improve search response classes (#12)\r\n\r\n* Improve students endpoint classes\r\n\r\n* Move joinState attribute from common to student\r\n\r\n* Improve instructors endpoint classes\r\n\r\n* Revert \"Add googleId  field to StudentData (#9)\"\r\n\r\nThis reverts commit b5d46cabc092bf3bedc429ae1c771515bf149606.\r\n\r\n* Revert unnecessary InstructorData changes\r\n\r\n* Fix typo\r\n\r\n* Make joinState common\r\n\r\n* Make names sane again\r\n\r\n* Remove unused setters\r\n\r\n* Standardize search endpoints (#13)\r\n\r\n* Improve course endpoint class names\r\n\r\n* Improve links endpoint class names\r\n\r\n* Improve sessions endpoint class names\r\n\r\n* Standardize comments\r\n\r\n* Fix import order\r\n\r\n* Revert travis config\r\n\r\n* Split PR\r\n\r\n* Revert to existing response classes\r\n\r\n* Allow some attributes to be optional\r\n\r\n* Improve information hiding logic\r\n\r\n* Add key and institute field to students\r\n\r\n* Improve resource name\r\n\r\n* Fix rebase issues\r\n\r\n* lint\r\n\r\n* Fix str equality\r\n\r\nCo-authored-by: Daryl Chan \u003c6095637+dvrylc@users.noreply.github.com\u003e\r\n\r\n* Add mapping for courseId to instructorId\r\n\r\nCo-authored-by: Daryl Chan \u003c6095637+dvrylc@users.noreply.github.com\u003e\r\n\r\n* Fix some comments\r\n\r\n* Move key generation logic to studentData\r\n\r\n* Modify to avoid O(n^2) calls\r\n\r\n* Hide Key for instructor\r\n\r\n* Fix comments\r\n\r\n* Add helpful comment\r\n\r\n* Fix comments\r\n\r\n* Fix comments again\r\n\r\n* Rebuild travis\r\n\r\nCo-authored-by: Daryl Chan \u003c6095637+dvrylc@users.noreply.github.com\u003e\r\nCo-authored-by: Daryl Chan \u003cdckj95@gmail.com\u003e","fileTypesAndContributionMap":{"java":{"insertions":100,"deletions":7}}}]},{"date":"2020-04-12","commitResults":[{"hash":"e01257fdd6870d5b9c569c26e55e33f6ad6a1875","messageTitle":"[#9946] Migration to new RESTful search endpoints - Admin search service (#9998)","messageBody":"","fileTypesAndContributionMap":{"ts":{"insertions":790,"deletions":12}}}]},{"date":"2020-04-21","commitResults":[{"hash":"a6b826d357f0aa4b8236e877e2e7788c1168ece6","messageTitle":"[#9946] Migrate to new admin search endpoint (#10018)","messageBody":"","fileTypesAndContributionMap":{"java":{"insertions":28,"deletions":523},"ts":{"insertions":56,"deletions":34}}}]}],"ang-zeyu":[],"geshuming":[],"alyip98":[],"nbriannl":[],"tiuweehan":[{"date":"2020-01-14","commitResults":[{"hash":"3939686df39c47bf4920ef8919b07753a68456d2","messageTitle":"[#9906] Refactor Intent to be a type (#9908)","messageBody":"* Move Intent to types\r\n\r\n* Fix linting issues\r\n\r\nCo-authored-by: Xiao Pu \u003cacesscp@gmail.com\u003e\r\n","fileTypesAndContributionMap":{"ts":{"insertions":10,"deletions":10}}},{"hash":"36944e6154c7595a681cd10b8850a022498a4315","messageTitle":"[#9902] Replace src/web/types/gender.ts with Gender in api-output.ts (#9909)","messageBody":"* Refactor Gender\r\n\r\n* Fix linting issues\r\n\r\nCo-authored-by: Xiao Pu \u003cacesscp@gmail.com\u003e\r\n","fileTypesAndContributionMap":{"ts":{"insertions":10,"deletions":36}}}]},{"date":"2020-01-23","commitResults":[{"hash":"34b2d22e679451e5952ac394e4ff18fa21cc1a5f","messageTitle":"[#9903] Replace src/web/app/pages-instructor/student-profile/student-profile.ts with StudentProfile in api-output.ts (#9928)","messageBody":"","fileTypesAndContributionMap":{"ts":{"insertions":6,"deletions":24}}}]},{"date":"2020-02-06","commitResults":[{"hash":"c0bf6a4e581b738a4b8be8c93989a2cd4fe3e829","messageTitle":"[#9919] Remove HttpRequestService dependency from UploadEditProfilePictureModalComponent (#9937)","messageBody":"* Remove HttpRequestDependency from UploadEditProfilePictureModalComponent\r\n\r\n* Flatten nesting of callbacks\r\n\r\n* Code cleanup\r\n\r\n* Update Student Profile Page Snapshot\r\n\r\n* Consolidate pipe\r\n\r\n* Migrate profile picture methods to student profile service\r\n\r\n* Fix failing tests\r\n\r\n* Refactor to throw error when image not uploaded\r\n\r\n* Fix linting issue\r\n\r\n* Use string literals\r\n","fileTypesAndContributionMap":{"ts":{"insertions":76,"deletions":36}}}]},{"date":"2020-02-16","commitResults":[{"hash":"004e6a0e948941aef0a5fa0c9c08a4bb350266f9","messageTitle":"[#9952] Standardize Student Api Endpoints (#9951)","messageBody":"* Add Nationalities Service\r\n\r\n* Update tests for NationalitiesService\r\n\r\n* Remove HttpRequestService from student home page\r\n\r\n* Remove HttpRequestService from student course details\r\n\r\n* Add test for nationalities service\r\n\r\n* Remove HttpRequestService from course join page\r\n\r\n* Add API Endpoints for resources\r\n\r\n* Add tests for NationalitiesService\r\n\r\n* Add Instructor service tests\r\n\r\n* Fix java linting issues\r\n\r\n* Add tests for courses service\r\n\r\n* Refactor Course Service to use api-endpoints\r\n\r\n* Refactor URIs to use Resource Endpoints in api-endpoints\r\n\r\n* fix e2e tests\r\n","fileTypesAndContributionMap":{"java":{"insertions":76,"deletions":0},"ts":{"insertions":293,"deletions":66}}}]},{"date":"2020-03-07","commitResults":[{"hash":"55f1f66cb2c74d266dcbdd5058703cfd6b3611f8","messageTitle":"[#9940] Instructor module: standardize API endpoints, remove HttpRequestService (#9972)","messageBody":"* Create unpublishFeedbackSession in feedback session service\r\n\r\n* Refactor URI string literals\r\n\r\n* Add all API endpoints\r\n\r\n* Remove HttpRequestService from instructor-student-list-page\r\n\r\n* Refactor load instructor privilege\r\n\r\n* Remove HttpRequestService from instructor-session-base-page\r\n\r\n* Remove HttpRequestService from instructor sessions\r\n\r\n* Add tests for course and questions service\r\n\r\n* Add sessions and instructor tests\r\n\r\n* Remove Cron job and Legacy API endpoints\r\n\r\n* Refactor to not pass model as parameter\r\n\r\n* Remove WebPageEndpoints\r\n\r\n* Move optionals to an object parameter","fileTypesAndContributionMap":{"java":{"insertions":1,"deletions":0},"ts":{"insertions":484,"deletions":227}}}]},{"date":"2020-03-25","commitResults":[{"hash":"48fbb31c64826d2c5bca9e8f01a9cf7961b195c2","messageTitle":"[#9940] Refactor remaining instructor endpoints (#9978)","messageBody":"* Remove HttpRequestService from instructor course edit page\r\n\r\n* Remove HttpRequestService from instructor course details page\r\n\r\n* Remove HttpRequestService from instructor courses page\r\n\r\n* Remove HttpRequestService from course enroll and search pages\r\n\r\n* Remove HttpRequestService from student edit page\r\n\r\n* Add tests for CourseService\r\n\r\n* Add tests for FeedbackSessionsService\r\n\r\n* Add tests for InstructorService\r\n\r\n* Add tests for StudentService\r\n\r\n* Update params to be lowercase","fileTypesAndContributionMap":{"ts":{"insertions":685,"deletions":329}}}]},{"date":"2020-04-05","commitResults":[{"hash":"23ea7c3b15640afe902e4366787c56779f71600d","messageTitle":"[#9940] Refactor Admin Endpoints (#10004)","messageBody":"* Refactor admin endpoints for sessions page\r\n\r\n* Refactor admin endpoints for submissions page\r\n\r\n* Add Error reporting service\r\n\r\n* Refactor admin endpoints for recovery and submissions page\r\n\r\n* Refactor admin DELETE endpoints\r\n\r\n* Add dummy value to test\r\n\r\n* Fix minor syntax issues","fileTypesAndContributionMap":{"ts":{"insertions":499,"deletions":213}}}]},{"date":"2020-04-19","commitResults":[{"hash":"af1f53827a58ebff25f2319467d74f00b1f26376","messageTitle":"[#9963] Typescript Utility Types and Resource Endpoints (#10014)","messageBody":"* Refactor Account Service\r\n\r\n* Refactor Auth Service\r\n\r\n* Refactor Course Service\r\n\r\n* Refactor Feedback Services\r\n\r\n* Refactor HttpRequestService\r\n\r\n* Refactor Services\r\n\r\n* Refactor remaining files","fileTypesAndContributionMap":{"ts":{"insertions":189,"deletions":169}}}]}],"madanalogy":[{"date":"2019-12-11","commitResults":[{"hash":"e54f2d6bd7c27924cda4d3b57bac5cae7e3451b6","messageTitle":"[#9740] Fix Instructor Homepage UI (#9893)","messageBody":"* removed static height declaration\r\n\r\n* updated instructor-home-page test snapshot\r\n\r\n* removed height declaration in css\r\n","fileTypesAndContributionMap":{"scss":{"insertions":0,"deletions":4},"html":{"insertions":1,"deletions":1}}}]},{"date":"2020-01-16","commitResults":[{"hash":"021db57bd3ee4cb25a7ad75bb3ad63c8aa053076","messageTitle":"[#9911] Auto-sync API output type: ConfirmationResponse (#9914)","messageBody":"","fileTypesAndContributionMap":{"java":{"insertions":42,"deletions":31},"ts":{"insertions":2,"deletions":20}}}]},{"date":"2020-01-28","commitResults":[{"hash":"07fa66b5302f5ebb7d55e24b7c655a01da3e24eb","messageTitle":"[#9886] Login Dropdown List is Not Positioned Properly (#9924)","messageBody":"* Fix Login Dropdown List\r\n\r\n* Fix dropdown when logged in\r\n","fileTypesAndContributionMap":{"html":{"insertions":2,"deletions":2}}}]},{"date":"2020-02-01","commitResults":[{"hash":"ec3456d086142482aa9fab4a942d82a698db182a","messageTitle":"[#9918] Remove HttpRequestService dependency from StudentListComponent (#9927)","messageBody":"* Remove HttpRequestService dependency from StudentList\r\n\r\n* Move method invocation to StudentService\r\n\r\n* Move student deletion to courseService\r\n\r\n* Move removeStudentFromCourse method invocation to parent component\r\n\r\nCo-authored-by: Xiao Pu \u003cxp.xiaopu@gmail.com\u003e\r\n","fileTypesAndContributionMap":{"html":{"insertions":6,"deletions":3},"ts":{"insertions":51,"deletions":18}}}]},{"date":"2020-02-11","commitResults":[{"hash":"87f9c7180f17083161986b3311cf3785e32a8494","messageTitle":"[#9382] Add Access Control Tests for UpdateFeedbackResponseAction (#9930)","messageBody":"* Prepare draft test code\r\n\r\n* Implement generic access control tests\r\n\r\n* Implement access control tests with update requests\r\n\r\n* Refactor test helpers and test cases\r\n\r\n* Add additional test cases\r\n\r\n* Refactor static variables to local scope\r\n\r\n* Edit containsQuestionNotForInstructor for clarity\r\n\r\n* Refactor verifyAccess method signatures to more generic request\r\n","fileTypesAndContributionMap":{"java":{"insertions":428,"deletions":14}}}]},{"date":"2020-02-27","commitResults":[{"hash":"6b16f366e9085b5e0ae889f7f8edd4935a652886","messageTitle":"[#9382] Add AccountService Tests (#9964)","messageBody":"* Add AccountService Tests\r\n\r\n* Reorder test cases\r\n\r\n* Remove node modules for travis\r\n\r\n* Revert commit 4d62b49a \"Remove node modules for travis\"\r\n","fileTypesAndContributionMap":{"ts":{"insertions":83,"deletions":6}}}]},{"date":"2020-02-28","commitResults":[{"hash":"87980378a4f0575c3fe3066bc94a41e683757929","messageTitle":"[#9382] Add MasqueradeModeService Tests (#9955)","messageBody":"","fileTypesAndContributionMap":{"ts":{"insertions":30,"deletions":7}}}]},{"date":"2020-03-16","commitResults":[{"hash":"85cda0bd6ef5ec058dd8f592acbba424d38efe02","messageTitle":"[#9419] Add form validation to course edit (#9975)","messageBody":"* Initial Implementation\r\n\r\n* Working Implementation\r\n\r\n* Fix lint error\r\n\r\n* Changed look and feel of error message\r\n\r\n* Removed validation from timezone\r\n\r\n* Removed validation from Course ID\r\n\r\nCo-authored-by: Xiao Pu \u003cxp.xiaopu@gmail.com\u003e","fileTypesAndContributionMap":{"scss":{"insertions":4,"deletions":0},"html":{"insertions":17,"deletions":8},"ts":{"insertions":24,"deletions":1}}}]},{"date":"2020-03-18","commitResults":[{"hash":"f208a3a6690e913581d69096335d5f3213e0f2dc","messageTitle":"[#9382] Add StudentProfileService Tests (#9985)","messageBody":"* Draft Implementation\r\n\r\n* Add all test cases\r\n\r\n* Add test case","fileTypesAndContributionMap":{"ts":{"insertions":80,"deletions":6}}}]},{"date":"2020-03-23","commitResults":[{"hash":"dcac5dad2da0654e013a52959992170b41e385ba","messageTitle":"[#4854] Add Instructor Institution Validation (#9912)","messageBody":"","fileTypesAndContributionMap":{"java":{"insertions":170,"deletions":20},"html":{"insertions":7,"deletions":4},"ts":{"insertions":13,"deletions":4}}}]},{"date":"2020-04-10","commitResults":[{"hash":"440051d789678bb732533241f182d9876dbd04a6","messageTitle":"[#9382] Add CourseService Tests (#10005)","messageBody":"* Initial addition of test cases\r\n\r\n* Add test cases to cover all service methods","fileTypesAndContributionMap":{"ts":{"insertions":178,"deletions":2}}}]},{"date":"2020-05-18","commitResults":[{"hash":"d45824aca164bc783f148ea7d1de03b41dd7c340","messageTitle":"[#9382] Fix typo (#10063)","messageBody":"","fileTypesAndContributionMap":{"html":{"insertions":1,"deletions":1}}}]},{"date":"2020-05-19","commitResults":[{"hash":"2b4e2e5e987750a877a429c4241eef3884518083","messageTitle":"[#9382] Add essay question example box (#10071)","messageBody":"* Fix typo\r\n\r\n* Add example essay question\r\n\r\n* Add test dependencies","fileTypesAndContributionMap":{"html":{"insertions":7,"deletions":1},"ts":{"insertions":52,"deletions":2}}}]},{"date":"2020-05-20","commitResults":[{"hash":"71126bfc516a065afac2988f057c257bbfab95dd","messageTitle":"[#9382] Add TODO for Tests (Java) (#10039)","messageBody":"* Add todo for java tests\r\n\r\n* Revert auto changes\r\n\r\n* Reflect addition in #10061\r\n\r\n* Fix typo","fileTypesAndContributionMap":{"java":{"insertions":9,"deletions":4}}}]},{"date":"2020-05-23","commitResults":[{"hash":"361f5753b809574fe61f8dcebd4c3405f8965119","messageTitle":"[#9989] Migrate GET /courses/enroll/students to RESTful API (#10095)","messageBody":"* Migrate course enroll students endpoint\r\n\r\n* Remove endpoint references\r\n\r\n* Move method to student.service.ts\r\n\r\n* Remove unused import\r\n\r\n* Remove use of StudentAttributes","fileTypesAndContributionMap":{"java":{"insertions":1,"deletions":131},"ts":{"insertions":16,"deletions":48}}}]},{"date":"2020-05-26","commitResults":[{"hash":"0e168752753ffdd1f1a85e71c15878edb5ae9a1d","messageTitle":"[#10104] Append team name to participants name (#10117)","messageBody":"* Add usersToTeams map for grq-rgq-view-responses.component\r\n\r\n* Fix empty bracket bug\r\n\r\n* Convert string literals to template string\r\n\r\n* Move formatting to html\r\n\r\n* Move fromTo logic to ts file\r\n\r\n* Apply suggestions from code review\r\n\r\n* Fix lint errors\r\n\r\n* Update src/web/app/components/question-responses/grq-rgq-view-responses/grq-rgq-view-responses.component.html\r\n\r\nCo-authored-by: Xiao Pu \u003cxp.xiaopu@gmail.com\u003e\r\n\r\nCo-authored-by: Xiao Pu \u003cxp.xiaopu@gmail.com\u003e","fileTypesAndContributionMap":{"html":{"insertions":3,"deletions":3},"ts":{"insertions":22,"deletions":8}}}]},{"date":"2020-05-29","commitResults":[{"hash":"54ac9c7d070594f062a174c83f2e7ef7dc2c8f0a","messageTitle":"[#10109] Add all responses for student in records page (#10129)","messageBody":"* Initial implementation from #9798\r\n\r\n* Add additional grq-rgq-view\r\n\r\n* Add instructor comments\r\n\r\n* Revert to single question set\r\n\r\n* Revert to double question set\r\n\r\n* Remove unnecessary initial filter\r\n\r\n* Apply suggestions from code review\r\n\r\nCo-authored-by: Xiao Pu \u003cxp.xiaopu@gmail.com\u003e","fileTypesAndContributionMap":{"html":{"insertions":18,"deletions":3},"ts":{"insertions":139,"deletions":5}}}]},{"date":"2020-06-01","commitResults":[{"hash":"db2dde3e7cab67837132ca908ac9ae04e11c929e","messageTitle":"[#10109] Add response comment CRUD operations (#10138)","messageBody":"* Add response comment CRUD operations\r\n\r\n* Extract duplicate functions into common parent class\r\n\r\n* Fix typo in preprocessComments\r\n\r\n* Fix method documentation alignment\r\n\r\n* Remove access modifiers for inherited services\r\n\r\n* Fix tslint comment indentations","fileTypesAndContributionMap":{"html":{"insertions":2,"deletions":0},"ts":{"insertions":163,"deletions":123}}}]},{"date":"2020-06-05","commitResults":[{"hash":"331664bd87c176b2a69a27e616d94a0bdc285d40","messageTitle":"[#10140] Add comment search functionality in the backend (#10150)","messageBody":"* Refactor resource endpoints and define API output format\r\n\r\n* Utilise FeedbackResponseCommentSearchResultBundle to build CommentSearchResultsData\r\n\r\n* Add documentation to searchComments method\r\n\r\n* Implement SearchCommentsAction and clean up unused action\r\n\r\n* Implement logical skeleton for data transform\r\n\r\n* Implement data transform to output logic\r\n\r\n* Fix checkstyle errors for SearchCommentsAction\r\n\r\n* Fix non executing test cases\r\n\r\n* Clean up code style and documentation\r\n\r\n* Fix imports for search action test files\r\n\r\n* Add documentation to explain null CommentOutput\r\n\r\n* Add response details when building ResponseOutput\r\n\r\n* Convert code comments to javadocs and fix name email mismatch\r\n\r\n* Add unit tests, change access to instructors only","fileTypesAndContributionMap":{"java":{"insertions":295,"deletions":242},"ts":{"insertions":15,"deletions":2}}}]},{"date":"2020-06-08","commitResults":[{"hash":"632ed5dc1c24cdebd60b3c1395f005ee311da01c","messageTitle":"[#10144] Add comment search result example box (#10175)","messageBody":"","fileTypesAndContributionMap":{"html":{"insertions":4,"deletions":2},"ts":{"insertions":41,"deletions":3}}}]},{"date":"2020-06-20","commitResults":[{"hash":"c98e6b1a1f0860a61d86356117497557f093e652","messageTitle":"[#10176] Fix Admin Search Issues from UAT (#10199)","messageBody":"* Implement all fixes for UAT issues\n\n* Add admin-search-page.component.spec.ts tests\n\n* Add modal confirmation to e2e test\n\n* Fix getStudentRow and getInstructorRow xpath format\n\n* Fix indentation and add course tooltip\n\n* Fix e2e test for tooltip addition\n\n* Fix import order for lint","fileTypesAndContributionMap":{"java":{"insertions":22,"deletions":4},"scss":{"insertions":0,"deletions":0},"html":{"insertions":52,"deletions":7},"ts":{"insertions":124,"deletions":13}}},{"hash":"95ec1381dde069b965606b28283920a57e63e1e3","messageTitle":"[#10176] UAT: Fix Instructor Search Page (#10207)","messageBody":"* Add input validation to instructor-search-bar\r\n\r\n* Add open in new tab for action buttons\r\n\r\n* Move validation to parent and update snapshot\r\n\r\n* Update snapshots and instructor-search-bar.component.scss\r\n\r\n* Fix guard clause indentation","fileTypesAndContributionMap":{"scss":{"insertions":4,"deletions":0},"html":{"insertions":9,"deletions":2},"ts":{"insertions":4,"deletions":0}}}]},{"date":"2020-06-29","commitResults":[{"hash":"5aecda4eafb3648fca65e3569d2d573b33fbe75b","messageTitle":"[#9993] Add Access Control Tests for Actions from API Endpoints (#10231)","messageBody":"* Set up base access control modifications\r\n\r\n* Add Instructor CRUD Tests\r\n\r\n* Add Student CRUD Tests\r\n\r\n* Add Course CRUD Tests\r\n\r\n* Add FeedbackSession CRUD Tests\r\n\r\n* Add FeedbackQuestion CRUD Tests\r\n\r\n* Add FeedbackResponse CRUD Tests\r\n\r\n* Add Session Results \u0026 Submission Tests","fileTypesAndContributionMap":{"java":{"insertions":760,"deletions":192}}}]},{"date":"2020-06-30","commitResults":[{"hash":"fc3fc9bdc2a8368f92aaf1377459eb46663fab36","messageTitle":"[#10220] Migrate Student List CSV Generation to Frontend (#10235)","messageBody":"* Implement student list csv generation in frontend\r\n\r\n* Add snapshot tests for student list csv generation\r\n\r\n* Remove student list csv generation from backend\r\n\r\n* Add sort logic to csv generation\r\n\r\n* Add http request test for csv generation\r\n\r\n* Refactor service methods and tests\r\n\r\n* Add last names to all test students","fileTypesAndContributionMap":{"java":{"insertions":0,"deletions":253},"ts":{"insertions":72,"deletions":28}}}]},{"date":"2020-07-01","commitResults":[{"hash":"0abdd43da065eb8ed25b7ac4fbe63d66eb224ff1","messageTitle":"[#10263] Clean up endpoint access control (#10266)","messageBody":"* Clean up endpoint access control\r\n\r\n* Set search comments access to only instructors","fileTypesAndContributionMap":{"java":{"insertions":22,"deletions":25}}}]},{"date":"2020-07-06","commitResults":[{"hash":"1557c7294c47e96ce92119677aaf3ff3d792cb65","messageTitle":"[#10245] UAT Fix: Instructor Search Page (#10273)","messageBody":"* Fix instructor student search as admin\r\n\r\n* Move entity param validation to execute","fileTypesAndContributionMap":{"java":{"insertions":43,"deletions":6},"ts":{"insertions":6,"deletions":4}}}]},{"date":"2020-07-08","commitResults":[{"hash":"05f722b5c7fb7a9da70aba900b744a9139b55e8c","messageTitle":"[#10264] Encrypt Feedback Response ID (#10283)","messageBody":"* Add encryption to API output\n\n* Add decryption to API endpoints\n\n* Update tests for encryption and decryption","fileTypesAndContributionMap":{"java":{"insertions":187,"deletions":102}}}]},{"date":"2020-07-10","commitResults":[{"hash":"560eb09e763c0b0523b238d1171b025c3564802a","messageTitle":"[#10019] Add secure flag to cookie in server response (#10292)","messageBody":"","fileTypesAndContributionMap":{"java":{"insertions":1,"deletions":2}}}]},{"date":"2020-07-11","commitResults":[{"hash":"a5f15f9f634d1b988b3f6f50a85959365da48b1b","messageTitle":"[#10264] Remove Student Google ID from Output (#10287)","messageBody":"* Remove googleId from StudentData output\r\n\r\n* Refactor frontend use of JoinState","fileTypesAndContributionMap":{"java":{"insertions":24,"deletions":24},"ts":{"insertions":2,"deletions":2}}}]},{"date":"2020-07-13","commitResults":[{"hash":"3f7f9bae060daa4c47e829400970d0ff9ac96cde","messageTitle":"[#9474] Change Email Validation to Enforce TLD (#10300)","messageBody":"* Change email validation to enforce TLD\r\n\r\n* Fix emails used in other tests","fileTypesAndContributionMap":{"java":{"insertions":15,"deletions":11}}}]},{"date":"2020-07-15","commitResults":[{"hash":"5deb81a13108950736b7484f938f1f989f962ce2","messageTitle":"[#9495] Add cancel button when editing an existing session (#10301)","messageBody":"* Adds \"Discard\" button to session edit\n\n* Removes unnecessary change.\n\n* Added warning modal and tooltip\n\n* Update package.json\n\n* Changes modal text to match others\n\n* Removes call to backend, instead stores session instructions locally on clicking \"Edit\"\n\n* fixes linting issues\n\n* Uses getSessionEditFormModel to update form\n\n* tslint ignores no null assertion for one line\n\n* Removed Map for FeedbackSession\n\n* Renamed variables and updated comments\n\n* Renamed cancel event and handler\n\n* renamed functions and variables\n\n* Change feedbackSessionModelBeforeEditing to model\n\n* Refactor edit model in subscription\n\nCo-authored-by: Xiao Pu \u003cxp.xiaopu@gmail.com\u003e\n\n* Implement deep copy of session model\n\nCo-authored-by: martinoamigo \u003cmartinoman98@gmail.com\u003e\nCo-authored-by: Xiao Pu \u003cxp.xiaopu@gmail.com\u003e","fileTypesAndContributionMap":{"html":{"insertions":17,"deletions":1},"ts":{"insertions":24,"deletions":0}}},{"hash":"8677046d5d91410ad4421ddb2423afbe665f29f1","messageTitle":"[#10264] Remove Instructor Google ID from Output (#10295)","messageBody":"* Remove instructor googleId from output\r\n\r\n* Change access control to appropriate permission","fileTypesAndContributionMap":{"java":{"insertions":34,"deletions":17},"html":{"insertions":1,"deletions":1},"ts":{"insertions":1,"deletions":1}}}]},{"date":"2020-07-17","commitResults":[{"hash":"dd9977ec150a49c93040004c4eb034a43fe0180a","messageTitle":"[#10264] Hide MCQ/MSQ/Rubric Question Weights from Students (#10320)","messageBody":"* Hide weights from students in FeedbackQuestionData\r\n\r\n* Update javadoc description\r\n\r\n* Hide other weights by setting to zero","fileTypesAndContributionMap":{"java":{"insertions":26,"deletions":0}}}]},{"date":"2020-07-18","commitResults":[{"hash":"966c11c879fc54027088daef427eeb345145c7dd","messageTitle":"[#9673] Fix feedback session names with \u0027+\u0027 encoding (#10313)","messageBody":"* add custom httpparameter encode and url encoder to accept plus sign\r\n\r\n* add test for custom url serializer\r\n\r\n* update method doc\r\n\r\n* update doc\r\n\r\n* Clean up docs\r\n\r\n* Refactor CustomEncoder to use HttpUrlEncodingCodec\r\n\r\n* Update method reference link\r\n\r\n* Enforce type parameters\r\n\r\nCo-authored-by: crizyli \u003cliyufei6666@gmail.com\u003e","fileTypesAndContributionMap":{"ts":{"insertions":77,"deletions":5}}},{"hash":"9ebb3b502d61f7d8a6b9cbad2c2e62f7e91e8bc3","messageTitle":"[#10264] Hide FeedbackSession and Course Data (#10328)","messageBody":"* Hide FeedbackSessionData information\r\n\r\n* Hide CourseData information for student\r\n\r\n* Clean up comments and refactor hide method","fileTypesAndContributionMap":{"java":{"insertions":58,"deletions":8}}}]},{"date":"2020-07-22","commitResults":[{"hash":"9ac03d880949f653c62f5754b139731f4cc41595","messageTitle":"[#9823] Fix feedback made on behalf of team showing as anonymous  (#10314)","messageBody":"* Fix isNameVisibleToUser()\r\n\r\n* Update test cases\r\n\r\n* Add legacy logic management and test case\r\n\r\n* Revert FeedbackSessionResultsTest.json and FeedbackSessionsLogicTest.java\r\n\r\n* Add comment\r\n\r\n* Add response logic test\r\n\r\n* Add test case description\r\n\r\nCo-authored-by: erjillsison \u003cerjillsison@gmail.com\u003e","fileTypesAndContributionMap":{"java":{"insertions":23,"deletions":1}}}]},{"date":"2020-07-24","commitResults":[{"hash":"bbcff7f61b5d1ba3541d9a35e310083f03c8a92e","messageTitle":"[#10343] Fix unnecessary bottom line for last response (#10392)","messageBody":"* Fix unnecessary bottom line for last response\r\n\r\n* Refactor for code quality\r\n\r\n* Fix typo in class name","fileTypesAndContributionMap":{"scss":{"insertions":4,"deletions":0},"html":{"insertions":4,"deletions":3},"ts":{"insertions":1,"deletions":0}}}]},{"date":"2020-07-25","commitResults":[{"hash":"08f14483c7c33a7798d5a0016df32b45db2e378d","messageTitle":"[#9764] Add instructors as respondents in remind modal (#10380)","messageBody":"* Refactor students to respondents in sessions-table module\r\n\r\n* Refactor students to respondents everywhere else\r\n\r\n* Add instructor table to sessions-table modals\r\n\r\n* Add logic to instructor-session-modal-page\r\n\r\n* Refactor for code quality and fix test description\r\n\r\n* Refactor FeedbackSessionStudentRemindRequest\r\n\r\n* Add an instructor to remind in tests","fileTypesAndContributionMap":{"java":{"insertions":22,"deletions":14},"scss":{"insertions":0,"deletions":0},"html":{"insertions":202,"deletions":129},"ts":{"insertions":485,"deletions":312}}},{"hash":"11c847d5fbc81818f7586158d33e3733755ea755","messageTitle":"[#10299] Fix Distribute Points (among recipients) Question Submission (#10396)","messageBody":"* Fix empty responses should count as zero\r\n\r\n* Remove check in constsum-recipients-question-edit-answer-form.component.ts","fileTypesAndContributionMap":{"ts":{"insertions":0,"deletions":5}}}]},{"date":"2020-07-29","commitResults":[{"hash":"1ff44d2b020b4d0d00c4db3af80825f05b1df3ce","messageTitle":"[#10470] Add v6 instructor join link support (#10472)","messageBody":"","fileTypesAndContributionMap":{"java":{"insertions":11,"deletions":3}}}]},{"date":"2020-07-30","commitResults":[{"hash":"e92d8d7c70fd1fb2e2ebf92649da92d62d90dec1","messageTitle":"[#10455] Add a redirect banner for users to switch versions (#10471)","messageBody":"* Add redirect-banner.component.ts\r\n\r\n* Change info message and fix lint\r\n\r\n* Add support email and change banner message\r\n\r\n* Update snapshot with config points set to null\r\n\r\n* Change comment description and support email assignment\r\n\r\n* Change supportEmail to be string\r\n\r\n* Change redirectUrl to be string","fileTypesAndContributionMap":{"scss":{"insertions":0,"deletions":0},"html":{"insertions":10,"deletions":0},"ts":{"insertions":74,"deletions":1}}},{"hash":"84fd1528713f4f9f365b4b96d8251050dd678bd3","messageTitle":"[#10441] [#10443] [#10444] Fix add instructor to course (#10497)","messageBody":"* Fix add instructor to course\r\n\r\n* Replace space with \u0026nbsp;\r\n\r\n* Set default value and update placeholder","fileTypesAndContributionMap":{"html":{"insertions":4,"deletions":2},"ts":{"insertions":1,"deletions":1}}}]},{"date":"2020-08-06","commitResults":[{"hash":"23e5d9558fbc39175452483685eef23da9809ad9","messageTitle":"[#10509] [#10524] [#10525] [#10535] Add loading indicators when fetching data (#10543)","messageBody":"* Add loading spinner to instructor-sessions-page.component (#10509)\r\n\r\n* Add loading spinner to session-submission-page.component (#10524, #10535)\r\n\r\n* Add loading spinner to instructor-session-edit-page (#10525)\r\n\r\n* Fix lint\r\n\r\n* Refactor hasLoaded to isLoading\r\n\r\n* Move isCopyingQuestion finalize callback\r\n\r\n* Explicitly set isFeedbackSessionQuestionResponsesLoading\r\n","fileTypesAndContributionMap":{"html":{"insertions":7,"deletions":6},"ts":{"insertions":92,"deletions":76}}}]},{"date":"2020-08-13","commitResults":[{"hash":"0e9b607b56b36edd634ff7ce176627e950d48886","messageTitle":"Fix redirect-banner.component dismiss button (#10571)","messageBody":"","fileTypesAndContributionMap":{"html":{"insertions":2,"deletions":2},"ts":{"insertions":2,"deletions":0}}}]},{"date":"2020-08-21","commitResults":[{"hash":"af7995bf3f1b15448e2aeab6ac56d10cdcb95cb3","messageTitle":"[#10397] Add frontend validation for feedback submission (#10398)","messageBody":"* Add skeleton for frontend validation\n\n* Implement frontend validation per question\n\n* Refactor constraints validity access\n\n* Refactor isValid to per response\n\n* Refactor control flow to use emitter\n\n* Use deep copy for recipientSubmissionForms","fileTypesAndContributionMap":{"html":{"insertions":13,"deletions":9},"ts":{"insertions":167,"deletions":47}}}]},{"date":"2020-08-23","commitResults":[{"hash":"21a7a05aaf8f602155b386069635e1db06df2301","messageTitle":"[#10626] Update docs post organisation review (#10628)","messageBody":"","fileTypesAndContributionMap":{"md":{"insertions":14,"deletions":12}}}]},{"date":"2020-08-24","commitResults":[{"hash":"c2ad78caff30e9823b59aef46b3fa711f09586cb","messageTitle":"[#10638] Add guard clause to recipient submission form model update #10639","messageBody":"","fileTypesAndContributionMap":{"ts":{"insertions":1,"deletions":0}}}]},{"date":"2020-09-01","commitResults":[{"hash":"5bbb0184f70b0d297f413bf22fa21bdfd9aea842","messageTitle":"Fix recipient set for instructor team question (#10666)","messageBody":"","fileTypesAndContributionMap":{"java":{"insertions":13,"deletions":1}}}]},{"date":"2020-09-07","commitResults":[{"hash":"eb31d080e4cfc1bb8970ab8d3f06a8a57eb77830","messageTitle":"[#10613] Reconfigure InstructorFeedbackSubmission access control (#10622)","messageBody":"* Refactor InstructorFeedbackSubmission access control\r\n\r\n* Revert unintended change","fileTypesAndContributionMap":{"java":{"insertions":20,"deletions":10}}},{"hash":"5eb457fc9fb599b9a7b675d5ff6f9b88399184f4","messageTitle":"[#10650] Add null check for getFeedbackSession in API actions (#10653)","messageBody":"* Add null check for getFeedbackSession in API actions\r\n\r\n* Refactor name of base method","fileTypesAndContributionMap":{"java":{"insertions":57,"deletions":49}}}]},{"date":"2020-09-26","commitResults":[{"hash":"8e2cccc8877222770d471b4d12d46de8718767be","messageTitle":"[#10726] Change banner message for end of v6 (#10729)","messageBody":"","fileTypesAndContributionMap":{"html":{"insertions":1,"deletions":1}}}]},{"date":"2020-10-11","commitResults":[{"hash":"018bec4838cecb0bb9926a72568647b70dbf77b0","messageTitle":"[#10544] Add feedback session copy to multiple courses (#10555)","messageBody":"* Implement feedback session copy to multiple courses\r\n\r\n* Bind input property to copyToCourseSet\r\n\r\n* Change copy session requests to use forkJoin\r\n\r\n* Add forkJoin error handling and update by model\r\n\r\n* Refactor copy session methods for modularity\r\n\r\n* Fix accidental regression\r\n\r\n* Refactor for code quality","fileTypesAndContributionMap":{"html":{"insertions":3,"deletions":3},"ts":{"insertions":160,"deletions":44}}},{"hash":"15c080d016ec8a20d87dab94e29f95b244215396","messageTitle":"[#10772] Update contributing guide for label changes (#10773)","messageBody":"","fileTypesAndContributionMap":{"md":{"insertions":3,"deletions":4}}}]},{"date":"2020-10-13","commitResults":[{"hash":"97ab098ff509fd3b48658aa2cddae2787fc9d6b1","messageTitle":"[#10780] Remove redirect-banner component (#10781)","messageBody":"","fileTypesAndContributionMap":{"scss":{"insertions":0,"deletions":0},"html":{"insertions":0,"deletions":10},"ts":{"insertions":1,"deletions":76}}}]},{"date":"2020-11-05","commitResults":[{"hash":"dda027eb5200cdf4fdf99d12374c27aa54f47a67","messageTitle":"[#10828] MCQ questions: submitted comments not shown (#10831)","messageBody":"* Refactor loop to use responses\r\n\r\n* Add test for comment retrieval","fileTypesAndContributionMap":{"java":{"insertions":59,"deletions":9}}}]},{"date":"2020-12-06","commitResults":[{"hash":"812c55626f0e35c2f8a895aa7512c028ed406a54","messageTitle":"[#10845] Fix observers cannot view session results (#10849)","messageBody":"","fileTypesAndContributionMap":{"java":{"insertions":16,"deletions":1}}}]},{"date":"2020-12-26","commitResults":[{"hash":"5733eac9e0f4e7962901c8e8fcb0a19425cc50fe","messageTitle":"[#10750] Add institute to footer for unregistered key (#10791)","messageBody":"* Add institute to StudentData in GetStudentAction\r\n\r\n* TODO commit\r\n\r\n* Populate institute for public pages\r\n\r\n* Refactor ternary operators","fileTypesAndContributionMap":{"java":{"insertions":8,"deletions":2},"ts":{"insertions":17,"deletions":3}}}]}],"daekoon":[{"date":"2020-03-29","commitResults":[{"hash":"44e08946ca0b1f3cbc91a1d8f2d758449dfda925","messageTitle":"[#9956] Make dataBundle return the json of actual objects created in backend (#9967)","messageBody":"* Make persistDataBundle return updated databundle\r\n\r\n* Add test for dataBundle updating its values\r\n\r\n* Make putDataBundle return updated json\r\n\r\n* Make LnP tests use updated data bundles\r\n\r\n* Add hashcode method for related attributes\r\n\r\n* Add hash and equal method for attributes\r\n\r\n* Update removeAndRestoreDataBundle to throw exception when request fails\r\n\r\n* Compress all updateXXX methods into a single generic method\r\n\r\n* Update BaseLnPTestCase to use FileHelper\r\n\r\n* Move custom equals class to EntityAttribute class\r\n\r\n* Add test for equals method\r\n\r\n* Change nullableObjectEquals to java\u0027s Objects.equal method\r\n\r\n* Add tests for xxxAttributes\u0027 hash code\r\n\r\nCo-authored-by: Wang Junming \u003c905760127@qq.com\u003e","fileTypesAndContributionMap":{"java":{"insertions":896,"deletions":58}}}]},{"date":"2020-04-03","commitResults":[{"hash":"0bc073e2f84edb1b7c9aa0e1925000246f973814","messageTitle":"[#9646] Add L\u0026P tests for backend endpoints (#9958)","messageBody":"* Add skeleton for Feedback Session load testing\r\n\r\n* Add method to generate feedback session\r\n\r\n* Add method to generate feedback questions\r\n\r\n* Complete feedback view lnp test\r\n\r\n* Change test to use login method\r\n\r\n* Fix lnp test for viewing feedback form not working properly\r\n\r\n* Add more HTTP request to simulate real case scenario better\r\n\r\n* Fix FeedbackSessionQuestion giving errors\r\n\r\n* Create new lnp test for submitting feedback session form\r\n\r\n* Attempt to fix regexMatcher\r\n\r\n* Fix lnp testing for Feedback session submit response\r\n\r\n* Remove debugging code and stray character\r\n\r\n* Disable standard output stream for lnp tests\r\n\r\n* Revert ordering of data bundle generation in lnp test\r\n\r\n* Add comments and documentation to explain new backdoor API\r\n\r\n* Update LnP tests to work with new BaseLNPTestCase\r\n\r\n* Update FeedbackSessionView LnP test to handle multiple questions per feedbackSession\r\n\r\n* Update FeedbackSessionSubmit LnP to support multiple questions, and remove dependency on backdoor","fileTypesAndContributionMap":{"java":{"insertions":532,"deletions":1}}}]},{"date":"2020-04-14","commitResults":[{"hash":"f7ce51f19738970c251abbd049ec789ffd6d4b3b","messageTitle":"[#10008] Deprecate getfeedbackquestionid method from Backdoor (#10009)","messageBody":"* Remove getFeedbackQuestionId method from Backdoor\r\n\r\n* Rename misleading variable\r\n\r\n* Modify LnP tests to not use getFeedbackQuestionId method","fileTypesAndContributionMap":{"java":{"insertions":12,"deletions":34}}}]},{"date":"2020-05-10","commitResults":[{"hash":"2918cc169ceb9f6d585c1cc6d645b9a6f2ea7593","messageTitle":"[#9651] Enhance Jmeter result population upon running test (#10022)","messageBody":"* add default version of jmetergenerator.properties for populating result analysis\r\n\r\n* update on generating result in the console\r\n\r\n* generate and delete from a statistics.json file\r\n\r\n* update table to take into account threshold\r\n\r\n* update method of populating result\r\n\r\n* fix styling and add java docs\r\n\r\n* add assert error when any tests fails\r\n\r\n* update ReportAnalysis location being generated\r\n\r\n* add @override method and refactor names\r\n\r\n* add an abstract method to handle filename\r\n\r\n* add a renaming function of the default statistics flle so that we can keep unique files\r\n\r\n* update result analysis and rename function\r\n\r\n* update naming conventions\r\n\r\n* update test cases to show in seconds and percentage instead\r\n\r\n* fix errors from solving merge conflict\r\n\r\n* update errorPct, naming conventions and remove testName\r\n\r\n* update exceptions caught\r\n\r\n* update displayLnpResults method to populate in gradlew\r\n\r\n* minor comment changes and set summariser to false\r\n\r\n* Update LnP test files to override limit methods\r\n\r\n* Add timeStamp to LnP test data files to prevent concurrency issues\r\n\r\n* Fix a bug which caused error messages to be displayed when the results were within limit\r\n\r\n* Update errorRateLimit and menRespTimeLimit to a more realistic value\r\n\r\n* Make LnP tests clean up previous results as specified\r\n\r\n* Abstract out specification and result verification logic to LNPSpecification\r\n\r\n* Add comment to LNPSpecification class regarding Builder pattern\r\n\r\nCo-authored-by: Jacob Li Peng Cheng \u003clipech@hotmail.com\u003e","fileTypesAndContributionMap":{"java":{"insertions":247,"deletions":12}}}]}]},"authorFileTypeContributionMap":{"ccyccyccy":{"java":154,"js":0,"scss":251,"md":0,"py":0,"tag":0,"html":1013,"ts":2218},"Parcly-Taxel":{"java":0,"js":0,"scss":0,"md":0,"py":0,"tag":0,"html":0,"ts":0},"niqiukun":{"java":186,"js":0,"scss":44,"md":0,"py":0,"tag":0,"html":113,"ts":532},"openorclose":{"java":0,"js":0,"scss":0,"md":0,"py":0,"tag":0,"html":0,"ts":0},"yash-chowdhary":{"java":0,"js":0,"scss":0,"md":0,"py":0,"tag":0,"html":0,"ts":0},"Tejas2805":{"java":0,"js":0,"scss":0,"md":0,"py":0,"tag":0,"html":0,"ts":0},"dvrylc":{"java":426,"js":0,"scss":0,"md":0,"py":0,"tag":0,"html":4,"ts":118},"j-lum":{"java":0,"js":0,"scss":0,"md":0,"py":0,"tag":0,"html":0,"ts":0},"iskandarzulkarnaien":{"java":0,"js":0,"scss":0,"md":0,"py":0,"tag":0,"html":0,"ts":0},"xantho09":{"java":0,"js":0,"scss":0,"md":0,"py":0,"tag":0,"html":0,"ts":0},"0blivious":{"java":0,"js":0,"scss":0,"md":0,"py":0,"tag":0,"html":0,"ts":0},"hcwong":{"java":244,"js":0,"scss":1,"md":0,"py":0,"tag":0,"html":6,"ts":836},"ang-zeyu":{"java":0,"js":0,"scss":0,"md":0,"py":0,"tag":0,"html":0,"ts":0},"geshuming":{"java":0,"js":0,"scss":0,"md":0,"py":0,"tag":0,"html":0,"ts":0},"alyip98":{"java":0,"js":0,"scss":0,"md":0,"py":0,"tag":0,"html":0,"ts":0},"nbriannl":{"java":0,"js":0,"scss":0,"md":0,"py":0,"tag":0,"html":0,"ts":0},"tiuweehan":{"java":69,"js":0,"scss":0,"md":0,"py":0,"tag":0,"html":0,"ts":1540},"madanalogy":{"java":1743,"js":0,"scss":11,"md":17,"py":0,"tag":0,"html":286,"ts":1710},"daekoon":{"java":1598,"js":0,"scss":0,"md":0,"py":0,"tag":0,"html":0,"ts":0}},"authorContributionVariance":{"ccyccyccy":27752.797,"Parcly-Taxel":0.0,"niqiukun":2639.0251,"openorclose":0.0,"yash-chowdhary":0.0,"Tejas2805":0.0,"dvrylc":1075.0255,"j-lum":0.0,"iskandarzulkarnaien":0.0,"xantho09":0.0,"0blivious":0.0,"hcwong":2784.9678,"ang-zeyu":0.0,"geshuming":0.0,"alyip98":0.0,"nbriannl":0.0,"tiuweehan":5987.531,"madanalogy":8663.714,"daekoon":3202.0508},"authorDisplayNameMap":{"ccyccyccy":"CHON..YUAN","Parcly-Taxel":"JERE..ERUI","niqiukun":"NI T..ZHEN","openorclose":"DARY.. TAN","yash-chowdhary":"YASH..HARY","Tejas2805":"TEJA..ANIA","dvrylc":"CHAN..ARYL","j-lum":"LUM ..FFRY","iskandarzulkarnaien":"ISKA..AINI","xantho09":"MUHA..INAL","0blivious":"LIU ..IWEN","hcwong":"JOSH..HIEN","ang-zeyu":"ANG ..E YU","geshuming":"GE S..MING","alyip98":"YIP ..YEUN","nbriannl":"LABA..RIDO","tiuweehan":"TIU .. HAN","madanalogy":"MUHA..JJAJ","daekoon":"LIM ..KOON"}}
