{"authorDailyContributionsMap":{"ccyccyccy":[],"Parcly-Taxel":[],"niqiukun":[],"openorclose":[],"yash-chowdhary":[],"Tejas2805":[],"dvrylc":[],"j-lum":[],"iskandarzulkarnaien":[],"xantho09":[],"0blivious":[],"hcwong":[],"ang-zeyu":[],"geshuming":[],"alyip98":[],"nbriannl":[],"madanalogy":[],"daekoon":[]},"authorFileTypeContributionMap":{"ccyccyccy":{"java":0,"js":0,"css":0,"adoc":0,"fxml":0},"Parcly-Taxel":{"java":0,"js":0,"css":0,"adoc":0,"fxml":0},"niqiukun":{"java":0,"js":0,"css":0,"adoc":0,"fxml":0},"openorclose":{"java":0,"js":0,"css":0,"adoc":0,"fxml":0},"yash-chowdhary":{"java":0,"js":0,"css":0,"adoc":0,"fxml":0},"Tejas2805":{"java":0,"js":0,"css":0,"adoc":0,"fxml":0},"dvrylc":{"java":0,"js":0,"css":0,"adoc":0,"fxml":0},"j-lum":{"java":0,"js":0,"css":0,"adoc":0,"fxml":0},"iskandarzulkarnaien":{"java":0,"js":0,"css":0,"adoc":0,"fxml":0},"xantho09":{"java":0,"js":0,"css":0,"adoc":0,"fxml":0},"0blivious":{"java":0,"js":0,"css":0,"adoc":0,"fxml":0},"hcwong":{"java":0,"js":0,"css":0,"adoc":0,"fxml":0},"ang-zeyu":{"java":0,"js":0,"css":0,"adoc":0,"fxml":0},"geshuming":{"java":0,"js":0,"css":0,"adoc":0,"fxml":0},"alyip98":{"java":0,"js":0,"css":0,"adoc":0,"fxml":0},"nbriannl":{"java":0,"js":0,"css":0,"adoc":0,"fxml":0},"madanalogy":{"java":0,"js":0,"css":0,"adoc":0,"fxml":0},"daekoon":{"java":0,"js":0,"css":0,"adoc":0,"fxml":0}},"authorContributionVariance":{"ccyccyccy":0.0,"Parcly-Taxel":0.0,"niqiukun":0.0,"openorclose":0.0,"yash-chowdhary":0.0,"Tejas2805":0.0,"dvrylc":0.0,"j-lum":0.0,"iskandarzulkarnaien":0.0,"xantho09":0.0,"0blivious":0.0,"hcwong":0.0,"ang-zeyu":0.0,"geshuming":0.0,"alyip98":0.0,"nbriannl":0.0,"madanalogy":0.0,"daekoon":0.0},"authorDisplayNameMap":{"ccyccyccy":"CHON..YUAN","Parcly-Taxel":"JERE..ERUI","niqiukun":"NI T..ZHEN","openorclose":"DARY.. TAN","yash-chowdhary":"YASH..HARY","Tejas2805":"TEJA..ANIA","dvrylc":"CHAN..ARYL","j-lum":"LUM ..FFRY","iskandarzulkarnaien":"ISKA..AINI","xantho09":"MUHA..INAL","0blivious":"LIU ..IWEN","hcwong":"JOSH..HIEN","ang-zeyu":"ANG ..E YU","geshuming":"GE S..MING","alyip98":"YIP ..YEUN","nbriannl":"LABA..RIDO","madanalogy":"MUHA..JJAJ","daekoon":"LIM ..KOON"}}
